time_ms,label,accX,accY,accZ,gyroX,gyroY,gyroZ,detected,status
2,Walking,0.3687,9.6367,2.138,-0.1063,0.1199,-0.0637,...,warmup
56,Walking,0.3376,9.4954,2.2793,-0.0786,0.0663,-0.0474,...,warmup
109,Walking,0.0575,9.505,2.2769,-0.0029,0.0093,-0.061,...,warmup
162,Walking,0.2059,9.5481,2.5187,-0.0605,0.0597,-0.0839,...,warmup
215,Walking,0.3998,9.6223,2.6288,-0.0778,0.0645,-0.0714,...,warmup
268,Walking,0.1963,9.2919,2.6839,-0.0365,0.0917,-0.0458,...,warmup
321,Walking,0.1915,9.2392,2.806,-0.0037,0.1372,-0.0304,...,warmup
374,Walking,0.1317,9.2249,2.9042,-0.0218,0.0821,-0.0437,...,warmup
427,Walking,-0.1173,9.3637,3.1987,-0.033,0.0749,-0.0376,...,warmup
480,Walking,0.0503,9.2368,3.4141,-0.025,0.0783,-0.02,...,warmup
533,Walking,0.0527,9.0046,3.4668,0.012,0.1087,0.0248,...,warmup
586,Walking,-0.0192,8.8992,3.5626,0.0629,0.117,0.0722,...,warmup
639,Walking,-0.0431,8.8681,3.3902,0.118,0.186,0.0855,...,warmup
692,Walking,-0.0431,8.7747,3.2825,0.2001,0.1977,0.1138,...,warmup
745,Walking,-0.2251,9.2009,3.3662,0.2441,0.2116,0.1114,...,warmup
798,Walking,-0.3112,10.0006,3.5171,0.2188,0.2838,0.1053,...,warmup
851,Walking,-0.0766,10.6542,3.213,0.1242,0.3445,0.1045,...,warmup
904,Walking,-0.2035,10.4339,3.541,0.0821,0.3496,0.0999,...,warmup
957,Walking,0.3687,11.3916,1.7119,-0.1812,0.651,0.1143,...,warmup
1010,Walking,-0.0168,10.5058,0.8954,-0.0405,0.2084,-0.0986,...,warmup
1063,Walking,1.7789,8.5497,-0.4453,-0.0442,0.6006,0.045,...,warmup
1116,Walking,0.9266,11.2025,1.2546,-0.1514,0.1367,0.0829,...,warmup
1169,Walking,0.589,9.7372,1.2043,0.028,-0.0067,0.0496,...,warmup
1222,Walking,1.2354,7.2425,1.664,-0.0099,0.0679,0.121,...,warmup
1275,Walking,1.2258,7.9607,1.6496,-0.1162,0.0544,0.1985,...,warmup
1328,Walking,1.2306,9.2895,1.4605,0.0131,-0.2689,0.0405,...,warmup
1381,Walking,1.0534,9.7396,2.6264,0.1514,-0.3808,-0.0829,...,warmup
1434,Walking,1.2306,9.0309,2.9808,0.0719,-0.3669,-0.1356,...,warmup
1487,Walking,0.9313,8.4898,3.0215,0.0858,-0.429,-0.1172,...,warmup
1540,Walking,0.5291,9.2799,3.3136,0.146,-0.5063,-0.2305,...,warmup
1593,Walking,1.1492,11.2791,3.6703,-0.004,-0.2819,-0.2758,...,warmup
1646,Walking,0.9337,13.9103,3.2274,-0.0786,-0.5462,-0.3688,...,warmup
1699,Walking,0.1556,11.6262,-2.6791,0.4354,0.1266,0.7333,...,warmup
1752,Walking,0.7422,10.9726,-3.0071,0.3531,-0.1663,0.4133,...,warmup
1805,Walking,0.7685,10.2472,-1.561,-0.6845,-0.4751,0.0091,...,warmup
1858,Walking,2.15,8.6119,1.6783,0.097,-0.5438,0.2513,...,warmup
1911,Walking,1.3862,7.7093,-1.1564,-0.227,0.3096,-0.0698,...,warmup
1964,Walking,-0.826,7.3239,0.7925,-0.3427,0.1196,0.0171,...,warmup
2017,Walking,0.2083,8.6598,0.4118,0.0218,-0.3861,0.2601,...,warmup
2070,Walking,1.0726,8.8394,1.5203,-0.2326,0.3184,0.0064,Walking,correct
2123,Walking,0.9625,8.5784,2.8419,-0.2313,0.1695,0.0842,Walking,correct
2176,Walking,0.9242,9.2416,2.3559,-0.2249,0.3115,0.2451,Walking,correct
2229,Walking,0.1796,11.0421,3.2657,-0.1372,0.4876,0.1639,Walking,correct
2282,Walking,0.4717,10.0341,3.7326,-0.2134,0.4644,0.0426,Walking,correct
2335,Walking,3.9552,13.9295,0.4429,-0.785,1.1802,0.2491,Walking,correct
2388,Walking,1.9297,11.6334,0.5842,0.4706,-0.1404,0.0312,Walking,correct
2441,Walking,3.5961,9.4834,-0.3998,0.2172,-0.0687,-0.0586,Walking,correct
2494,Walking,2.4684,10.8936,0.9194,-0.2912,0.3533,-0.081,Walking,correct
2547,Walking,2.0231,9.3039,1.2258,-0.1092,0.4042,-0.0306,Walking,correct
2600,Walking,1.992,7.0222,1.8292,-0.137,-0.3565,-0.1188,Walking,correct
2653,Walking,2.5474,6.6607,1.482,-0.13,0.0381,-0.0722,Walking,correct
2706,Walking,2.4038,7.8099,2.9042,-0.0767,-0.0397,0.0813,Walking,correct
2759,Walking,2.0303,8.4755,2.1955,-0.3403,0.3365,-0.1087,Walking,correct
2812,Walking,0.9768,9.2943,3.8188,0.2217,-0.2137,-0.1591,Walking,correct
2865,Walking,1.9752,10.1514,3.735,0.3738,-0.2992,-0.2377,Walking,correct
2918,Walking,2.6552,9.2775,3.9792,0.0616,0.0482,-0.0861,Walking,correct
2971,Walking,1.4509,12.0883,4.039,-0.3158,-0.3144,-0.1767,Walking,correct
3024,Walking,2.1093,11.9758,-0.9074,0.2761,0.1988,0.138,Walking,correct
3077,Walking,1.4557,10.7188,-2.1835,0.0498,-0.0045,0.1833,Walking,correct
3130,Walking,0.7614,11.6598,-0.1939,-0.1681,-0.0895,-0.0445,Walking,correct
3183,Walking,2.7869,9.5624,0.6632,0.1162,-0.4831,0.2483,Walking,correct
3236,Walking,2.2434,7.3526,0.929,-0.0618,0.0951,-0.0954,Walking,correct
3289,Walking,0.2682,6.6415,0.4525,-0.0389,0.3579,-0.0797,Walking,correct
3342,Walking,0.8068,7.9847,0.5746,-0.1463,0.2611,0.1604,Walking,correct
3395,Walking,0.8332,8.3869,1.8794,-0.1612,0.3112,-0.0298,Walking,correct
3448,Walking,0.5124,8.9304,2.8778,-0.0067,0.1655,0.0384,Walking,correct
3501,Walking,1.2905,9.5888,2.49,-0.2654,0.2449,0.097,Walking,correct
3554,Walking,0.8882,10.671,3.3662,0.0301,0.1471,0.2393,Walking,correct
3607,Walking,1.075,10.7619,4.0989,0.0389,0.2473,0.2116,Walking,correct
3660,Walking,3.6751,11.8968,2.794,-0.757,0.4988,0.1207,Walking,correct
3713,Walking,2.2625,11.9064,0.7159,0.1066,0.1895,0.1354,Walking,correct
3766,Walking,3.7373,10.4483,-1.1468,0.8258,-0.1804,-0.1002,Walking,correct
3819,Walking,3.6655,9.4882,0.9433,-0.1354,0.0533,-0.125,Walking,correct
3872,Walking,2.1213,9.8521,1.1301,0.0128,0.251,-0.057,Walking,correct
3925,Walking,1.8364,6.9216,1.1013,-0.2499,0.587,-0.1711,Walking,correct
3978,Walking,2.0566,6.0885,1.4772,-0.0019,-0.2729,-0.0504,Walking,correct
4031,Walking,2.7797,8.5808,1.3527,0.0405,-0.0893,-0.0821,Walking,correct
4084,Walking,2.1093,9.6007,2.4732,0.0389,0.1407,-0.1106,Walking,correct
4137,Walking,2.1715,8.8538,3.4213,-0.138,0.219,-0.1298,Walking,correct
4190,Walking,2.2649,8.9615,3.4907,-0.0544,-0.1077,-0.1394,Walking,correct
4243,Walking,2.2984,10.0724,3.067,0.0943,0.0277,-0.0877,Walking,correct
4296,Walking,1.3743,10.4555,4.221,0.0682,0.13,-0.0714,Walking,correct
4349,Walking,1.6759,13.9295,2.2793,-0.1362,-0.5353,-0.4394,Walking,correct
4402,Walking,2.1189,10.9654,-1.6568,0.2228,0.4687,0.1354,Walking,correct
4455,Walking,2.0399,10.4507,-1.8172,-0.0408,-0.2904,0.0685,Walking,correct
4508,Walking,-0.0575,10.7476,-0.0958,0.0402,-0.2209,0.0845,Walking,correct
4561,Walking,3.1196,8.928,0.8499,-0.0205,-0.2918,0.1716,Walking,correct
4614,Walking,1.6735,7.3263,0.51,-0.1194,0.2451,-0.1431,Walking,correct
4667,Walking,0.1772,7.7452,0.5746,-0.1793,0.0901,0.166,Walking,correct
4720,Walking,1.1085,8.9759,1.0056,-0.1188,0.0592,0.1471,Walking,correct
4773,Walking,0.7494,8.7388,1.8866,-0.0514,0.1479,-0.0434,Walking,correct
4826,Walking,0.8835,8.7939,2.3607,-0.0448,-0.0709,0.0562,Walking,correct
4879,Walking,1.5131,9.3158,2.411,-0.1647,0.1252,0.1431,Walking,correct
4932,Walking,0.9337,10.7069,2.8515,-0.0394,0.2305,0.2017,Walking,correct
4985,Walking,1.1133,10.4794,3.6368,-0.1236,0.3312,0.1956,Walking,correct
5038,Walking,4.142,12.2009,0.9218,-0.6347,0.3949,0.2249,Walking,correct
5091,Walking,2.4397,10.4076,0.8499,0.1799,0.1937,0.0898,Walking,correct
5144,Walking,4.2904,10.1825,-0.4262,0.4682,-0.0594,-0.0578,Walking,correct
5197,Walking,3.5338,10.1011,1.5634,-0.1681,0.2241,-0.0946,Walking,correct
5250,Walking,2.2505,10.5417,0.7087,0.2094,0.3184,0.037,Walking,correct
5303,Walking,2.3248,7.3143,1.3048,-0.1567,0.2753,0.0373,Walking,correct
5356,Walking,2.4253,6.0262,1.2857,0.0666,-0.0197,-0.114,Walking,correct
5409,Walking,2.6264,8.667,1.8794,-0.0458,-0.1796,-0.0941,Walking,correct
5462,Walking,2.8802,9.5481,2.0877,0.0152,-0.0115,-0.0104,Walking,correct
5515,Walking,2.2362,8.5234,3.1436,0.0133,-0.0272,-0.1348,Walking,correct
5568,Walking,2.3224,9.1387,2.8228,0.1002,-0.2825,-0.1729,Walking,correct
5621,Walking,2.466,10.319,2.8252,0.0685,-0.0448,-0.1436,Walking,correct
5674,Walking,1.6951,10.1418,3.7182,-0.0869,0.0434,-0.142,Walking,correct
5727,Walking,2.7533,14.1066,1.9441,-0.6512,-0.8114,-0.4317,Walking,correct
5780,Walking,3.3423,10.6422,-0.9361,0.1735,0.6427,-0.0168,Walking,correct
5833,Walking,1.9225,8.6646,-1.7238,-0.2094,-0.3645,-0.0386,Walking,correct
5886,Walking,0.2753,10.6973,-0.0287,-0.016,-0.0181,0.0738,Walking,correct
5939,Walking,3.3662,9.402,1.2546,0.0221,-0.5782,0.2902,Walking,correct
5992,Walking,2.3607,6.7229,0.9577,-0.0426,0.4229,-0.1452,Walking,correct
6045,Walking,0.9194,7.3789,0.7733,-0.0245,0.2198,0.1138,Walking,correct
6098,Walking,1.5155,9.6271,1.3024,-0.1516,0.1705,0.2998,Walking,correct
6151,Walking,1.0726,9.4284,2.2482,0.0005,0.3781,-0.0077,Walking,correct
6204,Walking,0.7733,8.4707,2.6791,-0.0586,0.0059,-0.105,Walking,correct
6257,Walking,2.1093,8.4348,2.2529,-0.1346,0.0208,0.0485,Walking,correct
6310,Walking,1.9034,9.8952,2.8204,-0.1735,0.5782,0.1444,Walking,correct
6363,Walking,1.494,10.5536,3.5698,-0.1244,0.728,0.1239,Walking,correct
6416,Walking,4.707,13.8505,0.814,-0.9345,1.3755,-0.0048,Walking,correct
6469,Walking,1.3264,11.0923,2.5115,0.5028,-0.5097,-0.1841,Walking,correct
6522,Walking,4.0007,8.9974,-1.1109,0.214,0.3088,-0.2108,Walking,correct
6575,Walking,2.9664,10.4507,2.7677,-0.2883,0.6035,-0.037,Walking,correct
6628,Walking,2.0662,9.8138,0.51,0.0072,0.5777,-0.2214,Walking,correct
6681,Walking,1.913,7.6495,2.0039,-0.3738,0.0173,-0.0855,Walking,correct
6734,Walking,2.3679,7.5681,1.4078,-0.1234,-0.1247,0.0613,Walking,correct
6787,Walking,2.1691,7.9966,2.4277,-0.1308,-0.3517,-0.0288,Walking,correct
6840,Walking,2.9018,8.8202,2.6959,-0.1519,-0.1663,-0.1348,Walking,correct
6893,Walking,2.1237,8.9423,4.0965,-0.089,-0.2902,-0.203,Walking,correct
6946,Walking,1.8028,9.0908,3.1508,-0.1953,-0.2398,-0.2974,Walking,correct
6999,Walking,1.8771,9.2847,3.304,-0.0538,-0.465,-0.2006,Walking,correct
7052,Walking,2.9401,13.2351,3.4836,-0.5236,-0.4159,-0.4197,Walking,correct
7105,Walking,1.9249,9.833,1.5706,0.218,-0.0845,-0.093,Walking,correct
7158,Walking,1.1468,9.6845,0.0503,-0.0461,-0.7554,-0.1111,Walking,correct
7211,Walking,0.7877,10.2424,0.4046,-0.028,-0.2483,0.1231,Walking,correct
7264,Walking,2.988,9.6031,0.7925,-0.0469,-0.4706,0.1007,Walking,correct
7317,Walking,1.3288,9.6845,1.2953,-0.06,0.0991,-0.1828,Walking,correct
7370,Walking,0.3089,9.3733,0.4453,0.1114,-0.3118,0.0272,Walking,correct
7423,Walking,1.4868,9.3446,1.0487,-0.2089,0.0069,-0.0306,Walking,correct
7476,Walking,1.6496,9.4906,1.3455,-0.202,-0.0687,-0.0314,Walking,correct
7529,Walking,2.2601,10.094,1.008,-0.2774,0.2164,-0.0301,Walking,correct
7582,Walking,1.4581,9.2967,1.9585,-0.0368,-0.3254,0.0099,Walking,correct
7635,Walking,2.1213,9.1674,1.5538,-0.1378,0.1087,0.0045,Walking,correct
7688,Walking,1.4844,9.8545,2.2649,-0.1825,-0.0256,-0.0277,Walking,correct
7741,Walking,1.7286,9.6893,1.9225,-0.0544,0.0157,-0.0754,Walking,correct
7794,Walking,1.798,9.4044,2.0351,0.0107,-0.1412,-0.0469,Walking,correct
7847,Walking,2.1883,9.4499,1.9848,-0.0101,0.0163,-0.0477,Walking,correct
7900,Walking,1.6137,9.3015,1.9824,-0.0075,0.0562,-0.0653,Walking,correct
7953,Walking,1.6376,9.5912,2.15,-0.0179,0.0373,-0.0602,Up-stairs,incorrect
2,Walking,1.7238,9.584,2.5019,-0.0346,0.008,-0.0314,...,warmup
56,Walking,1.7837,9.4403,2.5091,0.024,-0.0237,-0.0274,...,warmup
109,Walking,1.6113,9.3182,2.5809,0.0485,-0.0176,-0.0258,...,warmup
162,Walking,1.4988,9.4116,2.7126,0.0826,0.0594,-0.049,...,warmup
215,Walking,1.5658,9.3613,2.8539,-0.0005,0.1186,-0.0661,...,warmup
268,Walking,1.4988,9.3948,2.806,-0.0037,0.1095,-0.0301,...,warmup
321,Walking,1.2617,9.0908,2.7557,0.1268,0.0061,-0.0208,...,warmup
374,Walking,1.415,9.2273,3.0694,0.053,0.0253,-0.0195,...,warmup
427,Walking,1.3168,9.074,3.1484,0.0051,0.048,-0.0189,...,warmup
480,Walking,1.233,8.9974,3.3639,0.0226,-0.0096,-0.0008,...,warmup
533,Walking,1.4916,8.8801,3.2274,0.0751,-0.044,0.0322,...,warmup
586,Walking,1.4629,8.8155,3.5458,0.0085,-0.0056,0.0584,...,warmup
639,Walking,1.4269,9.4164,3.3686,0.0144,0.0725,0.0663,...,warmup
692,Walking,1.3455,9.6798,3.6847,0.126,0.118,0.0365,...,warmup
745,Walking,1.2474,10.6063,3.4261,0.2169,0.0893,-0.0578,...,warmup
798,Walking,2.1428,12.2344,2.6432,0.0482,0.4485,-0.0845,...,warmup
851,Walking,1.3264,12.2775,1.7597,0.0008,0.0789,-0.2185,...,warmup
904,Walking,2.0877,10.2352,-0.1341,0.311,0.0608,-0.1311,...,warmup
957,Walking,3.0454,6.9192,-0.6345,0.0997,0.2918,0.1178,...,warmup
1010,Walking,3.4333,8.7508,-0.0239,-0.2348,0.7099,-0.0195,...,warmup
1063,Walking,0.9529,11.3054,1.3288,-0.1204,0.2747,-0.1162,...,warmup
1116,Walking,1.913,8.9711,1.142,-0.0997,0.0941,-0.0871,...,warmup
1169,Walking,1.3767,7.7428,2.1931,-0.1463,0.0496,0.0967,...,warmup
1222,Walking,2.2505,8.102,1.8196,-0.0941,-0.239,0.0834,...,warmup
1275,Walking,1.889,9.0094,2.6647,-0.1364,-0.1524,-0.1031,...,warmup
1328,Walking,1.7933,8.4587,2.66,-0.1122,-0.0791,-0.126,...,warmup
1381,Walking,1.6089,8.418,3.0574,-0.0376,-0.0679,-0.0099,...,warmup
1434,Walking,1.6712,9.1626,3.735,0.0602,-0.1346,-0.0131,...,warmup
1487,Walking,2.3296,10.2017,4.2377,0.1085,-0.0565,-0.0829,...,warmup
1540,Walking,2.6647,10.8769,3.9289,0.0333,0.2657,-0.0296,...,warmup
1593,Walking,2.4876,13.9175,3.3639,-0.2308,0.3512,0.0085,...,warmup
1646,Walking,2.7054,11.3533,0.1413,0.364,0.3054,0.2763,...,warmup
1699,Walking,2.0686,7.9727,-1.6472,0.3882,0.0722,0.3627,...,warmup
1752,Walking,1.2761,10.4579,-0.8164,-0.064,-0.0818,0.134,...,warmup
1805,Walking,2.9161,10.5393,0.6105,-0.1625,-0.1935,0.1474,...,warmup
1858,Walking,2.3056,8.0924,1.2186,-0.0045,0.5431,-0.1641,...,warmup
1911,Walking,0.1269,7.1994,1.1349,-0.0117,-0.0632,-0.0349,...,warmup
1964,Walking,0.182,7.5106,0.395,-0.0261,-0.3296,0.2132,...,warmup
2017,Walking,1.6688,8.746,2.2338,0.0008,-0.4154,-0.0882,...,warmup
2070,Walking,1.3551,9.1482,1.743,-0.0573,-0.2502,-0.0962,Walking,correct
2123,Walking,1.2761,9.9599,2.1931,-0.2627,-0.1143,-0.0469,Walking,correct
2176,Walking,1.3982,11.4299,3.1244,-0.267,0.0232,-0.0242,Walking,correct
2229,Walking,3.1891,11.6262,3.3926,-0.275,-0.0538,0.0869,Walking,correct
2282,Walking,2.7174,11.5329,0.4238,-0.0975,0.4618,0.0101,Walking,correct
2335,Walking,3.0143,9.3254,-0.261,0.8676,-0.3818,0.0949,Walking,correct
2388,Walking,5.193,8.8873,-1.0463,-0.134,0.4162,0.1631,Walking,correct
2441,Walking,2.059,10.7643,1.0223,-0.0506,0.8524,-0.1359,Walking,correct
2494,Walking,2.9137,9.019,0.0455,0.041,0.3749,0.0352,Walking,correct
2547,Walking,2.6528,7.3287,1.7645,-0.0304,0.109,0.0418,Walking,correct
2600,Walking,2.4181,7.0461,1.1468,0.1108,-0.0226,0.06,Walking,correct
2653,Walking,2.2458,6.9599,1.7645,-0.0621,0.0869,0.0037,Walking,correct
2706,Walking,2.1404,7.9511,3.292,-0.1234,-0.0634,-0.041,Walking,correct
2759,Walking,3.213,10.4842,2.8156,-0.1098,-0.255,-0.1018,Walking,correct
2812,Walking,3.1747,11.4084,4.4532,-0.1545,-0.0674,-0.1172,Walking,correct
2865,Walking,3.8331,13.9079,2.1021,-0.8138,0.2627,-0.4943,Walking,correct
2918,Walking,2.4469,10.5632,-1.3312,0.1615,0.3027,0.0925,Walking,correct
2971,Walking,0.5124,10.7955,-2.4565,0.0874,-0.7621,-0.1186,Walking,correct
3024,Walking,2.375,10.1921,0.929,-0.0829,-0.3576,0.1721,Walking,correct
3077,Walking,4.2952,8.1786,1.2378,-0.0655,-0.3184,0.1679,Walking,correct
3130,Walking,1.8028,6.9959,0.6321,-0.2193,0.7349,-0.2459,Walking,correct
3183,Walking,-0.7278,7.0318,0.9912,-0.0831,-0.0959,0.0197,Walking,correct
3236,Walking,1.4174,7.5298,1.3599,0.0458,-0.2811,0.1519,Walking,correct
3289,Walking,1.7478,8.5138,2.6145,-0.3427,0.0123,-0.0909,Walking,correct
3342,Walking,1.9824,9.9144,2.8395,-0.3648,0.2561,0.0242,Walking,correct
3395,Walking,1.3024,11.2025,3.9456,-0.3424,0.4072,-0.0003,Walking,correct
3448,Walking,4.5586,13.9797,2.7509,-0.5388,0.7131,0.0818,Walking,correct
3501,Walking,3.0095,11.7867,2.1261,0.214,-0.1977,0.0181,Walking,correct
3554,Walking,4.5131,8.8226,-0.4238,0.06,0.5532,0.0453,Walking,correct
3607,Walking,3.1268,9.5337,2.2865,-0.0648,0.4093,0.0035,Walking,correct
3660,Walking,1.9609,9.4643,0.7757,0.4149,0.3288,-0.0687,Walking,correct
3713,Walking,2.9161,6.8977,1.6568,0.1007,0.2627,0.0512,Walking,correct
3766,Walking,2.7509,6.9025,1.8411,0.1863,0.0488,0.0488,Walking,correct
3819,Walking,2.5426,7.829,1.81,0.15,-0.0746,-0.0581,Walking,correct
3872,Walking,2.399,8.5736,2.5833,0.0256,-0.0959,-0.1354,Walking,correct
3925,Walking,2.3535,9.3015,3.4979,0.1156,-0.4098,-0.1362,Walking,correct
3978,Walking,3.0191,10.1801,3.474,0.0549,-0.2406,-0.1889,Walking,correct
4031,Walking,2.4995,11.473,3.8044,-0.2646,0.0181,-0.2593,Walking,correct
4084,Walking,3.055,10.8266,-0.929,0.2507,0.0056,-0.2435,Walking,correct
4137,Walking,1.2665,11.1642,-2.2434,0.0997,-0.4314,-0.1159,Walking,correct
4190,Walking,0.9481,10.8242,-0.7278,-0.1929,-0.5431,-0.0602,Walking,correct
4243,Walking,4.3383,10.137,0.747,-0.0616,-0.627,0.2094,Walking,correct
4296,Walking,3.0095,8.6407,1.0175,-0.0799,0.3206,-0.0618,Walking,correct
4349,Walking,0.1532,7.7812,0.6991,-0.0482,0.1719,-0.1218,Walking,correct
4402,Walking,0.3783,7.3406,0.4286,0.0448,-0.1956,0.186,Walking,correct
4455,Walking,1.822,8.1163,1.7023,-0.0917,0.056,-0.0203,Walking,correct
4508,Walking,1.6712,8.9663,2.6839,-0.1308,0.1124,0.0344,Walking,correct
4561,Walking,1.64,9.3254,2.332,-0.1553,0.4668,0.029,Walking,correct
4614,Walking,1.0056,10.6805,3.0861,-0.0368,0.1593,0.0125,Walking,correct
4667,Walking,1.4293,11.1618,4.0773,-0.2481,0.3768,-0.0163,Walking,correct
4720,Walking,4.4676,13.4698,0.0287,-0.4599,1.2705,0.1154,Walking,correct
4773,Walking,1.6712,10.5728,1.3192,0.3515,0.0933,-0.0008,Walking,correct
4826,Walking,4.1779,8.6646,-0.7254,-0.0144,0.2753,0.194,Walking,correct
4879,Walking,1.9656,10.1897,1.8148,-0.129,0.7466,-0.0919,Walking,correct
4932,Walking,2.7701,8.77,1.1253,-0.0309,0.3376,0.0165,Walking,correct
4985,Walking,2.1548,7.2616,2.1093,-0.1471,0.1418,0.0211,Walking,correct
5038,Walking,2.1524,7.5369,2.0782,0.1359,-0.0909,0.125,Walking,correct
5091,Walking,2.6887,8.1882,2.6743,-0.1876,-0.012,0.0328,Walking,correct
5144,Walking,1.9297,7.853,3.3016,-0.2633,0.1053,-0.1929,Walking,correct
5197,Walking,1.6975,9.5217,3.1292,0.1231,-0.4261,-0.2321,Walking,correct
5250,Walking,2.4181,10.987,4.1946,-0.0029,-0.3235,-0.2779,Walking,correct
5303,Walking,2.6025,12.3469,3.565,-0.2156,0.0282,-0.575,Walking,correct
5356,Walking,1.901,11.4395,0.9697,0.1418,0.1332,-0.3344,Walking,correct
5409,Walking,1.0439,9.7923,-1.8076,-0.122,-0.7306,-0.2899,Walking,correct
5462,Walking,0.4022,11.0636,0.2059,0.2518,-0.926,0.029,Walking,correct
5515,Walking,4.209,9.0429,1.4126,-0.0999,-0.482,0.2718,Walking,correct
5568,Walking,1.8028,7.367,1.6089,-0.0056,0.226,-0.0506,Walking,correct
5621,Walking,-0.723,6.5577,0.8811,-0.0754,-0.114,-0.0139,Walking,correct
5674,Walking,0.7159,8.0565,1.3096,0.0181,-0.0983,0.2385,Walking,correct
5727,Walking,1.3838,8.7508,2.6169,-0.0695,0.0767,-0.0229,Walking,correct
5780,Walking,1.6688,9.2847,2.3152,-0.2206,0.4956,0.0533,Walking,correct
5833,Walking,0.8954,10.386,2.4612,-0.3128,0.8231,0.1178,Walking,correct
5886,Walking,2.9904,14.2838,3.2178,-0.6142,0.7938,0.0266,Walking,correct
5939,Walking,2.7174,11.8992,1.5012,-0.0357,-0.0658,0.0301,Walking,correct
5992,Walking,4.4915,8.5162,0.4262,0.1327,0.502,0.4602,Walking,correct
6045,Walking,3.2657,9.6606,1.7645,-0.1426,0.9334,0.0029,Walking,correct
6098,Walking,0.3591,10.2544,1.0104,0.6664,0.3072,-0.1045,Walking,correct
6151,Walking,2.4588,7.1323,1.5036,0.1996,0.1948,0.0464,Walking,correct
6204,Walking,3.1651,6.7828,2.1524,0.0629,0.1087,0.0304,Walking,correct
6257,Walking,2.6863,8.0876,1.9249,-0.0474,0.2417,-0.025,Walking,correct
6310,Walking,2.2745,8.9735,2.4876,-0.2001,0.332,-0.1708,Walking,correct
6363,Walking,2.2984,9.0477,2.8204,-0.1207,0.0075,-0.1919,Walking,correct
6416,Walking,2.7653,10.2232,3.067,-0.0765,-0.1745,-0.1705,Walking,correct
6469,Walking,2.0758,12.074,3.5171,-0.2483,0.133,-0.4565,Walking,correct
6522,Walking,2.2793,12.1314,0.9649,0.1335,-0.1074,-0.2785,Walking,correct
6575,Walking,2.3391,8.8346,0.589,0.2934,-0.0392,0.0722,Walking,correct
6628,Walking,1.0918,9.6151,-0.3376,0.1492,0.2659,0.0629,Walking,correct
6681,Walking,2.2865,10.0916,0.261,0.1945,0.4772,0.2507,Walking,correct
6734,Walking,1.8771,8.916,0.7829,0.2014,0.8687,0.0461,Walking,correct
6787,Walking,0.328,9.1123,0.4908,0.1021,0.7354,0.0949,Walking,correct
6840,Walking,0.8045,9.3541,-0.0527,0.0538,0.6795,0.4274,Walking,correct
6893,Walking,1.3886,9.5984,0.8859,0.0312,0.83,0.2787,Walking,correct
6946,Walking,1.6999,9.4858,0.182,-0.1311,0.8996,0.3094,Walking,correct
6999,Walking,1.1301,9.5624,1.1205,-0.3499,1.1103,0.3163,Walking,correct
7052,Walking,1.7454,10.671,1.4605,-0.3072,1.1647,0.2425,Walking,correct
7105,Walking,2.7198,9.9335,2.0542,-0.1879,1.0288,0.1535,Walking,correct
7158,Walking,2.6217,8.6598,1.5897,-0.141,0.9995,0.121,Walking,correct
7211,Walking,2.5809,9.1554,1.7334,-0.1887,0.9958,0.2356,Walking,correct
7264,Walking,2.411,9.7085,2.3846,-0.0552,0.923,0.1242,Walking,correct
7317,Walking,2.6264,9.5457,2.5762,0.0493,0.8372,0.0901,Walking,correct
7370,Walking,2.6911,9.4092,2.8371,-0.1071,0.7943,0.1612,Walking,correct
7423,Walking,2.4349,9.505,2.6049,-0.0554,0.8223,0.1356,Up-stairs,incorrect
7476,Walking,2.2697,8.983,2.636,0.0051,0.5095,0.1506,Walking,correct
7529,Walking,2.5498,9.1602,2.7054,-0.0496,0.4794,0.1596,Up-stairs,incorrect
7582,Walking,2.7581,9.2416,2.727,-0.1037,0.5132,0.1756,Up-stairs,incorrect
7635,Walking,2.3296,9.0668,2.8539,-0.0983,0.5255,0.1724,Up-stairs,incorrect
7688,Walking,2.0279,9.3972,2.8299,0.0181,0.3992,0.1689,Up-stairs,incorrect
2,Walking,1.4126,9.268,2.8108,0.1556,0.2116,-0.0048,...,warmup
56,Walking,1.391,9.0214,2.6815,0.2116,0.2971,-0.0285,...,warmup
109,Walking,1.6855,9.1626,2.8563,0.2238,0.2649,-0.0328,...,warmup
162,Walking,1.2905,8.8346,2.8204,0.2164,0.2867,-0.0232,...,warmup
215,Walking,1.3072,8.9519,2.6288,0.2638,0.2798,0.0373,...,warmup
268,Walking,1.4126,9.1219,2.9832,0.3019,0.3086,0.0786,...,warmup
321,Walking,1.9106,9.6438,2.7438,0.1556,0.3501,0.0989,...,warmup
374,Walking,1.5874,10.2783,2.569,0.303,0.1982,0.0568,...,warmup
427,Walking,1.3958,10.6446,2.8898,0.1466,0.319,-0.0131,...,warmup
480,Walking,1.9632,12.2966,1.992,-0.1034,0.3909,-0.1319,...,warmup
533,Walking,0.6776,11.7436,1.901,0.0195,-0.3344,-0.1711,...,warmup
586,Walking,2.2218,9.7181,0.1125,-0.0773,0.2611,-0.0208,...,warmup
639,Walking,3.0119,7.3598,-0.1604,0.028,0.2667,0.1503,...,warmup
692,Walking,2.7988,8.691,0.2825,-0.4112,0.4074,-0.0147,...,warmup
745,Walking,1.6161,10.6279,0.9768,-0.1516,-0.0887,-0.0629,...,warmup
798,Walking,2.5642,8.6742,1.7095,0.0179,-0.0224,0.04,...,warmup
851,Walking,2.0782,7.5034,2.0925,-0.0975,-0.0266,0.1463,...,warmup
904,Walking,2.2529,8.5066,1.8148,-0.029,-0.1122,0.1162,...,warmup
957,Walking,2.6264,9.1794,2.6432,-0.1276,-0.0866,-0.0053,...,warmup
1010,Walking,2.2817,9.2488,2.8539,0.0053,-0.2406,-0.0959,...,warmup
1063,Walking,2.5115,9.1219,2.5379,0.0053,-0.1812,-0.0616,...,warmup
1116,Walking,2.1404,10.0461,3.2058,0.0045,-0.3048,-0.1292,...,warmup
1169,Walking,1.9848,11.8489,3.1173,-0.311,-0.0887,-0.4525,...,warmup
1222,Walking,2.8443,11.6119,0.656,0.0293,0.0333,-0.3104,...,warmup
1275,Walking,2.0039,9.4954,-1.3719,-0.1977,-0.469,-0.2577,...,warmup
1328,Walking,0.0455,10.6638,-0.8452,0.1298,-0.5156,-0.2068,...,warmup
1381,Walking,2.9137,10.343,0.6249,-0.146,-0.6936,0.0685,...,warmup
1434,Walking,2.648,7.8434,1.6879,-0.1647,0.1887,-0.1276,...,warmup
1487,Walking,-0.0838,7.5848,0.6776,-0.1282,0.0525,-0.1069,...,warmup
1540,Walking,0.1245,7.8578,0.893,0.0005,-0.3685,0.2316,...,warmup
1593,Walking,1.2498,8.7005,1.8387,-0.0496,-0.2899,-0.0314,...,warmup
1646,Walking,1.2785,9.1578,2.5929,-0.2217,-0.0754,-0.0616,...,warmup
1699,Walking,1.2857,9.8019,2.7677,-0.2502,0.2547,0.0269,...,warmup
1752,Walking,1.063,10.4267,2.4732,-0.2337,0.4546,-0.0232,...,warmup
1805,Walking,2.0662,12.05,2.8946,-0.3405,0.3248,-0.0533,...,warmup
1858,Walking,1.5658,12.22,1.8627,-0.2662,0.4197,-0.1873,...,warmup
1911,Walking,3.3591,9.4571,-0.2179,0.4746,0.2888,0.016,...,warmup
1964,Walking,4.312,9.2368,1.0463,-0.2952,0.6848,-0.0157,...,warmup
2017,Walking,0.9697,10.6135,1.2665,0.4301,0.3717,-0.1042,...,warmup
2070,Walking,2.478,7.695,0.9601,0.0043,0.5153,0.0709,Walking,correct
2123,Walking,2.4493,6.7038,1.9872,0.0717,0.0735,0.1572,Walking,correct
2176,Walking,1.9656,7.5776,1.3958,0.0405,0.1601,0.0285,Walking,correct
2229,Walking,2.1548,8.5521,2.3679,0.0037,0.0933,-0.0155,Walking,correct
2282,Walking,2.0016,9.0525,3.4285,0.0234,0.1082,-0.1364,Walking,correct
2335,Walking,2.2529,10.0556,3.1388,0.0655,-0.1207,-0.1404,Walking,correct
2388,Walking,2.0423,10.8816,4.1132,-0.0472,0.1889,-0.1156,Walking,correct
2441,Walking,1.3886,13.4387,2.7797,-0.0469,0.0059,-0.3693,Walking,correct
2494,Walking,1.719,11.8082,-0.7135,-0.1668,0.1135,-0.0589,Walking,correct
2547,Walking,0.6536,10.0173,-1.3934,-0.0107,-0.8239,0.1231,Walking,correct
2600,Walking,0.9984,10.8194,-0.0862,-0.0682,-0.4826,0.2332,Walking,correct
2653,Walking,3.9552,8.8155,1.4413,-0.2041,0.0821,0.2289,Walking,correct
2706,Walking,1.154,8.0876,1.4461,0.0203,0.3624,0.008,Walking,correct
2759,Walking,-0.3089,7.1754,0.4693,-0.0389,0.0536,0.1106,Walking,correct
2812,Walking,0.6776,7.8003,1.6281,0.0978,-0.178,0.2012,Walking,correct
2865,Walking,1.822,8.5976,2.4397,-0.0354,0.0794,0.048,Walking,correct
2918,Walking,1.5634,9.1004,3.0526,-0.1396,0.5279,0.0621,Walking,correct
2971,Walking,1.1851,9.8952,2.3798,-0.1705,0.4213,0.1324,Walking,correct
3024,Walking,1.2761,11.6885,4.1515,-0.129,0.4847,0.1359,Walking,correct
3077,Walking,4.3694,14.7148,1.2043,-0.7309,1.2009,0.1071,Walking,correct
3130,Walking,1.3048,9.7133,1.6496,0.574,-0.6342,0.1378,Walking,correct
3183,Walking,4.6759,8.3749,-0.9218,0.0994,0.4293,0.226,Walking,correct
3236,Walking,3.5075,11.0325,2.1093,-0.1199,0.8002,-0.012,Walking,correct
3289,Walking,2.3367,9.4978,0.5004,0.4056,0.498,-0.1311,Walking,correct
3342,Walking,1.4317,7.4579,1.9489,-0.0099,0.1077,-0.0389,Walking,correct
3395,Walking,2.3822,7.3119,1.3192,0.2832,-0.2856,0.0759,Walking,correct
3448,Walking,2.3511,6.7732,2.2577,0.1796,-0.1442,-0.1703,Walking,correct
3501,Walking,2.1572,8.1786,2.7054,-0.0338,-0.0019,-0.2601,Walking,correct
3554,Walking,2.478,10.1778,2.988,-0.2246,-0.0003,-0.3341,Walking,correct
3607,Walking,2.2266,12.5384,4.0869,-0.0962,-0.2302,-0.3206,Walking,correct
3660,Walking,1.8364,14.3006,1.731,-0.2238,0.203,-0.4399,Walking,correct
3713,Walking,1.5371,11.5568,-0.8882,-0.2086,-0.1458,0.0211,Walking,correct
3766,Walking,-0.079,10.1179,-1.5203,0.0834,-0.837,-0.1132,Walking,correct
3819,Walking,1.5706,10.0485,0.1006,0.0946,-0.8495,0.3206,Walking,correct
3872,Walking,4.4819,7.9751,1.4461,-0.0997,0.1423,0.2025,Walking,correct
3925,Walking,0.9457,7.6327,1.0989,-0.1338,0.3938,-0.0781,Walking,correct
3978,Walking,-1.1277,7.5441,0.3831,-0.0453,-0.1226,0.1356,Walking,correct
4031,Walking,1.1684,8.1547,1.8004,0.093,-0.3544,0.2443,Walking,correct
4084,Walking,1.7478,9.1123,2.5211,-0.1929,0.0818,0.0989,Walking,correct
4137,Walking,1.64,9.6486,2.6695,-0.3597,0.3786,0.1492,Walking,correct
4190,Walking,1.3455,11.3006,3.1268,-0.2499,0.319,0.1231,Walking,correct
4243,Walking,3.984,13.4865,2.308,-0.4591,0.4628,0.0965,Walking,correct
4296,Walking,2.3966,10.659,2.1045,0.0016,0.0749,0.0781,Walking,correct
4349,Walking,4.47,8.3055,-0.5986,0.4599,0.295,0.3083,Walking,correct
4402,Walking,3.8978,9.0405,0.8595,-0.3829,0.9667,-0.0344,Walking,correct
4455,Walking,1.6855,10.9726,1.5155,0.6155,0.1887,-0.0895,Walking,correct
4508,Walking,3.0837,8.1331,1.0606,0.0197,0.3533,-0.1687,Walking,correct
4561,Walking,2.6767,6.8905,2.2098,0.0989,0.077,0.0426,Walking,correct
4614,Walking,2.296,7.7644,1.6376,-0.0115,-0.0869,-0.1226,Walking,correct
4667,Walking,1.9656,7.7117,2.6983,-0.0136,-0.1037,-0.2603,Walking,correct
4720,Walking,2.1883,8.6167,2.7701,-0.0328,-0.2089,-0.2582,Walking,correct
4773,Walking,3.7254,11.7364,3.6248,-0.2324,-0.3134,-0.1652,Walking,correct
4826,Walking,1.9632,12.2751,4.0031,-0.1045,0.2574,-0.3706,Walking,correct
4879,Walking,2.1093,10.635,0.4262,0.0671,0.1697,-0.271,Walking,correct
4932,Walking,1.4126,10.2735,-1.0463,0.0946,-0.6997,-0.0266,Walking,correct
4985,Walking,0.2969,10.8912,-0.6991,0.0218,-0.6776,-0.0706,Walking,correct
5038,Walking,3.7206,9.8138,0.905,-0.0592,-0.5987,0.3259,Walking,correct
5091,Walking,2.7318,8.0565,1.4461,-0.0402,0.4471,-0.056,Walking,correct
5144,Walking,0.1053,6.7062,1.063,-0.1649,0.3568,-0.1311,Walking,correct
5197,Walking,-0.2011,7.4101,1.0534,-0.0144,0.0035,0.1644,Walking,correct
5250,Walking,1.221,9.1099,2.2266,-0.0493,-0.0125,0.0226,Walking,correct
5303,Walking,1.8651,9.7013,2.4205,-0.1665,0.2406,0.0096,Walking,correct
5356,Walking,1.1253,10.5082,2.4421,-0.2268,0.5407,0.073,Walking,correct
5409,Walking,0.7518,10.7141,4.039,-0.2814,0.5489,0.1434,Walking,correct
5462,Walking,3.2346,12.2032,0.3855,-0.7139,1.2561,0.0107,Walking,correct
5515,Walking,2.715,10.4244,2.0159,0.2651,-0.2483,0.105,Walking,correct
5568,Walking,3.8475,9.6151,0.328,-0.0869,0.7242,-0.0181,Walking,correct
5621,Walking,1.1253,10.7811,2.0087,0.4626,0.2414,0.024,Walking,correct
5674,Walking,2.5738,8.3222,1.1109,0.1756,0.4349,-0.0362,Walking,correct
5727,Walking,2.0375,6.7852,2.411,0.0895,-0.0285,0.0544,Walking,correct
5780,Walking,2.3846,7.8314,1.391,0.0781,-0.0775,-0.0019,Walking,correct
5833,Walking,2.1644,8.4731,2.3439,-0.0576,0.0322,-0.1045,Walking,correct
5886,Walking,1.9249,9.0597,2.8204,-0.145,0.0935,-0.1532,Walking,correct
5939,Walking,2.2577,10.422,3.3064,-0.2137,-0.2766,-0.1585,Walking,correct
5992,Walking,1.6472,10.5896,4.3,-0.238,0.0687,-0.1359,Walking,correct
6045,Walking,1.5874,12.4594,2.2266,-0.5383,0.1244,-0.348,Walking,correct
6098,Walking,1.6233,11.4156,0.6512,-0.3869,-0.2875,-0.0445,Walking,correct
6151,Walking,0.9553,10.0149,-0.067,-0.1498,-1.0765,0.0504,Walking,correct
6204,Walking,2.1859,10.5752,1.2953,-0.0376,-0.307,0.093,Walking,correct
6257,Walking,2.8371,8.8657,1.9393,-0.0946,-0.1681,0.1274,Walking,correct
6310,Walking,0.3759,7.865,1.506,-0.1375,0.2204,-0.1399,Walking,correct
6363,Walking,-0.0934,7.7285,1.4461,0.0474,-0.2382,0.1207,Walking,correct
6416,Walking,1.7813,8.7484,2.0662,-0.1482,-0.0474,0.0029,Walking,correct
6469,Walking,1.9369,9.0932,2.9377,-0.2332,0.0775,0.0181,Walking,correct
6522,Walking,1.5586,9.2344,2.8395,-0.324,0.6083,0.0861,Walking,correct
6575,Walking,1.087,9.4499,2.8467,-0.2499,0.4431,0.0978,Walking,correct
6628,Walking,2.7126,12.0021,2.8108,-0.5564,1.1111,0.0469,Walking,correct
6681,Walking,2.8443,11.1666,2.3535,0.0448,-0.1135,-0.033,Walking,correct
6734,Walking,2.9951,9.256,1.7765,-0.1897,0.4866,0.0474,Walking,correct
6787,Walking,1.6233,9.6175,2.1835,0.1612,0.0442,0.1316,Walking,correct
6840,Walking,3.1939,8.2289,1.8028,0.0349,0.4783,-0.0128,Walking,correct
6893,Walking,2.9137,8.2217,2.1835,-0.0514,-0.1122,0.036,Walking,correct
6946,Walking,2.3152,9.7037,1.8675,-0.0533,0.1252,0.0019,Walking,correct
6999,Walking,2.4134,9.7923,2.2482,-0.0141,0.2587,0.0338,Up-stairs,incorrect
7052,Walking,2.4014,9.2416,2.8706,-0.0775,0.2489,-0.0051,Up-stairs,incorrect
7105,Walking,1.6664,9.5026,2.7821,-0.0634,0.0416,-0.0187,Up-stairs,incorrect
7158,Walking,2.2146,9.6606,2.7916,-0.0805,0.0378,-0.0187,Up-stairs,incorrect
7211,Walking,2.3248,8.9328,2.8084,0.012,0.029,0.04,Up-stairs,incorrect
7264,Walking,2.4756,8.9088,2.5905,0.0805,0.0922,0.1588,Up-stairs,incorrect
7317,Walking,2.1404,9.1602,2.7988,0.0328,0.1663,0.0791,Up-stairs,incorrect
7370,Walking,1.9034,9.4571,2.7007,0.061,-0.0504,0.0232,Up-stairs,incorrect
7423,Walking,2.1093,9.4236,2.7078,0.0807,-0.06,0.0437,Up-stairs,incorrect
7476,Walking,2.1859,9.2871,2.7749,0.0181,0.0336,0.0706,Up-stairs,incorrect
2,Walking,2.1093,9.3494,1.9872,-0.0053,-0.1591,-0.0394,...,warmup
56,Walking,2.2314,9.5122,2.0973,0.0394,-0.154,-0.0762,...,warmup
109,Walking,2.0925,9.2943,1.9321,0.0581,-0.141,-0.0645,...,warmup
162,Walking,1.7909,9.5313,1.889,0.0911,-0.0211,-0.0218,...,warmup
215,Walking,1.5802,9.335,2.308,0.142,-0.0496,-0.0218,...,warmup
268,Walking,1.2857,9.4284,2.2745,0.1972,-0.1053,-0.0416,...,warmup
321,Walking,1.7166,9.8378,2.9688,-0.0496,0.2233,-0.0573,...,warmup
374,Walking,1.9154,9.9886,2.8683,-0.134,0.412,0.0059,...,warmup
427,Walking,1.0391,9.007,3.0837,0.0722,0.134,0.0879,...,warmup
480,Walking,1.1732,8.4683,2.6983,0.0253,0.048,0.1055,...,warmup
533,Walking,1.5658,9.0214,2.9209,0.0541,0.032,0.0373,...,warmup
586,Walking,1.3791,9.1051,3.0622,-0.0466,-0.0661,-0.0029,...,warmup
639,Walking,1.2905,9.6295,2.8946,0.0085,-0.0821,0.0314,...,warmup
692,Walking,1.9154,9.5409,3.5626,-0.1498,0.1961,0.0791,...,warmup
745,Walking,1.6879,10.173,3.3375,-0.1037,0.1796,0.0072,...,warmup
798,Walking,0.8859,11.88,3.395,-0.048,0.3336,-0.0485,...,warmup
851,Walking,1.6855,11.4323,3.3495,-0.1892,0.1116,-0.1167,...,warmup
904,Walking,2.1859,11.327,0.8452,-0.3453,0.5391,-0.2582,...,warmup
957,Walking,2.3248,7.8099,0.4357,0.3485,-0.4423,-0.0714,...,warmup
1010,Walking,4.3551,6.7612,-0.3328,-0.1386,0.405,-0.0613,...,warmup
1063,Walking,1.3647,10.8026,1.8411,0.1034,0.4999,-0.0573,...,warmup
1116,Walking,2.217,8.8777,0.9577,0.1743,0.3909,-0.1236,...,warmup
1169,Walking,1.7885,7.8865,1.9441,0.1444,-0.1263,0.0211,...,warmup
1222,Walking,1.9273,8.7436,1.8579,0.0991,-0.2118,-0.0016,...,warmup
1275,Walking,2.5091,8.9352,2.1524,0.1183,-0.3914,-0.0943,...,warmup
1328,Walking,2.2242,8.837,2.7126,0.0139,-0.0133,-0.1292,...,warmup
1381,Walking,1.7549,8.9016,2.9425,0.0338,-0.2803,-0.1681,...,warmup
1434,Walking,2.2649,9.8067,2.7892,0.2148,-0.2395,-0.2601,...,warmup
1487,Walking,2.8994,12.1625,3.1508,-0.1255,0.1388,-0.3104,...,warmup
1540,Walking,1.6927,13.4722,3.0406,-0.073,0.0184,-0.4655,...,warmup
1593,Walking,1.9201,10.9918,0.3783,-0.0139,0.1066,-0.2441,...,warmup
1646,Walking,0.6776,9.0573,-1.0582,-0.1396,0.0719,-0.0059,...,warmup
1699,Walking,-0.0383,9.7372,-1.8148,-0.0173,-0.5068,0.1881,...,warmup
1752,Walking,1.4629,9.7372,0.9601,-0.3461,-0.271,0.1974,...,warmup
1805,Walking,1.9632,8.5976,0.8835,-0.1668,0.1724,0.0322,...,warmup
1858,Walking,-0.407,7.4531,1.3408,-0.2124,-0.0155,0.0067,...,warmup
1911,Walking,0.0862,7.92,0.8212,-0.0965,-0.0807,0.2451,...,warmup
1964,Walking,1.0487,8.6143,2.2146,-0.0877,-0.1729,0.2249,...,warmup
2017,Walking,1.1109,8.9759,2.5762,-0.0714,0.0147,0.1801,...,warmup
2070,Walking,0.8308,9.2991,2.5762,-0.0437,0.1993,0.1644,Walking,correct
2123,Walking,0.4118,10.6638,1.8938,-0.0333,-0.1005,0.0914,Walking,correct
2176,Walking,1.6712,11.3485,4.4484,-0.1599,0.5812,0.1279,Walking,correct
2229,Walking,4.5083,13.8169,0.3711,-0.6392,1.2396,0.0879,Walking,correct
2282,Walking,1.8794,10.7212,1.4844,0.0648,-0.0954,-0.0173,Walking,correct
2335,Walking,4.2641,8.7795,-1.2402,0.125,0.3869,0.1524,Walking,correct
2388,Walking,2.2362,9.6079,2.7581,0.3363,-0.1103,0.0218,Walking,correct
2441,Walking,2.4684,9.0692,-0.091,0.1474,0.3829,-0.0312,Walking,correct
2494,Walking,2.1141,7.1802,2.1596,-0.1641,0.2507,-0.0568,Walking,correct
2547,Walking,2.138,7.9703,1.2426,0.1865,-0.4274,-0.0115,Walking,correct
2600,Walking,2.4732,8.1954,2.1811,-0.0386,-0.2212,-0.0959,Walking,correct
2653,Walking,2.3008,8.9591,2.5833,-0.2148,-0.0293,-0.1447,Walking,correct
2706,Walking,2.3966,9.4068,2.7078,-0.1268,-0.3243,-0.1239,Walking,correct
2759,Walking,2.6432,10.2687,3.2705,0.1815,-0.4397,-0.0778,Walking,correct
2812,Walking,2.0758,10.2615,3.8403,0.0237,-0.2755,-0.1061,Walking,correct
2865,Walking,2.375,12.7012,1.2761,-0.0709,-0.0973,-0.3269,Walking,correct
2918,Walking,1.5155,10.398,-1.2641,-0.1761,-0.4852,0.0277,Walking,correct
2971,Walking,0.5076,10.1394,-1.2498,0.0509,-0.748,0.0775,Walking,correct
3024,Walking,2.9329,9.9934,0.8212,-0.1244,-0.6105,0.1279,Walking,correct
3077,Walking,3.1005,9.1028,1.5251,0.0003,-0.2675,0.0765,Walking,correct
3130,Walking,0.9361,7.2951,1.0367,0.0083,0.1753,-0.0765,Walking,correct
3183,Walking,0.3328,7.4029,1.0463,-0.0709,-0.32,0.149,Walking,correct
3236,Walking,1.3838,8.6862,1.4964,-0.0008,-0.0341,0.0362,Walking,correct
3289,Walking,1.8244,9.4164,2.3774,-0.1572,0.0125,0.0253,Walking,correct
3342,Walking,2.059,9.505,2.3846,-0.2952,0.4053,0.0983,Walking,correct
3395,Walking,2.071,10.4914,2.6767,-0.2137,0.396,0.1436,Walking,correct
3448,Walking,1.549,11.1522,4.9201,-0.1559,0.652,0.0877,Walking,correct
3501,Walking,4.9967,12.7635,-0.0575,-0.9875,2.0464,0.0778,Walking,correct
3554,Walking,2.1213,10.3765,1.8507,0.7685,-0.6131,0.458,Walking,correct
3607,Walking,5.2146,8.2193,-0.1867,0.0171,0.9891,0.36,Walking,correct
3660,Walking,2.2984,9.8881,2.2434,0.2697,0.348,0.1108,Walking,correct
3713,Walking,3.7278,8.8035,0.7877,0.2393,0.6638,0.1188,Walking,correct
3766,Walking,2.8515,6.6248,2.4588,-0.0346,0.3397,0.0637,Walking,correct
3819,Walking,2.5762,7.8482,1.4198,0.0677,0.2963,-0.0029,Walking,correct
3872,Walking,2.7007,8.0349,2.6001,-0.033,0.0226,-0.0546,Walking,correct
3925,Walking,2.4325,8.7269,3.0742,-0.0954,0.1138,-0.2012,Walking,correct
3978,Walking,3.1268,9.8761,3.4381,0.1751,-0.3144,-0.1817,Walking,correct
4031,Walking,3.0813,10.817,4.3694,-0.0703,0.0402,-0.199,Walking,correct
4084,Walking,2.5546,13.4746,2.5738,-0.5244,-0.0778,-0.6664,Walking,correct
4137,Walking,2.6959,10.7452,-0.9768,0.3296,-0.0413,0.0373,Walking,correct
4190,Walking,1.5155,9.9048,-1.3001,-0.1114,-0.8849,-0.1348,Walking,correct
4243,Walking,1.8962,10.1179,0.316,0.1588,-0.7091,0.0426,Walking,correct
4296,Walking,4.2114,8.9232,0.5387,-0.0485,-0.2481,0.0959,Walking,correct
4349,Walking,1.5323,7.7141,1.731,-0.149,0.2654,-0.2118,Walking,correct
4402,Walking,-0.0694,7.1299,0.4573,0.0008,-0.3997,0.0357,Walking,correct
4455,Walking,1.9489,8.4779,1.81,-0.1071,-0.1244,0.0245,Walking,correct
4508,Walking,2.3248,8.9783,2.9113,-0.1628,0.0432,-0.1314,Walking,correct
4561,Walking,1.8244,9.5984,2.2338,-0.1231,0.3445,-0.0224,Walking,correct
4614,Walking,1.4533,10.3884,2.9066,-0.1727,0.4186,0.0242,Walking,correct
4667,Walking,2.5498,11.8609,3.5171,-0.4383,0.4684,-0.0107,Walking,correct
4720,Walking,2.8706,10.5345,1.2354,-0.1415,0.8362,-0.0013,Walking,correct
4773,Walking,3.6751,9.2033,0.4788,0.2673,0.3035,0.2292,Walking,correct
4826,Walking,3.134,9.0956,0.7398,-0.045,0.8407,-0.0432,Walking,correct
4879,Walking,1.743,10.2328,1.3767,0.4287,0.2963,-0.0352,Walking,correct
4932,Walking,3.0143,7.932,1.5203,0.0677,0.7109,0.0306,Walking,correct
4985,Walking,2.1045,6.778,1.8675,0.1132,0.3219,0.0088,Walking,correct
5038,Walking,2.2434,8.0756,1.7573,0.1996,0.0456,-0.0389,Walking,correct
5091,Walking,2.7342,9.3613,2.5163,0.1276,-0.1013,-0.0472,Walking,correct
5144,Walking,2.1045,9.0597,3.3686,-0.0637,0.0999,-0.1657,Walking,correct
5197,Walking,2.2434,9.1075,2.7797,-0.0136,-0.0104,-0.0805,Walking,correct
5250,Walking,1.8124,11.0157,4.0989,-0.1911,0.2334,-0.2249,Walking,correct
5303,Walking,1.719,13.9654,2.3511,-0.1055,0.0445,-0.5007,Walking,correct
5356,Walking,2.3774,11.315,0.2107,-0.2603,0.0648,-0.0325,Walking,correct
5409,Walking,0.4956,9.0956,-1.5443,-0.1178,-0.7837,-0.0658,Walking,correct
5462,Walking,1.3695,10.3956,0.2873,0.2507,-1.0786,0.2419,Walking,correct
5515,Walking,4.6759,8.3989,1.5275,-0.0522,-0.2654,0.2388,Walking,correct
5568,Walking,1.0774,7.6184,1.4509,-0.0229,0.0528,-0.1306,Walking,correct
5621,Walking,-0.7087,7.6591,0.6488,-0.0845,-0.2076,0.0802,Walking,correct
5674,Walking,1.5275,8.9711,1.8866,-0.0224,-0.4714,0.1162,Walking,correct
5727,Walking,1.6688,8.9016,2.4732,-0.1545,-0.0376,-0.1005,Walking,correct
5780,Walking,1.4916,9.4571,2.6935,-0.2942,0.303,0.0021,Walking,correct
5833,Walking,1.3743,9.6798,2.2984,-0.235,0.3155,0.0461,Walking,correct
5886,Walking,1.2594,11.4156,3.7134,-0.4202,0.1921,-0.0392,Walking,correct
5939,Walking,2.9209,12.5743,1.5179,-0.4663,0.3962,-0.0056,Walking,correct
5992,Walking,3.2154,9.4667,1.5706,0.393,-0.2974,0.2102,Walking,correct
6045,Walking,4.6783,7.7835,1.0295,-0.4551,0.9329,0.028,Walking,correct
6098,Walking,1.9632,11.3868,1.7717,0.2502,0.3195,-0.1506,Walking,correct
6151,Walking,2.4924,9.0525,1.4964,0.3832,-0.1372,-0.0325,Walking,correct
6204,Walking,3.0119,6.924,2.2793,0.1905,-0.2545,0.1332,Walking,correct
6257,Walking,3.0143,7.0964,2.0446,0.0029,0.0719,-0.0298,Walking,correct
6310,Walking,2.8371,8.4108,2.6504,0.0112,0.0104,-0.1316,Walking,correct
6363,Walking,2.7054,9.2823,2.7102,-0.1871,0.0165,-0.287,Up-stairs,incorrect
6416,Walking,2.4301,9.833,3.0119,-0.0983,-0.4391,-0.2286,Up-stairs,incorrect
6469,Walking,3.1484,10.3238,3.8786,-0.3605,-0.1476,-0.141,Walking,correct
6522,Walking,2.8419,12.5576,2.8754,-0.7722,0.0642,-0.3968,Walking,correct
6575,Walking,1.9513,11.6047,0.6895,-0.3824,0.0091,-0.1604,Walking,correct
6628,Walking,0.249,9.7755,0.158,0.1801,-0.7991,-0.0333,Walking,correct
6681,Walking,1.8699,10.7691,0.826,0.1122,-0.1551,0.0099,Walking,correct
6734,Walking,3.213,8.995,1.798,0.1164,0.0581,0.118,Walking,correct
6787,Walking,0.893,8.157,1.4557,0.0874,0.6265,-0.1127,Walking,correct
6840,Walking,-0.4334,7.9176,0.6847,0.0986,0.2526,0.0975,Walking,correct
6893,Walking,0.8906,8.9783,1.7741,-0.0096,0.049,0.251,Walking,correct
6946,Walking,2.1452,8.9088,1.7861,-0.1404,0.3613,0.1228,Up-stairs,incorrect
6999,Walking,1.0534,9.3494,2.4397,-0.0975,0.7123,0.2142,Walking,correct
7052,Walking,1.3096,9.2775,2.4325,-0.0901,0.999,0.3003,Walking,correct
7105,Walking,0.5578,9.6343,2.5235,-0.0501,0.6995,0.2049,Walking,correct
7158,Walking,3.0861,12.0907,2.2003,-0.4565,1.3368,0.1015,Walking,correct
7211,Walking,2.5929,11.4874,2.8611,-0.2294,0.7605,0.1652,Walking,correct
7264,Walking,3.1915,10.1035,1.6783,0.4122,0.7258,0.2518,Up-stairs,incorrect
7317,Walking,3.6296,7.9152,1.5203,0.2825,0.8828,0.3989,Up-stairs,incorrect
7370,Walking,2.9257,8.7963,1.2953,0.3517,0.7333,0.284,Up-stairs,incorrect
7423,Walking,2.7031,9.4116,1.2546,0.3126,0.5281,0.1708,Up-stairs,incorrect
7476,Walking,3.6248,8.8202,1.7789,0.215,0.2814,0.3605,Up-stairs,incorrect
7529,Walking,3.7445,9.1937,1.5419,0.0035,0.4575,0.3461,Up-stairs,incorrect
7582,Walking,3.7469,9.4858,1.4629,-0.137,0.3637,0.2316,Up-stairs,incorrect
7635,Walking,3.6559,8.1475,1.4605,0.1527,0.344,0.3198,Up-stairs,incorrect
7688,Walking,2.8994,9.3996,1.9489,-0.1007,0.3174,0.0282,Up-stairs,incorrect
7741,Walking,3.4237,9.8497,1.6951,0.0133,0.2382,0.0464,Up-stairs,incorrect
7794,Walking,3.158,8.9519,2.3918,-0.1039,0.1327,-0.0802,Up-stairs,incorrect
7847,Walking,3.6512,9.0285,1.9609,-0.2422,0.3219,-0.0261,Up-stairs,incorrect
7900,Walking,3.5506,9.086,2.1237,-0.089,0.2313,0.0573,Up-stairs,incorrect
7953,Walking,3.2681,9.1482,2.1835,-0.0693,0.2435,0.0131,Up-stairs,incorrect
8006,Walking,2.8778,9.1075,2.332,-0.1132,0.2745,-0.0504,Up-stairs,incorrect
8059,Walking,2.8587,9.4978,2.66,-0.1604,0.1892,-0.0378,Up-stairs,incorrect
8112,Walking,2.873,9.3685,2.727,-0.0727,0.0437,-0.0437,Up-stairs,incorrect
8165,Walking,3.1149,8.9926,2.4924,0.0021,0.1162,0.0181,Up-stairs,incorrect
8218,Walking,2.9688,9.0405,2.7054,-0.1031,0.2281,-0.0147,Up-stairs,incorrect
8271,Walking,2.5929,9.3087,2.6097,-0.0762,0.1932,-0.0381,Up-stairs,incorrect
8324,Walking,2.7581,9.2919,2.7988,-0.0573,0.0624,-0.0048,Up-stairs,incorrect
8377,Walking,2.794,9.3685,3.0047,-0.0671,0.121,0.0101,Up-stairs,incorrect
8430,Walking,2.6432,9.1004,3.0454,-0.041,0.081,-0.0029,Up-stairs,incorrect
2,Walking,1.245,9.019,2.6719,0.1708,0.0685,-0.0003,...,warmup
56,Walking,0.9673,8.9902,2.7031,0.2052,-0.0005,-0.0237,...,warmup
109,Walking,0.8763,9.0429,2.5498,0.2555,0.0293,0.012,...,warmup
162,Walking,1.008,9.0525,2.6169,0.1591,0.0831,0.0717,...,warmup
215,Walking,0.9313,9.6941,2.4421,0.1103,0.0823,0.1348,...,warmup
268,Walking,1.0774,9.8904,2.8515,0.0717,0.0927,0.1132,...,warmup
321,Walking,1.1468,10.829,2.7102,0.0378,0.1396,0.0597,...,warmup
374,Walking,1.3503,11.7867,2.7916,0.0157,0.5622,0.1247,...,warmup
427,Walking,1.6927,12.3038,1.2785,-0.0933,0.6909,0.0842,...,warmup
480,Walking,1.8076,10.6063,0.2131,0.4578,-0.2449,-0.0714,...,warmup
533,Walking,3.7828,6.6152,-1.1732,0.2675,0.2443,0.105,...,warmup
586,Walking,3.7709,8.9447,0.3352,-0.4245,0.4668,-0.0589,...,warmup
639,Walking,1.063,10.9367,0.1652,-0.0011,0.4175,-0.2134,...,warmup
692,Walking,1.9609,8.7771,0.8212,0.0019,-0.323,0.044,...,warmup
745,Walking,2.411,7.8266,1.4892,-0.0506,-0.3557,0.0909,...,warmup
798,Walking,2.6935,8.6335,1.5945,-0.1503,-0.3605,0.0163,...,warmup
851,Walking,2.8395,8.5856,1.81,-0.1532,-0.0509,-0.0578,...,warmup
904,Walking,2.308,8.5904,2.5977,-0.2054,-0.0767,-0.065,...,warmup
957,Walking,2.3727,9.2991,2.6671,-0.1378,-0.2409,-0.0722,...,warmup
1010,Walking,2.332,9.8761,2.9544,-0.0083,-0.2289,-0.053,...,warmup
1063,Walking,2.8491,11.0445,3.5961,-0.1143,-0.1625,-0.0325,...,warmup
1116,Walking,2.3008,13.7954,2.5594,-0.3509,-0.1958,-0.2372,...,warmup
1169,Walking,2.8563,10.9607,-0.5148,-0.1034,0.1327,0.1274,...,warmup
1222,Walking,1.5155,9.1411,-2.1763,0.0413,-0.3685,0.1061,...,warmup
1275,Walking,0.9601,10.4172,-0.5483,0.0176,-0.352,0.0131,...,warmup
1328,Walking,3.7014,9.2296,0.9218,-0.2166,-0.215,0.0242,...,warmup
1381,Walking,1.5538,8.2121,1.0367,-0.0975,0.0839,-0.1929,...,warmup
1434,Walking,-0.0263,7.331,0.4477,-0.1551,-0.0653,0.0176,...,warmup
1487,Walking,1.0056,7.252,1.0894,-0.1532,-0.218,0.1977,...,warmup
1540,Walking,1.8483,8.3199,1.4868,-0.1276,-0.308,0.0147,...,warmup
1593,Walking,1.4796,9.7899,2.7773,-0.2617,0.207,-0.0067,...,warmup
1646,Walking,1.8028,10.0437,2.296,-0.2374,0.3789,0.0285,...,warmup
1699,Walking,0.4788,11.485,3.4333,-0.3616,0.3134,-0.0914,...,warmup
1752,Walking,3.79,14.6046,1.0343,-0.385,0.5716,0.0064,...,warmup
1805,Walking,2.9904,11.2168,1.2043,0.6046,-0.5343,-0.0187,...,warmup
1858,Walking,6.0501,7.6495,-0.1341,-0.1119,0.6544,0.2553,...,warmup
1911,Walking,2.6408,9.7109,1.5251,-0.2044,0.9324,-0.2292,...,warmup
1964,Walking,1.8962,9.4715,-0.0527,0.4748,-0.0173,-0.0005,...,warmup
2017,Walking,3.2968,6.9839,1.743,0.0935,0.1354,0.0509,...,warmup
2070,Walking,2.8108,7.0629,1.2067,0.0823,0.328,0.045,Walking,correct
2123,Walking,2.2889,7.9128,1.6496,-0.0645,0.1871,0.0149,Walking,correct
2176,Walking,2.2529,8.6119,2.648,-0.1545,0.1103,-0.145,Walking,correct
2229,Walking,2.2051,9.3015,3.1603,-0.0181,-0.3501,-0.15,Walking,correct
2282,Walking,3.0215,10.4435,3.6033,-0.0565,-0.1343,-0.1764,Walking,correct
2335,Walking,2.3008,10.8146,4.5945,-0.2182,0.0482,-0.263,Walking,correct
2388,Walking,2.4014,14.5328,1.6281,-0.2731,0.2369,-0.6339,Walking,correct
2441,Walking,2.7174,10.7093,-0.5459,-0.174,0.1458,0.1434,Walking,correct
2494,Walking,0.5028,8.8873,-1.5203,-0.0578,-0.4799,0.0314,Walking,correct
2547,Walking,1.6472,10.2568,0.1987,0.1828,-0.9102,0.2185,Walking,correct
2600,Walking,4.3239,9.0285,1.4557,-0.1085,-0.1013,0.15,Walking,correct
2653,Walking,1.4605,7.2664,1.4509,-0.1188,0.3818,0.0224,Walking,correct
2706,Walking,0.0144,7.7333,0.6321,-0.0115,0.0248,0.2257,Walking,correct
2759,Walking,1.482,7.9727,1.9944,0.073,-0.1292,0.1966,Walking,correct
2812,Walking,2.0566,8.5425,2.4756,0.0703,0.1079,0.0093,Walking,correct
2865,Walking,2.0375,9.6678,2.5953,0.0298,0.292,0.0448,Walking,correct
2918,Walking,1.7382,10.2424,2.4134,0.0474,0.5332,0.0605,Walking,correct
2971,Walking,1.2761,11.1091,3.9768,0.0024,0.3579,0.0815,Walking,correct
3024,Walking,4.2665,14.2862,0.1484,-0.3576,1.0331,0.0946,Walking,correct
3077,Walking,3.6368,9.9886,1.4246,0.373,-0.1298,0.1316,Walking,correct
3130,Walking,5.2625,8.4204,-0.9385,0.1727,0.7525,0.004,Walking,correct
3183,Walking,1.245,10.4627,1.7861,0.0935,0.457,-0.166,Walking,correct
3236,Walking,2.2673,8.4013,-0.17,0.2252,0.5025,-0.0187,Walking,correct
3289,Walking,2.545,6.2608,2.2817,-0.1095,0.142,0.0717,Walking,correct
3342,Walking,2.5833,7.6567,1.336,0.0954,-0.0008,0.0171,Walking,correct
3395,Walking,2.7725,8.3749,2.5474,0.0029,0.0925,-0.0751,Walking,correct
3448,Walking,2.9904,9.1554,2.3774,-0.1516,0.3744,-0.1982,Walking,correct
3501,Walking,2.2865,10.4124,3.2106,-0.0554,-0.0608,-0.1588,Walking,correct
3554,Walking,2.7126,12.1147,4.0438,-0.0671,-0.0621,-0.1151,Walking,correct
3607,Walking,2.2122,13.216,1.8148,-0.3573,0.0328,-0.4207,Walking,correct
3660,Walking,2.217,10.92,-0.9984,-0.1252,-0.0863,0.1069,Walking,correct
3713,Walking,1.8148,9.8114,-1.7741,-0.1919,-0.761,0.2124,Walking,correct
3766,Walking,1.7885,10.0461,0.1437,0.2148,-0.6805,0.1151,Walking,correct
3819,Walking,4.5394,8.3797,1.3671,-0.1218,-0.2699,0.158,Walking,correct
3872,Walking,2.1213,7.2496,1.2929,-0.2249,0.3906,-0.1703,Walking,correct
3925,Walking,-0.4477,7.4531,0.7781,-0.2675,0.0192,-0.0917,Walking,correct
3978,Walking,1.3647,8.7125,1.7358,0.1311,-0.3459,0.1005,Walking,correct
4031,Walking,1.6855,9.0237,2.5786,0.073,-0.2923,-0.0837,Walking,correct
4084,Walking,2.0207,9.4427,2.3343,-0.2369,0.0658,0.0349,Walking,correct
4137,Walking,1.9321,10.8098,3.237,-0.2617,0.2438,0.061,Walking,correct
4190,Walking,2.9856,12.311,3.3591,-0.384,0.2435,-0.0056,Walking,correct
4243,Walking,3.2034,11.4898,0.6943,-0.0432,0.348,0.1156,Walking,correct
4296,Walking,2.9544,8.8849,0.9026,0.6683,0.0021,0.2004,Walking,correct
4349,Walking,4.7908,6.7612,-0.7494,-0.3222,0.9401,0.0501,Walking,correct
4402,Walking,1.6305,10.7859,2.5498,0.0895,0.4948,-0.1242,Walking,correct
4455,Walking,2.9137,9.3781,0.1556,0.2675,0.2739,-0.1255,Walking,correct
4508,Walking,2.8347,6.5697,2.7964,0.0565,0.3512,0.0602,Walking,correct
4561,Walking,2.7102,7.5034,1.8699,0.0053,0.2723,0.0722,Walking,correct
4614,Walking,2.8228,8.7628,2.3846,0.0506,0.0767,0.0056,Walking,correct
4667,Walking,2.5809,8.6503,2.9736,0.0629,0.0648,-0.0823,Walking,correct
4720,Walking,2.6983,9.5577,2.557,0.1809,-0.3206,-0.1018,Walking,correct
4773,Walking,3.2346,11.2551,4.1731,-0.0189,-0.1871,-0.0661,Walking,correct
4826,Walking,3.5362,13.5751,2.1907,-0.478,-0.0853,-0.5161,Walking,correct
4879,Walking,2.2673,11.8657,-0.7111,0.0522,-0.0813,-0.0464,Walking,correct
4932,Walking,0.8691,9.5912,-1.992,-0.2006,-0.8188,-0.0978,Walking,correct
4985,Walking,1.9034,9.9144,-0.0838,-0.1167,-0.834,0.0648,Walking,correct
5038,Walking,5.0254,8.9998,1.4437,-0.2555,-0.4858,0.1804,Walking,correct
5091,Walking,2.1452,7.5848,1.2115,-0.2896,0.4032,-0.2419,Walking,correct
5144,Walking,-0.2825,7.1132,0.9553,-0.2196,-0.04,-0.2145,Walking,correct
5197,Walking,1.3192,7.841,1.8052,0.0472,-0.1596,0.1103,Walking,correct
5250,Walking,2.0207,8.7532,2.9928,-0.114,0.0648,-0.0458,Walking,correct
5303,Walking,1.5802,9.2081,2.5905,-0.2009,0.1809,-0.0059,Walking,correct
5356,Walking,1.3815,10.2448,2.9209,-0.158,0.3485,0.1047,Walking,correct
5409,Walking,1.9968,11.3677,3.9169,-0.3171,0.571,0.0298,Walking,correct
5462,Walking,2.7078,12.0931,1.4653,-0.5401,0.9859,-0.0834,Walking,correct
5515,Walking,3.3543,10.3382,0.407,0.4104,0.0477,0.0794,Walking,correct
5568,Walking,3.9576,9.074,1.2617,-0.2164,0.5857,0.0019,Walking,correct
5621,Walking,1.8076,10.3022,1.2043,0.5369,0.0144,-0.1362,Walking,correct
5674,Walking,2.976,8.0469,0.7135,-0.1095,0.5071,-0.0938,Walking,correct
5727,Walking,2.4038,6.9935,2.2362,-0.2643,0.0496,0.0381,Walking,correct
5780,Walking,1.8483,7.3406,1.5419,-0.0381,-0.0456,-0.065,Walking,correct
5833,Walking,2.3559,8.825,3.146,0.3078,-0.5207,0.0261,Walking,correct
5886,Walking,3.5195,9.165,2.6647,-0.227,0.0829,-0.1961,Walking,correct
5939,Walking,2.2769,9.3565,3.9193,-0.1916,-0.0973,-0.1761,Walking,correct
5992,Walking,2.4421,10.501,3.7469,-0.186,-0.0863,-0.134,Walking,correct
6045,Walking,2.0997,12.4379,3.0909,-0.356,-0.0165,-0.2718,Walking,correct
6098,Walking,2.1979,11.0349,1.3192,-0.077,-0.2427,-0.0999,Walking,correct
6151,Walking,1.3096,8.5976,0.1652,0.0576,-0.4311,0.1082,Walking,correct
6204,Walking,1.6065,10.0844,0.6728,-0.0893,-0.1617,0.0821,Walking,correct
6257,Walking,2.6121,9.5193,1.312,-0.0501,-0.1831,0.0839,Walking,correct
6310,Walking,1.5275,8.7676,1.5802,-0.0104,0.1108,-0.0448,Walking,correct
6363,Walking,0.2035,8.2576,1.0606,0.0011,-0.1969,0.1063,Walking,correct
6416,Walking,1.7813,9.0453,1.5083,-0.1122,0.0,0.1079,Walking,correct
6469,Walking,1.8244,9.2081,2.1308,-0.2502,0.1362,0.0285,Walking,correct
6522,Walking,1.5778,9.3805,2.4445,-0.291,0.4572,0.0874,Walking,correct
6575,Walking,1.6328,8.9112,2.49,-0.2028,0.4866,0.1553,Walking,correct
6628,Walking,2.569,11.0277,2.217,-0.3954,0.7333,-0.0655,Walking,correct
6681,Walking,3.0622,11.9088,2.5977,-0.3656,0.3539,-0.0887,Walking,correct
6734,Walking,3.0191,9.833,2.1524,0.199,0.1287,0.0442,Walking,correct
6787,Walking,3.6823,8.3294,2.1189,0.0624,0.563,0.2395,Walking,correct
6840,Walking,2.7342,9.6247,1.8531,0.1069,0.4519,0.0632,Walking,correct
6893,Walking,2.3894,8.8705,1.7597,0.0954,0.2102,0.0336,Walking,correct
6946,Walking,2.8994,8.8969,2.2793,0.0155,0.0485,0.085,Walking,correct
6999,Walking,2.9736,9.6486,1.8387,-0.1071,0.2014,0.0933,Walking,correct
7052,Walking,2.6624,8.8609,2.3703,0.0266,0.2595,0.1396,Up-stairs,incorrect
7105,Walking,2.6001,9.1459,2.6145,-0.1625,0.2193,0.0048,Up-stairs,incorrect
7158,Walking,2.478,9.4523,2.4277,-0.1799,0.2244,0.0274,Up-stairs,incorrect
7211,Walking,2.4732,9.1243,2.8874,-0.2252,0.0773,0.0266,Up-stairs,incorrect
7264,Walking,2.6743,9.1985,2.6552,-0.1279,0.0751,0.0368,Up-stairs,incorrect
7317,Walking,3.0143,8.7747,2.9042,-0.0456,0.0626,0.1522,Up-stairs,incorrect
7370,Walking,2.5738,9.0261,2.988,-0.0922,0.2435,0.0989,Up-stairs,incorrect
7423,Walking,2.3176,9.1123,3.1149,-0.0578,0.0466,0.0474,Up-stairs,incorrect
2,Running,2.1859,9.1099,2.9281,0.0394,-0.0762,-0.0064,...,warmup
56,Running,1.7597,9.019,2.9568,0.0632,-0.0826,-0.0509,...,warmup
109,Running,1.5826,9.165,2.8539,0.1545,-0.11,-0.0863,...,warmup
162,Running,1.3886,9.3925,3.0957,0.2118,-0.2443,-0.1511,...,warmup
215,Running,1.1803,9.4308,3.2417,0.1623,-0.2382,-0.1801,...,warmup
268,Running,1.3001,9.1746,3.1005,0.2065,-0.1951,-0.1844,...,warmup
321,Running,1.0558,8.8729,3.2417,0.2198,-0.142,-0.1844,...,warmup
374,Running,0.929,8.928,3.1173,0.4351,-0.4053,-0.158,...,warmup
427,Running,0.984,8.8394,2.9497,0.4916,-0.3973,-0.166,...,warmup
480,Running,0.8715,9.1913,2.9449,0.4636,-0.3488,-0.1455,...,warmup
533,Running,0.7614,9.3541,2.4493,0.385,-0.2936,-0.0759,...,warmup
586,Running,0.6919,9.3565,2.399,0.7392,-0.5438,0.0522,...,warmup
639,Running,0.9194,10.6973,1.8172,0.3179,-0.3456,-0.1852,...,warmup
692,Running,-0.8954,11.8417,1.4629,0.7621,-0.0408,0.1372,...,warmup
745,Running,1.5012,8.4084,0.656,0.6843,0.6083,0.2883,...,warmup
798,Running,3.1484,4.7501,1.1923,1.1173,0.8298,0.748,...,warmup
851,Running,4.47,12.8617,1.3958,0.5828,0.0967,0.3349,...,warmup
904,Running,3.6655,19.2853,-0.6776,0.8695,0.9774,0.6816,...,warmup
957,Running,4.7573,10.1658,3.2848,0.6694,0.5191,0.3752,...,warmup
1010,Running,2.1237,6.7947,-0.249,0.9718,-0.0871,-0.3272,...,warmup
1063,Running,0.5986,3.3639,-2.4253,0.1167,0.1386,-0.5452,...,warmup
1116,Running,0.0718,1.2258,-4.4556,-0.052,-0.2694,-0.5385,...,warmup
1169,Running,-0.7901,18.263,-4.4867,-0.7157,-1.9756,-0.6307,...,warmup
1222,Running,2.8347,20.2885,-4.3814,-0.8119,-0.7051,0.999,...,warmup
1275,Running,5.9927,9.9814,2.2505,-0.0408,-0.5878,-0.0682,...,warmup
1328,Running,1.1612,8.497,0.0359,-0.6038,-1.0046,-0.1807,...,warmup
1381,Running,0.1317,4.379,-2.7749,-0.5913,0.3645,0.0946,...,warmup
1434,Running,3.4189,0.6752,-0.34,-1.193,1.5668,0.4311,...,warmup
1487,Running,5.4923,5.5043,-0.0886,-0.7229,1.2265,0.1508,...,warmup
1540,Running,5.6551,22.3283,-1.0056,0.5518,0.9305,0.7152,...,warmup
1593,Running,7.2688,12.6103,-2.1356,0.3837,1.8365,0.8545,...,warmup
1646,Running,0.7709,8.1762,4.9177,0.3608,-0.0869,-0.0464,...,warmup
1699,Running,1.3982,2.2649,-2.0542,0.8783,-0.4596,-1.1834,...,warmup
1752,Running,1.7957,0.316,-3.1939,0.4938,-0.4588,-1.1906,...,warmup
1805,Running,1.4222,10.4244,-3.1125,-0.2803,-1.6694,-1.3352,...,warmup
1858,Running,-5.2026,21.9093,-4.865,-0.5782,-0.1879,-1.8066,...,warmup
1911,Running,-1.5371,11.3796,-3.3495,-1.5434,-0.2411,0.6454,...,warmup
1964,Running,-0.1724,9.4427,5.9616,0.0362,-0.9691,-0.3621,...,warmup
2017,Running,-0.8499,3.8307,-2.8491,-0.0733,0.3429,0.4421,...,warmup
2070,Running,4.1372,-0.1604,-0.1245,-0.9467,1.8069,1.4541,Running,correct
2123,Running,6.1387,4.616,-0.2274,-0.203,1.5426,0.9409,Running,correct
2176,Running,2.1213,31.965,-1.573,1.3083,-0.1386,-0.0211,Running,correct
2229,Running,3.814,13.5033,-3.1675,-0.6214,1.4765,0.7213,Running,correct
2282,Running,2.8826,11.0109,6.3877,0.2966,0.3613,0.227,Running,correct
2335,Running,0.2131,4.865,-2.7509,0.5172,0.061,-0.9619,Running,correct
2388,Running,-0.4262,-0.6584,-3.2872,-0.53,-0.5004,-1.295,Running,correct
2441,Running,0.1053,2.8611,-0.6225,0.2137,-0.5305,-0.2126,Running,correct
2494,Running,-2.0303,35.2546,-2.3224,-0.1833,-1.0869,0.8636,Running,correct
2547,Running,3.6129,11.9231,-2.988,-0.6568,-1.1559,0.5494,Running,correct
2600,Running,0.3424,9.0261,6.7277,-0.2212,-0.9014,-0.5654,Running,correct
2653,Running,1.9944,4.2042,-3.1675,0.1124,-0.7794,-0.0197,Running,correct
2706,Running,2.3248,2.2314,-1.4964,-1.2244,1.6326,0.862,Running,correct
2759,Running,6.3925,1.652,-0.3687,-0.3858,1.2769,0.7669,Running,correct
2812,Running,7.2209,33.9067,1.5155,0.7869,-0.0581,0.4591,Running,correct
2865,Running,6.2872,13.0771,-3.5195,0.2094,0.9451,1.0024,Running,correct
2918,Running,4.8507,9.426,7.8937,-0.0573,1.513,0.1143,Running,correct
2971,Running,1.4557,3.9025,-2.1524,0.5606,0.3531,-0.6795,Running,correct
3024,Running,-0.3472,-1.7071,-4.2377,-0.3413,-0.7301,-1.9422,Running,correct
3077,Running,-2.0135,1.573,-0.091,-0.0685,0.3365,-1.0866,Running,correct
3130,Running,1.6089,36.6313,-1.2929,-0.3323,-0.0687,1.9196,Running,correct
3183,Running,5.5665,10.7141,-2.739,-0.1793,-0.1753,0.3003,Running,correct
3236,Running,0.7207,9.7971,6.7852,-0.2038,-0.0328,-0.1985,Running,correct
3289,Running,3.7278,4.5418,-2.648,0.2569,0.1572,-0.0115,Running,correct
3342,Running,3.1795,2.3032,0.4334,-0.4522,2.602,0.3,Running,correct
3395,Running,8.0756,3.4213,0.6967,-0.4586,2.1461,0.6368,Running,correct
3448,Running,5.8849,25.7808,1.0894,0.7693,0.1375,0.3411,Running,correct
3501,Running,2.3296,11.2025,-2.071,0.6059,0.8021,-0.1023,Running,correct
3554,Running,4.1707,6.7469,5.612,0.3968,0.5572,-0.1633,Running,correct
3607,Running,3.5674,6.5505,-1.7166,0.1998,0.66,-0.7949,Running,correct
3660,Running,1.1133,5.9879,-0.4812,-0.4959,-0.4303,-0.3285,Running,correct
3713,Running,2.2721,7.7069,0.0575,-0.1537,-0.0943,0.0368,Running,correct
3766,Running,4.4963,18.1169,-1.1253,-0.7717,1.5961,-0.0056,Running,correct
3819,Running,2.8012,11.5257,1.0894,0.2204,0.2787,0.065,Running,correct
3872,Running,3.0598,8.2384,1.5514,0.2947,0.2193,-0.1545,Running,correct
3925,Running,0.6656,10.094,0.3136,0.064,0.8362,0.1492,Running,correct
3978,Running,3.2178,8.4276,-0.2897,0.1679,0.7741,0.7679,Running,correct
4031,Running,2.4852,6.869,1.2258,-0.2161,1.2806,0.3269,Running,correct
4084,Running,2.9377,9.8019,1.5754,-0.2699,1.1762,0.4269,Running,correct
4137,Running,3.553,10.8505,1.4078,-0.0877,0.3797,0.0917,Running,correct
4190,Running,3.6009,8.9256,1.3024,0.2403,0.3786,0.0253,Running,correct
4243,Running,2.9521,8.9352,1.7717,0.126,0.2643,0.283,Running,correct
4296,Running,3.6272,9.3302,1.5347,0.0266,0.6022,0.2009,Running,correct
4349,Running,3.4237,9.4834,2.8874,-0.1601,0.4207,0.1948,Running,correct
4402,Running,3.2489,9.7133,2.0135,-0.0581,0.312,0.1665,Running,correct
4455,Running,2.6743,9.0237,2.4349,-0.0261,0.1575,0.2102,Running,correct
4508,Running,3.2226,8.8825,2.0494,0.0386,0.2406,0.1692,Running,correct
4561,Running,3.1915,9.0381,2.3727,-0.1529,0.3437,0.105,Running,correct
4614,Running,3.0191,9.244,2.3655,-0.1657,0.2305,0.1364,Running,correct
4667,Running,3.0574,9.2991,2.4086,-0.2081,0.3051,0.1793,Running,correct
4720,Running,3.0382,9.1028,2.624,-0.1516,0.1519,0.1839,Running,correct
4773,Running,3.2513,9.1482,2.636,-0.1172,0.1362,0.109,Running,correct
4826,Running,3.1125,9.0405,2.8587,-0.085,0.1127,0.0661,Running,correct
4879,Running,3.2154,9.0884,2.6767,-0.1354,0.1183,0.0099,Running,correct
4932,Running,3.0622,9.0237,2.909,-0.0962,0.0789,0.0141,Running,correct
4985,Running,3.1747,9.007,2.5905,-0.1338,0.13,-0.0173,Running,correct
5038,Running,3.0119,9.0956,2.818,-0.0997,0.1231,-0.0045,Running,correct
5091,Running,3.0095,9.2751,2.9233,-0.0648,0.1404,0.0061,Running,correct
5144,Running,3.0742,8.9735,2.976,-0.0306,0.1274,0.0061,Running,correct
5197,Running,3.0813,8.9759,2.976,-0.0288,0.0829,0.0101,Running,correct
5250,Running,3.0765,8.9304,2.9808,-0.024,0.105,0.0008,Walking,incorrect
5303,Running,3.0718,9.1363,2.9928,-0.0053,0.1615,-0.0099,Walking,incorrect
5356,Running,2.9281,9.1506,3.0574,-0.0373,0.2062,-0.0088,Walking,incorrect
5409,Running,2.976,9.1506,3.0167,0.0402,0.1895,0.0104,Walking,incorrect
2,Running,2.6935,8.9543,2.8778,-0.0099,-0.0357,-0.0354,...,warmup
56,Running,2.8299,8.9687,2.569,0.0381,-0.0061,-0.0498,...,warmup
109,Running,2.9808,8.9854,2.7222,0.1628,-0.032,-0.0293,...,warmup
162,Running,3.1963,9.2033,2.2769,0.1162,-0.008,-0.0043,...,warmup
215,Running,3.371,10.0868,1.9082,0.1751,0.0096,0.0104,...,warmup
268,Running,3.3112,9.3494,1.9273,0.3528,-0.1063,0.093,...,warmup
321,Running,3.1268,8.3222,2.15,0.3248,0.121,0.056,...,warmup
374,Running,3.6416,8.6431,2.2793,0.0877,0.1799,0.0203,...,warmup
427,Running,4.118,10.1514,2.3727,0.0461,0.1889,0.0837,...,warmup
480,Running,3.1723,9.4451,2.0758,0.1487,0.162,0.0589,...,warmup
533,Running,3.5362,8.5401,2.1548,0.1974,-0.0719,0.064,...,warmup
586,Running,4.051,8.8873,2.7414,0.1215,0.113,-0.0112,...,warmup
639,Running,4.3718,9.3087,2.1763,0.0674,0.3792,0.0256,...,warmup
692,Running,3.8235,9.1482,2.3248,0.0232,0.2867,0.0125,...,warmup
2,Running,-0.6273,9.1578,3.0071,0.0266,0.0749,-0.0226,...,warmup
56,Running,-0.6105,9.2703,2.9281,0.0203,0.0605,-0.0213,...,warmup
109,Running,-0.4573,9.1722,3.0047,0.053,0.0709,-0.0226,...,warmup
162,Running,-0.5938,9.2895,3.0335,0.0786,0.0362,-0.0245,...,warmup
215,Running,-0.2801,9.1243,3.0478,0.2046,0.0738,-0.0027,...,warmup
268,Running,-0.146,9.1866,3.735,0.4258,0.1951,0.008,...,warmup
321,Running,0.1317,9.8497,3.8858,0.049,0.0541,-0.0621,...,warmup
374,Running,-0.5555,9.426,3.4381,-0.1402,-0.0565,-0.218,...,warmup
427,Running,-0.0958,8.4946,3.7134,0.0845,0.0208,-0.1865,...,warmup
480,Running,0.5411,8.5976,3.5602,0.0983,-0.0584,-0.1482,...,warmup
533,Running,0.4717,9.2296,3.6727,0.2222,0.0562,-0.1111,...,warmup
586,Running,0.1389,8.6598,3.7996,0.458,0.0512,-0.1439,...,warmup
639,Running,0.3136,8.9471,3.6919,0.6648,0.0869,-0.2009,...,warmup
692,Running,0.2682,9.3446,3.4788,0.7205,0.0845,-0.1996,...,warmup
745,Running,-0.067,8.9878,3.4764,0.5183,0.0693,-0.3176,...,warmup
798,Running,0.2394,9.7013,2.8802,0.4317,0.3032,-0.2465,...,warmup
851,Running,-0.5339,8.837,-0.1077,0.9001,0.133,0.1412,...,warmup
904,Running,-7.106,11.0421,0.7877,0.7216,0.0234,-0.4554,...,warmup
957,Running,-4.6567,15.2654,1.6975,0.7933,-0.0757,-0.3091,...,warmup
1010,Running,-1.0439,11.1833,1.0702,0.9241,-0.1122,-0.2414,...,warmup
1063,Running,-1.0965,6.6822,1.1085,0.3768,-0.1697,0.1276,...,warmup
1116,Running,-1.9968,8.078,-0.3376,0.0594,0.101,0.1759,...,warmup
1169,Running,-0.3974,7.1132,-0.9194,-0.3293,1.0411,-0.0408,...,warmup
1222,Running,2.648,5.7604,-1.8818,-0.7818,1.2702,0.4647,...,warmup
1275,Running,-0.0024,13.4865,-1.0822,-0.3419,0.4892,0.6062,...,warmup
1328,Running,-2.976,19.168,-0.0862,-0.118,1.3662,0.2028,...,warmup
1381,Running,-0.5363,11.2456,1.6448,0.5553,1.3073,0.1042,...,warmup
1434,Running,-0.8092,7.9631,0.7949,-0.0597,1.1823,0.1679,...,warmup
1487,Running,-0.1101,3.3279,0.1317,-0.2627,0.1767,0.1801,...,warmup
1540,Running,0.4812,2.0518,-4.2617,-0.5628,-0.1063,-0.0786,...,warmup
1593,Running,-5.3534,10.0652,3.1891,-0.5004,-1.072,-0.6073,...,warmup
1646,Running,-6.7876,20.8152,-3.1843,-0.6576,-1.3907,-0.6358,...,warmup
1699,Running,0.7446,14.0013,0.9098,0.8615,-0.8495,-0.3152,...,warmup
1752,Running,-1.4629,9.1411,2.0662,-0.3016,-1.0373,-0.069,...,warmup
1805,Running,-1.4533,4.3096,-0.2298,-0.1487,-0.0751,0.497,...,warmup
1858,Running,1.9058,2.3391,-1.7286,-0.1386,1.2745,0.6712,...,warmup
1911,Running,4.7692,3.8499,-1.4413,-0.5505,1.0293,0.4871,...,warmup
1964,Running,4.2114,20.3435,-1.8699,0.1945,1.2241,0.3299,...,warmup
2017,Running,-2.5809,17.2215,2.1955,0.0989,1.8231,0.2571,...,warmup
2070,Running,-1.415,11.813,2.4134,0.2014,0.5423,0.3517,Running,correct
2123,Running,-1.3336,4.9943,-0.9242,-0.121,0.0179,-0.5225,Running,correct
2176,Running,1.1756,1.0271,0.0168,-0.0189,0.2265,-0.9507,Running,correct
2229,Running,0.6991,0.4477,-4.8914,-0.458,-0.1005,-0.316,Running,correct
2282,Running,-0.4334,17.6932,-0.2682,-1.8727,-1.4021,1.2143,Running,correct
2335,Running,-2.9377,18.4832,-4.2593,0.2228,-0.9718,-0.578,Running,correct
2388,Running,-1.1229,10.92,7.2568,0.1958,-1.6952,-0.9068,Running,correct
2441,Running,-0.3256,8.1666,-1.7885,-0.6049,-2.1933,-0.1969,Running,correct
2494,Running,2.5355,4.7333,-0.5483,0.5015,0.571,0.8284,Running,correct
2547,Running,4.039,1.6209,-0.6752,-0.5556,0.9169,0.6318,Running,correct
2600,Running,2.9904,5.4899,1.2139,-0.5697,1.0592,-0.4066,Running,correct
2653,Running,2.2529,30.5859,-0.5387,-0.3659,1.0733,0.5577,Running,correct
2706,Running,0.8092,12.548,2.7294,0.4876,1.8218,0.1807,Running,correct
2759,Running,-1.3671,8.4372,2.6049,-0.2006,0.9627,0.154,Running,correct
2812,Running,0.3112,0.6225,-1.1851,-0.0738,-0.1298,-0.7272,Running,correct
2865,Running,-2.9209,-0.8643,-1.3001,-0.6227,-0.8655,-1.267,Running,correct
2918,Running,-3.1819,10.5082,1.7454,-0.7778,-1.6473,-0.2697,Running,correct
2971,Running,1.5012,21.9141,-2.5235,0.8162,-1.1181,-0.0205,Running,correct
3024,Running,-1.913,9.5864,8.4396,-0.0949,-1.3947,-0.7783,Running,correct
3077,Running,-1.2522,8.7819,0.7925,-0.6832,-0.9262,-0.4834,Running,correct
3130,Running,1.2091,5.2529,-0.1963,-0.1713,-0.1388,0.3104,Running,correct
3183,Running,2.478,2.138,0.4286,0.0176,1.1202,0.7536,Running,correct
3236,Running,4.8363,1.415,-1.8435,-0.5441,1.1868,0.579,Running,correct
3289,Running,1.5443,30.7631,-0.7398,0.3616,0.1047,0.2353,Running,correct
3342,Running,3.4453,14.0324,3.4884,0.0466,1.999,-0.1503,Running,correct
3395,Running,-0.6081,10.0126,3.6296,-0.5873,0.3832,0.2321,Running,correct
3448,Running,-2.3487,4.8961,-0.2945,-0.5356,0.0648,-0.0834,Running,correct
3501,Running,-0.2682,1.4868,-0.4597,0.5393,-0.4341,-1.1237,Running,correct
3554,Running,-0.2107,2.4852,-1.992,-0.235,-0.6097,-0.5308,Running,correct
3607,Running,-4.7669,28.7592,2.8539,-0.5369,-0.3818,0.4213,Running,correct
3660,Running,-1.1349,14.7794,0.9337,-0.0472,-0.6384,-0.6328,Running,correct
3713,Running,-1.3408,9.1387,3.0119,0.2878,-0.3725,-0.145,Running,correct
3766,Running,1.0008,4.8937,1.0343,-0.6187,-0.6384,0.1476,Running,correct
3819,Running,1.7502,4.8147,0.5602,-0.1439,1.4426,0.4426,Running,correct
3872,Running,2.9329,5.2313,-2.6145,-0.9534,1.3435,0.2156,Running,correct
3925,Running,-0.1269,24.2174,-2.4181,1.0174,-0.1535,0.2459,Running,correct
3978,Running,-1.2665,12.1338,4.6663,0.2246,0.6749,-0.8956,Running,correct
4031,Running,1.8842,7.865,2.9736,0.2443,0.9627,0.3357,Running,correct
4084,Running,-2.6983,8.4013,0.8595,-0.4493,-0.3744,0.2124,Running,correct
4137,Running,-0.6345,6.3638,0.1867,-0.4346,-1.0107,-0.8692,Running,correct
4190,Running,1.2641,8.5162,0.6129,0.4439,-0.4082,-0.6243,Running,correct
4243,Running,-0.6369,11.7555,-0.6919,-0.4295,-0.7922,0.1506,Running,correct
4296,Running,-3.3854,12.9766,0.8667,-0.3845,0.1905,0.0397,Running,correct
4349,Running,-2.2553,11.7316,1.0151,0.3981,-0.494,-0.6454,Running,correct
4402,Running,-1.2402,9.6055,0.972,0.1585,-0.5137,-0.0384,Running,correct
4455,Running,-0.431,8.5377,0.6105,-0.1135,-0.6376,0.2904,Running,correct
4508,Running,-0.9266,8.3917,1.1301,-0.1029,-0.1788,-0.0392,Running,correct
4561,Running,-1.9154,8.2768,1.5467,-0.0378,-0.4181,-0.1879,Running,correct
4614,Running,-0.9194,10.5848,2.071,-0.4527,-0.1889,-0.1809,Running,correct
4667,Running,0.4166,9.9144,2.0758,0.1793,-0.4911,-0.0666,Running,correct
4720,Running,-1.1636,8.8633,2.3343,0.024,-0.3605,-0.2302,Running,correct
4773,Running,-1.1516,8.8825,2.3296,0.0861,-0.0749,-0.0512,Running,correct
4826,Running,-0.146,9.5122,2.7174,0.0133,-0.1737,-0.0781,Running,correct
4879,Running,-0.4118,8.8825,2.6624,0.0051,-0.1383,-0.0349,Running,correct
4932,Running,-0.7111,9.7492,2.6312,0.0877,-0.1122,0.0288,Running,correct
4985,Running,-0.4381,9.2488,2.557,0.1074,0.0442,-0.0424,Running,correct
5038,Running,-0.5315,9.2919,2.5881,0.0687,-0.0474,0.0011,Running,correct
5091,Running,-0.3472,9.481,2.6169,0.0232,-0.0637,0.0173,Running,correct
5144,Running,-0.4405,9.5289,2.8563,-0.0408,-0.1002,0.0027,Running,correct
5197,Running,-0.3783,9.4188,2.648,0.0493,0.1119,0.0234,Running,correct
5250,Running,-0.4166,9.3972,2.7845,-0.0021,-0.0037,0.0152,Running,correct
5303,Running,-0.5291,9.5337,2.624,-0.0277,0.0616,0.0072,Running,correct
5356,Running,-0.3735,9.3182,2.7366,-0.052,0.0466,0.0301,Running,correct
5409,Running,-0.498,9.4475,2.7414,-0.0392,-0.0093,0.0394,Running,correct
2,Running,-0.8452,9.414,2.2098,0.0394,0.0059,-0.0037,...,warmup
56,Running,-0.7997,9.414,2.3272,0.0277,0.0133,-0.0261,...,warmup
109,Running,-0.7278,9.4643,2.2146,0.0682,0.1298,-0.0048,...,warmup
162,Running,-0.7829,9.3063,2.1955,0.0152,0.105,0.0067,...,warmup
215,Running,-0.8882,9.3111,2.0734,0.0485,0.1039,-0.0024,...,warmup
268,Running,-0.4357,8.9663,2.0351,0.1212,0.2033,0.0394,...,warmup
321,Running,-0.1389,9.1794,2.5043,0.1388,0.2225,0.0829,...,warmup
374,Running,-0.838,10.2208,2.5067,0.0959,0.2038,-0.0072,...,warmup
427,Running,-0.589,9.0285,2.7342,0.2169,0.2984,-0.0314,...,warmup
480,Running,-0.0527,9.2368,3.304,0.2499,0.1785,-0.0165,...,warmup
533,Running,-0.1269,9.5481,3.0478,0.1026,0.0717,-0.1154,...,warmup
586,Running,-0.0742,8.327,2.9904,0.2974,0.308,-0.0765,...,warmup
639,Running,0.2394,8.5186,2.7653,0.4863,0.4714,0.0322,...,warmup
692,Running,0.4094,9.3613,2.7485,0.4674,0.5998,0.0698,...,warmup
745,Running,-0.0622,9.0884,2.3703,0.4938,0.7133,0.0442,...,warmup
798,Running,0.0814,11.1163,3.1388,0.542,0.5343,0.1156,...,warmup
851,Running,0.4142,12.4546,3.1077,0.5915,0.5305,0.2486,...,warmup
904,Running,0.3041,11.2767,2.6959,0.4128,0.4647,0.0309,...,warmup
957,Running,-0.6991,10.422,0.0527,0.194,0.0818,0.0045,...,warmup
1010,Running,-0.6201,7.2472,-2.4972,0.6915,-0.0093,0.5644,...,warmup
1063,Running,-2.6528,8.8178,-1.415,0.1561,-0.1532,0.0999,...,warmup
1116,Running,-2.5762,15.3804,-0.4836,0.3355,-0.0101,-0.1295,...,warmup
1169,Running,0.7302,12.9407,0.1963,0.1599,-0.7615,0.0823,...,warmup
1222,Running,-1.8364,10.4842,1.1947,-0.3309,-0.1927,0.2726,...,warmup
1275,Running,-0.4764,8.4683,-1.0223,-0.3701,0.2542,0.2262,...,warmup
1328,Running,1.6975,4.2329,-0.1197,0.5143,0.7943,0.2515,...,warmup
1381,Running,3.5745,1.9154,-2.7198,-0.8335,1.5066,0.1082,...,warmup
1434,Running,3.0382,14.3293,2.6887,-0.3664,1.3971,0.9467,...,warmup
1487,Running,3.7828,20.4608,-4.8578,-0.4085,0.3456,0.3451,...,warmup
1540,Running,-1.3288,8.0589,4.9823,0.554,0.6638,-0.3166,...,warmup
1593,Running,0.1604,7.1084,0.4094,0.2729,0.5063,-0.7877,...,warmup
1646,Running,2.411,3.8618,-0.9146,-0.1612,-0.1199,-0.7104,...,warmup
1699,Running,0.9409,2.9329,-3.735,-0.3501,-0.6305,-0.3762,...,warmup
1752,Running,-6.7804,14.7842,3.1771,-0.6864,-0.6965,0.5052,...,warmup
1805,Running,1.2977,18.4784,-3.6703,0.0445,-0.737,-0.1633,...,warmup
1858,Running,-1.3623,12.6414,3.2609,-0.2966,-2.0486,-0.9241,...,warmup
1911,Running,-0.4286,9.7995,0.6033,-0.4956,-1.2694,-0.142,...,warmup
1964,Running,1.6185,3.7134,0.1173,-0.4674,-0.3714,0.0818,...,warmup
2017,Running,2.4253,0.5746,-1.7597,-0.3762,0.8108,0.1839,...,warmup
2070,Running,3.1987,3.9959,0.4142,-0.5726,0.6797,0.3163,Running,correct
2123,Running,3.1603,31.0049,-0.9625,0.1966,1.3957,0.9009,Running,correct
2176,Running,2.9329,12.8353,1.2402,0.5804,2.0947,-0.4112,Running,correct
2229,Running,-0.5339,9.3853,2.1428,-0.0157,0.9563,-0.11,Running,correct
2282,Running,-1.7837,2.7438,-0.2562,-0.3027,0.7882,-0.6462,Running,correct
2335,Running,-0.5267,0.4573,-2.6911,0.0895,-0.0687,-0.9902,Running,correct
2388,Running,-0.7494,1.8244,-3.4812,-0.4431,-1.1868,-0.4461,Running,correct
2441,Running,-8.3222,29.8868,1.4796,-0.4586,-0.5857,-0.0797,Running,correct
2494,Running,-0.0886,15.4019,0.0814,0.0754,-0.6547,-0.6438,Running,correct
2547,Running,-1.9561,9.0716,3.6009,0.2385,-0.81,-0.2142,Running,correct
2600,Running,-1.4988,5.9209,-0.0335,-0.9646,-0.809,0.7139,Running,correct
2653,Running,1.2378,5.0111,-1.2761,0.1588,1.4504,1.0893,Running,correct
2706,Running,4.0438,3.5362,-1.9561,-0.5947,1.1924,0.473,Running,correct
2759,Running,-0.4238,16.1369,1.6448,0.0418,0.0261,-0.0264,Running,correct
2812,Running,-2.8922,15.5623,2.2769,-0.5814,-0.1708,0.2012,Running,correct
2865,Running,2.8084,10.6063,2.0877,0.4703,1.5897,0.1146,Running,correct
2918,Running,-1.4126,8.0349,1.4533,-0.6384,0.1641,0.1423,Running,correct
2971,Running,-0.146,3.2561,-1.7502,0.146,-1.0421,-0.3797,Running,correct
3024,Running,-0.8092,0.7757,-2.2218,0.0911,-0.1841,-1.0467,Running,correct
3077,Running,-1.1037,12.1865,2.3104,-0.8482,-0.4013,0.0815,Running,correct
3130,Running,-1.0678,18.6389,-0.2705,-0.2342,-0.1404,0.0077,Running,correct
3183,Running,-2.4038,10.4483,4.1252,0.036,-0.9832,-0.821,Running,correct
3236,Running,-0.8428,8.6024,2.0997,-0.5292,-0.9761,-0.142,Running,correct
3289,Running,2.0423,6.8738,0.0168,-0.6765,-0.3054,0.437,Running,correct
3342,Running,2.2721,4.5825,0.1173,-0.0147,1.4749,0.5652,Running,correct
3395,Running,1.834,4.5083,-0.7805,-0.6712,0.8159,0.2926,Running,correct
3448,Running,1.8364,23.9013,-0.2945,0.7336,0.3499,0.4389,Running,correct
3501,Running,0.7398,12.5767,3.8331,0.1817,1.5916,-0.3373,Running,correct
3554,Running,0.486,7.9775,3.2872,-0.2324,1.1519,0.1748,Running,correct
3607,Running,-2.7414,7.9464,1.3815,-0.8809,0.3451,0.2036,Running,correct
3660,Running,0.1173,6.3351,0.0958,0.0128,-0.1564,-0.6174,Running,correct
3713,Running,0.5411,4.8147,-3.1819,-0.1037,-0.4162,-0.6686,Running,correct
3766,Running,-3.5075,19.2877,1.6735,-0.7128,0.2497,0.7842,Running,correct
3819,Running,0.8068,14.2958,-2.1261,0.547,-0.17,0.0216,Running,correct
3872,Running,-1.1468,7.8865,4.7262,0.6568,0.0474,-0.5249,Running,correct
3925,Running,-1.2546,6.9576,0.3424,-0.3549,-0.3288,-0.1127,Running,correct
3978,Running,1.7095,9.9958,1.4222,-0.2718,0.4714,0.2787,Running,correct
4031,Running,0.3926,9.414,2.1117,-0.4868,1.1349,0.0965,Running,correct
4084,Running,-3.1915,6.9408,-0.2035,-1.2345,1.0709,-0.3086,Running,correct
4137,Running,0.7685,14.6453,1.1827,-0.2241,1.044,0.0266,Running,correct
4190,Running,1.8244,12.3541,0.6033,0.4572,-0.1676,-0.3683,Running,correct
4243,Running,1.0534,8.7843,2.1308,-0.2188,1.052,0.0203,Running,correct
4296,Running,-0.4884,10.8002,1.3072,-0.3986,0.6459,0.4231,Running,correct
4349,Running,-0.8092,8.6431,1.2354,-0.0392,0.1687,0.0003,Running,correct
4402,Running,0.8021,7.3837,1.9369,-0.0741,0.0296,-0.0354,Running,correct
4455,Running,0.8835,9.1674,1.8268,0.0155,0.1553,0.2952,Running,correct
4508,Running,-0.9649,9.6678,1.6759,-0.3142,0.194,0.1124,Running,correct
4561,Running,-1.166,9.9383,1.7621,-0.0754,0.2414,-0.0727,Running,correct
4614,Running,0.1748,9.8521,2.4756,0.1881,-0.0925,0.0669,Running,correct
4667,Running,0.2969,8.9878,2.0662,-0.0589,-0.1977,0.2233,Running,correct
4720,Running,-0.2131,9.596,1.9896,-0.1508,0.0935,0.2433,Running,correct
4773,Running,-0.5148,9.5624,2.0806,0.0147,0.0597,0.0338,Running,correct
4826,Running,-0.4764,9.5696,2.5666,0.0338,-0.037,0.0117,Running,correct
4879,Running,-0.0766,9.6414,2.3894,-0.0754,-0.1524,0.0456,Running,correct
4932,Running,-0.2873,9.3398,2.545,0.0693,-0.0402,-0.0059,Running,correct
4985,Running,-0.3208,9.268,2.5666,0.0373,0.0045,-0.0573,Running,correct
5038,Running,-0.4693,9.5122,2.5426,0.0069,0.0149,-0.0392,Running,correct
5091,Running,-0.3687,9.4212,2.6719,0.0344,0.0703,-0.0402,Running,correct
5144,Running,-0.5267,9.3398,2.6576,0.0322,0.0922,-0.0354,Walking,incorrect
5197,Running,-0.5794,9.4499,2.5786,0.0392,0.0549,0.008,Walking,incorrect
5250,Running,-0.4669,9.2895,2.4397,0.0493,0.1116,0.0091,Walking,incorrect
5303,Running,-0.3496,9.4332,2.4995,0.0967,0.0927,0.0338,Walking,incorrect
5356,Running,-0.237,9.5553,2.5833,0.0493,-0.0277,0.033,Walking,incorrect
5409,Running,-0.4022,9.4284,2.5474,0.0173,0.06,0.0429,Walking,incorrect
5462,Running,-0.4118,9.5385,2.3439,0.0648,0.1519,0.0797,Walking,incorrect
5515,Running,-0.2825,9.4451,2.4014,0.024,0.1543,0.0602,Walking,incorrect
5568,Running,-0.2849,9.6989,2.4397,-0.0448,0.122,0.0445,Walking,incorrect
2,Running,0.2394,9.426,2.6719,0.029,0.0655,-0.0576,...,warmup
56,Running,0.1221,9.4427,2.8778,0.0429,-0.0805,-0.0408,...,warmup
109,Running,0.1077,9.2632,2.8371,0.0823,-0.0594,-0.0679,...,warmup
162,Running,-0.0024,9.2344,2.9257,0.1292,-0.0879,-0.0613,...,warmup
215,Running,0.3759,8.9974,2.6959,0.2004,0.0328,-0.0362,...,warmup
268,Running,0.9697,8.3629,2.8754,0.3126,0.1455,0.0621,...,warmup
321,Running,0.8092,9.4451,3.2705,0.203,0.0746,0.0336,...,warmup
374,Running,0.3807,10.75,3.0239,0.1833,0.1932,-0.1186,...,warmup
427,Running,0.3783,9.3901,3.5985,0.292,0.0378,-0.0866,...,warmup
480,Running,0.4788,8.5305,3.5003,0.2132,0.1164,-0.1431,...,warmup
533,Running,0.7135,8.7508,3.2561,0.3877,0.0091,-0.0392,...,warmup
586,Running,1.3192,8.3151,2.8419,0.4914,0.117,-0.0139,...,warmup
639,Running,1.6233,8.7939,2.6959,0.5063,0.578,0.0469,...,warmup
692,Running,1.8483,10.082,3.146,0.3493,0.7512,0.0648,...,warmup
745,Running,1.5395,12.5743,3.4764,0.4695,0.9057,0.2675,...,warmup
798,Running,0.4525,10.9942,3.3088,0.5777,0.3853,0.0213,...,warmup
851,Running,0.0263,8.8562,1.8387,0.5111,-0.0751,-0.2579,...,warmup
904,Running,1.1181,9.4978,-2.0231,-0.0035,-0.6102,-0.3925,...,warmup
957,Running,-3.7469,12.7898,0.1532,-0.0682,-0.2827,-0.1737,...,warmup
1010,Running,-0.6584,14.0803,0.8045,-0.1852,-0.3813,0.1407,...,warmup
1063,Running,0.4118,9.1315,2.2266,0.1732,0.0117,-0.1156,...,warmup
1116,Running,0.2322,7.5441,1.391,-0.0919,-0.5273,0.0914,...,warmup
1169,Running,-0.6704,9.2512,1.4461,-0.2302,-0.1055,0.1631,...,warmup
1222,Running,0.1437,6.8666,-0.1844,0.0629,0.7866,0.1314,...,warmup
1275,Running,1.6592,2.3176,-1.1444,0.056,1.5855,0.4056,...,warmup
1328,Running,3.6081,4.8123,1.7621,-0.5004,1.0259,0.6107,...,warmup
1381,Running,4.1731,27.9164,-0.2059,-0.1665,0.4343,0.7935,...,warmup
1434,Running,-0.3615,13.0125,2.9712,0.9225,1.3227,0.1876,...,warmup
1487,Running,0.7254,7.5226,2.1811,0.6582,0.5172,0.1351,...,warmup
1540,Running,0.5746,7.1946,0.2251,0.2025,0.0671,-0.2782,...,warmup
1593,Running,2.1021,5.3654,-1.2426,0.7589,-0.6702,-0.3323,...,warmup
1646,Running,0.5124,2.3463,-2.3846,0.0677,-0.51,-0.4946,...,warmup
1699,Running,-2.8419,6.201,0.2322,-0.6107,-0.6643,-0.4511,...,warmup
1752,Running,-5.2505,31.1294,-1.8771,-0.3563,-1.251,0.134,...,warmup
1805,Running,2.32,13.8385,0.7901,0.1271,-1.08,-0.2918,...,warmup
1858,Running,-0.7111,9.3565,1.6472,-0.0456,-1.0384,0.1404,...,warmup
1911,Running,0.8116,5.2433,-0.3879,-0.3094,-0.7573,0.7117,...,warmup
1964,Running,2.6791,1.6448,-2.466,0.2713,1.2129,0.5244,...,warmup
2017,Running,3.8906,4.9871,-2.4876,-0.3898,1.3723,-0.0397,...,warmup
2070,Running,5.0829,20.9253,-0.0383,0.3291,0.5875,0.2332,Running,correct
2123,Running,2.8874,15.4977,-1.0391,0.2923,1.9049,0.162,Running,correct
2176,Running,-0.3448,11.4347,0.8619,0.4213,0.4791,-0.0951,Running,correct
2229,Running,-0.7398,4.7094,-0.5938,-0.7096,0.2659,-1.0501,Running,correct
2282,Running,1.3312,-0.6991,-1.7693,-0.2691,-0.5694,-0.995,Running,correct
2335,Running,0.6105,0.0192,-4.5131,-0.3195,-0.5558,-0.2273,Running,correct
2388,Running,-1.4557,16.8456,0.577,-0.9054,-1.218,0.7757,Running,correct
2441,Running,0.0958,20.7458,-4.9823,0.1929,-1.6489,-0.3989,Running,correct
2494,Running,-1.9656,10.647,6.3446,-0.291,-1.8903,-1.2351,Running,correct
2547,Running,1.4653,8.0254,-1.3551,-0.7594,-1.7491,-0.1471,Running,correct
2600,Running,1.9944,3.1627,0.6057,-0.0997,0.1482,0.6019,Running,correct
2653,Running,4.4101,0.4597,-3.5961,-0.3344,1.2502,0.9193,Running,correct
2706,Running,2.5139,4.889,0.0072,-0.2158,1.073,-0.4543,Running,correct
2759,Running,1.8603,28.7232,-2.0949,0.8143,0.3166,0.308,Running,correct
2812,Running,4.379,12.8664,2.7246,0.3464,2.2854,-0.0472,Running,correct
2865,Running,-1.4006,9.3613,1.2258,-0.1809,0.2459,0.1892,Running,correct
2918,Running,0.5794,2.4612,-1.4916,-0.1791,0.0767,-0.502,Running,correct
2971,Running,-1.4581,-1.1229,-1.0463,0.1799,-0.5361,-1.2444,Running,correct
3024,Running,0.4214,1.6688,-4.4245,0.0029,-0.2745,-0.1748,Running,correct
3077,Running,-5.5426,35.111,3.4141,-0.8186,0.0218,0.712,Running,correct
3130,Running,1.1253,14.607,-3.5338,-0.085,-0.862,-0.3986,Running,correct
3183,Running,-3.1053,9.8258,4.6998,-0.1809,-0.6675,-0.6065,Running,correct
3236,Running,1.822,4.8626,-1.81,-1.1772,-0.8013,0.4029,Running,correct
3289,Running,3.0574,2.4804,-0.5243,-0.2457,1.2825,0.8831,Running,correct
3342,Running,5.1619,2.32,-4.3287,-0.7693,1.546,0.8095,Running,correct
3395,Running,3.1388,30.2244,2.5738,0.6472,-0.0317,0.1804,Running,correct
3448,Running,3.4955,15.2056,1.6951,-0.1777,2.0227,0.0666,Running,correct
3501,Running,-0.814,9.0453,2.1069,-0.15,1.6129,0.1106,Running,correct
3554,Running,-3.2513,7.1323,-1.4198,-0.6331,0.219,-0.1927,Running,correct
3607,Running,1.0175,-0.6129,-0.5219,0.5686,-0.9185,-1.4,Running,correct
3660,Running,0.3926,-1.5395,-4.0318,-0.0021,-0.2806,-0.6201,Running,correct
3713,Running,-0.067,22.0578,5.1404,-1.2875,-0.2028,0.7733,Running,correct
3766,Running,-0.2107,18.5646,-2.6743,-0.0448,-0.3693,-0.0349,Running,correct
3819,Running,-3.1891,8.0158,5.0518,0.3184,-0.5401,-0.6107,Running,correct
3872,Running,2.8611,6.7588,-0.4501,-0.8082,-0.3701,-0.1474,Running,correct
3925,Running,2.3774,4.4412,-0.3926,-0.0421,1.5242,0.3293,Running,correct
3978,Running,3.3806,8.4276,-0.7781,-0.6867,1.7296,0.4375,Running,correct
4031,Running,1.7214,18.9286,2.478,0.1969,1.019,0.4485,Running,correct
4084,Running,0.3879,11.5664,1.8292,-0.1436,1.3547,-0.1045,Running,correct
4137,Running,0.0646,7.4771,2.0997,0.3096,1.6334,0.0818,Running,correct
4190,Running,-1.1061,8.7652,0.656,-0.1095,0.405,-0.3357,Running,correct
4243,Running,1.2115,4.2569,0.316,0.2289,-0.2555,-0.5081,Running,correct
4296,Running,1.4916,7.0485,-1.4102,-0.7352,-0.1047,-0.5462,Running,correct
4349,Running,-5.5474,19.8144,1.5275,-0.4002,0.3283,-0.0245,Running,correct
4402,Running,-1.4796,12.4618,-0.8882,0.2683,0.2427,-0.304,Running,correct
4455,Running,0.1556,7.4364,2.1668,0.2409,-0.3182,-0.2228,Running,correct
4508,Running,0.9026,8.6143,0.1484,-0.4756,-0.2971,0.1378,Running,correct
4561,Running,0.6943,9.2273,-0.0287,-0.5002,0.9009,0.1556,Running,correct
4614,Running,-0.7446,6.7397,1.4054,-0.2721,1.3531,-0.0173,Running,correct
4667,Running,-2.1141,8.5401,0.735,-1.457,0.8497,0.1335,Running,correct
4720,Running,0.9218,13.6134,1.0702,0.2097,0.4439,0.6043,Running,correct
4773,Running,1.1301,10.3789,2.5762,0.0421,0.4474,0.3397,Running,correct
4826,Running,-1.6137,8.3558,2.4301,-0.3861,0.6662,0.1516,Running,correct
4879,Running,-1.2617,10.161,1.889,-0.2433,0.2611,0.2899,Running,correct
4932,Running,0.3855,8.5832,2.399,-0.0003,-0.0727,0.1239,Running,correct
4985,Running,0.6033,8.7795,2.4948,0.1418,-0.0981,0.1553,Running,correct
5038,Running,0.6991,9.8593,2.6408,-0.1378,-0.1071,0.2542,Running,correct
5091,Running,-0.1748,9.7444,2.1284,0.0541,0.3264,0.0152,Running,correct
5144,Running,0.0383,9.2273,2.6073,0.2531,0.2361,0.073,Running,correct
5197,Running,0.4118,9.2895,2.3846,-0.0405,0.0885,0.1346,Running,correct
5250,Running,0.2466,10.149,2.4253,-0.0067,0.2414,0.2078,Running,correct
5303,Running,0.0287,9.6055,2.6217,0.0346,0.1836,0.1386,Running,correct
5356,Running,-0.1915,9.1315,2.4684,-0.0144,0.1162,0.0637,Running,correct
5409,Running,0.1796,9.6079,2.6312,-0.0069,0.0043,0.0695,Running,correct
5462,Running,0.3926,9.8043,2.5762,-0.044,0.0314,0.056,Running,correct
5515,Running,0.2035,9.256,2.4229,-0.0866,0.0831,0.0296,Running,correct
5568,Running,-0.2131,9.4308,2.5642,-0.0738,0.1018,0.0232,Running,correct
5621,Running,0.012,9.6893,2.8036,-0.1556,0.0392,-0.0229,Running,correct
5674,Running,-0.0527,9.5888,2.6576,-0.129,-0.0914,-0.0842,Running,correct
5727,Running,-0.0766,9.4858,2.5259,0.0093,0.0778,-0.0605,Running,correct
5780,Running,-0.0527,9.414,2.8515,-0.0549,0.037,-0.0306,Walking,incorrect
5833,Running,-0.0072,9.4092,2.7749,-0.0973,0.1098,-0.0525,Walking,incorrect
5886,Running,-0.1149,9.4116,2.7677,-0.1183,0.0935,0.0,Walking,incorrect
5939,Running,-0.1844,9.4667,2.8515,-0.081,0.1037,0.0155,Walking,incorrect
2,Running,-0.3112,9.3805,2.4708,0.0634,-0.0898,-0.0648,...,warmup
56,Running,-0.1772,9.4906,2.794,0.0418,-0.114,-0.0903,...,warmup
109,Running,-0.158,9.4858,2.8156,0.0421,-0.1037,-0.0786,...,warmup
162,Running,-0.2753,9.2823,2.7174,0.0301,-0.1354,-0.0877,...,warmup
215,Running,-0.2945,9.3661,2.7031,0.0528,0.0008,-0.0946,...,warmup
268,Running,-0.0694,9.0716,2.4421,0.1322,0.0474,-0.1079,...,warmup
321,Running,0.158,8.4707,2.1452,0.2076,0.0815,-0.0632,...,warmup
374,Running,0.4693,9.0884,2.3296,0.1359,0.1484,-0.0336,...,warmup
427,Running,-0.0575,10.2903,2.9233,0.0901,0.0669,-0.0813,...,warmup
480,Running,-0.5626,9.5768,3.6081,0.2121,0.2771,-0.1119,...,warmup
533,Running,-0.6895,8.9495,3.7086,0.1841,0.0783,-0.1324,...,warmup
586,Running,0.012,8.4731,3.2274,0.2457,0.0871,-0.1103,...,warmup
639,Running,0.5578,8.3031,3.2417,0.4788,0.0213,-0.0605,...,warmup
692,Running,0.2658,8.4898,2.8491,0.6326,0.5036,0.0288,...,warmup
745,Running,0.0622,10.1347,2.9951,0.5857,0.6065,0.1815,...,warmup
798,Running,0.0982,11.971,2.9999,0.421,0.1583,0.1567,...,warmup
851,Running,-0.6919,10.6111,2.9808,0.4479,-0.307,-0.0234,...,warmup
904,Running,-0.5938,9.4427,1.4437,0.263,-0.3712,-0.037,...,warmup
957,Running,0.0192,7.2496,-0.905,0.8124,-0.4967,0.4178,...,warmup
1010,Running,-3.9935,8.6239,-0.3328,0.5175,-0.971,-0.0325,...,warmup
1063,Running,-4.1539,16.4601,0.2562,0.7208,-0.8924,-0.2209,...,warmup
1116,Running,-0.0694,15.5503,1.5562,0.586,-1.17,-0.1106,...,warmup
1169,Running,-1.7166,10.0197,2.2242,0.1503,-0.7418,0.2513,...,warmup
1222,Running,-0.8643,5.6958,0.2753,0.1079,0.081,0.664,...,warmup
1275,Running,2.49,1.1037,-1.2091,0.2859,0.757,0.8998,...,warmup
1328,Running,5.3702,2.3056,-2.6552,0.0703,0.9539,0.6494,...,warmup
1381,Running,4.8123,22.0243,-1.6113,0.1071,0.4626,0.4783,...,warmup
1434,Running,0.5578,16.4218,-4.1611,0.6145,2.3561,-0.1162,...,warmup
1487,Running,2.6839,12.6725,4.8435,0.2308,0.9939,0.372,...,warmup
1540,Running,0.4238,7.6974,-0.9673,-0.4967,0.3704,-0.4173,...,warmup
1593,Running,0.0718,0.9553,-1.1923,-0.2433,0.5319,-0.6768,...,warmup
1646,Running,0.1676,1.3312,-5.3367,-0.3024,0.0448,-0.8423,...,warmup
1699,Running,-10.9966,26.1567,-2.1739,-0.2843,-1.9473,-0.2004,...,warmup
1752,Running,1.2713,17.3149,-6.7421,-0.2342,-1.7219,0.5433,...,warmup
1805,Running,2.8371,10.7883,8.4827,-0.9449,-1.0451,-0.6352,...,warmup
1858,Running,0.2394,4.8507,-2.5019,-1.247,-1.3368,0.0863,...,warmup
1911,Running,1.5395,0.7542,-0.1891,-0.5729,0.7847,0.7989,...,warmup
1964,Running,5.1595,1.6305,-2.9329,-0.5969,1.4389,0.5143,...,warmup
2017,Running,4.853,17.7626,3.5698,0.1399,0.914,-0.1673,...,warmup
2070,Running,0.838,18.3085,-1.2833,-0.5199,0.6398,0.3512,Running,correct
2123,Running,0.2131,11.6071,2.6743,0.5561,1.0251,-0.0216,Running,correct
2176,Running,-0.0551,5.7652,1.4988,-0.2329,0.6438,-0.5702,Running,correct
2229,Running,1.1133,-0.2969,-3.1196,0.2148,-0.4959,-0.9912,Running,correct
2282,Running,-0.3855,0.4453,-3.5099,-0.0557,-0.2798,-0.6678,Running,correct
2335,Running,-5.387,26.6953,2.3727,-0.2409,-1.0469,1.092,Running,correct
2388,Running,1.9585,17.571,-3.5243,-0.2806,-1.1898,-0.6089,Running,correct
2441,Running,-1.008,9.9599,5.0206,0.0445,-1.291,-0.5846,Running,correct
2494,Running,1.7837,6.9815,-0.4812,-1.1029,-1.5524,-0.0394,Running,correct
2547,Running,1.8435,3.2825,-0.0646,0.0919,0.9196,0.3264,Running,correct
2600,Running,4.288,0.8787,-2.7366,-0.5926,1.7682,0.5108,Running,correct
2653,Running,1.1516,8.248,2.0183,-0.1687,0.8879,0.2459,Running,correct
2706,Running,2.8587,24.3778,-0.1173,-0.1212,0.6595,0.4636,Running,correct
2759,Running,1.8435,11.8776,4.5322,0.497,1.5012,-0.1095,Running,correct
2812,Running,-0.9936,7.0916,1.0199,-0.3163,0.7469,0.2422,Running,correct
2865,Running,0.5698,-0.3136,-2.6264,-0.2108,-0.6707,-0.8625,Running,correct
2918,Running,-1.2115,-0.7183,-3.4453,0.0085,-0.1652,-1.0651,Running,correct
2971,Running,-3.8044,26.2812,3.9193,-0.7344,-1.2047,0.5486,Running,correct
3024,Running,1.1756,17.4777,0.5722,-0.2995,-0.219,-0.4572,Running,correct
3077,Running,-1.1325,8.193,3.7924,0.2068,-0.9289,-0.5143,Running,correct
3130,Running,1.3599,7.3239,0.7159,-0.6419,-1.0579,-0.0735,Running,correct
3183,Running,3.0287,3.5626,-1.3288,0.1223,1.0413,0.5055,Running,correct
3236,Running,5.2792,2.9904,-3.1244,-0.6672,1.9287,0.4831,Running,correct
3289,Running,-0.1844,22.2637,2.4541,0.6771,0.4154,-0.1346,Running,correct
3342,Running,-2.9353,16.5056,3.644,-0.0509,1.0405,-0.2955,Running,correct
3395,Running,2.3703,8.4252,3.0335,0.2337,1.5764,0.0416,Running,correct
3448,Running,-1.6257,5.3582,1.2929,-0.6718,0.32,-0.121,Running,correct
3501,Running,-0.7566,1.6281,-2.624,0.226,-0.4836,-0.6297,Running,correct
3554,Running,0.3879,3.0143,-1.8866,-0.3659,-0.5103,-0.7959,Running,correct
3607,Running,-5.3391,28.752,0.5387,-0.121,-0.9411,-0.2318,Running,correct
3660,Running,-1.3575,11.7914,-0.0982,0.4375,0.182,-0.2262,Running,correct
3713,Running,-1.8842,7.1658,3.067,0.3552,-0.4882,-0.1823,Running,correct
3766,Running,0.6584,7.422,-0.17,-0.6843,-0.0336,0.117,Running,correct
3819,Running,2.332,6.608,-0.1891,0.0362,1.4352,0.5777,Running,correct
3872,Running,6.0501,6.268,-2.5283,-0.9385,1.8071,0.4554,Running,correct
3925,Running,0.2011,18.1672,1.506,-0.2662,0.3645,0.2145,Running,correct
3978,Running,-6.8354,15.2367,1.9465,0.4442,0.862,-0.4407,Running,correct
4031,Running,0.5387,7.5609,3.3495,0.6542,1.0349,0.3517,Running,correct
4084,Running,1.1085,7.7812,1.1899,-0.2558,0.0,-0.1607,Running,correct
4137,Running,-0.1413,8.0206,0.0982,-0.2198,-0.586,-0.6241,Running,correct
4190,Running,1.1013,7.0126,0.0646,-0.0717,-0.7498,-0.3413,Running,correct
4243,Running,-1.3144,14.0372,0.1844,-1.1714,0.5633,-0.4149,Running,correct
4296,Running,-3.1819,12.6127,0.9649,-0.19,-0.0234,-0.2145,Running,correct
4349,Running,0.2418,9.8976,1.7789,0.1162,0.0211,-0.1828,Running,correct
4402,Running,-1.4629,9.2751,1.3695,-0.2934,-0.3709,0.1575,Running,correct
4455,Running,-0.9313,7.5346,0.8236,-0.1284,0.3624,0.3773,Running,correct
4508,Running,0.3496,7.5274,1.5826,-0.2262,0.5694,0.3496,Running,correct
4561,Running,-0.7518,8.6598,2.083,-0.2585,0.4708,0.226,Running,correct
4614,Running,-1.4796,10.6518,2.3487,-0.4554,0.2947,0.1753,Running,correct
4667,Running,-0.8595,11.5784,2.5426,-0.0234,0.319,0.2206,Running,correct
4720,Running,-0.5962,8.8945,2.5211,0.1212,-0.0711,0.2084,Running,correct
4773,Running,-0.3208,8.0709,2.2577,0.0208,0.2388,0.1799,Running,correct
4826,Running,-0.1101,9.0884,2.545,-0.0333,0.1703,0.1564,Running,correct
4879,Running,-0.395,9.6558,2.727,-0.0885,0.2318,0.0927,Running,correct
4932,Running,-0.6225,10.0149,2.8252,0.0149,0.065,0.1258,Running,correct
4985,Running,-0.2729,9.1291,2.9449,0.0562,0.1311,0.1207,Running,correct
5038,Running,-0.4022,9.2009,2.6432,-0.0184,0.0552,0.0376,Running,correct
5091,Running,-0.3352,9.426,2.7653,-0.0512,0.0525,0.0013,Running,correct
5144,Running,-0.3424,9.3087,2.9521,0.0522,0.0408,0.069,Running,correct
5197,Running,-0.2274,9.4044,3.0071,0.0352,0.0091,0.0624,Running,correct
5250,Running,-0.3519,9.347,2.8659,-0.0165,0.0946,0.0192,Running,correct
5303,Running,-0.4501,9.4068,2.9544,-0.0472,0.1061,0.0266,Running,correct
5356,Running,-0.4357,9.3709,2.9185,-0.052,0.0448,0.0624,Running,correct
5409,Running,-0.3543,9.4068,2.8347,-0.0304,0.0352,0.0735,Running,correct
5462,Running,-0.2466,9.426,2.9305,-0.0474,0.0245,0.0504,Running,correct
5515,Running,-0.2586,9.3374,2.727,-0.0754,0.0285,0.0213,Running,correct
5568,Running,-0.2203,9.4068,2.9018,-0.105,0.0234,0.02,Running,correct
5621,Running,-0.2274,9.2823,2.885,-0.0485,0.0576,0.0133,Walking,incorrect
5674,Running,-0.2682,9.3829,3.122,-0.0621,0.0456,0.0163,Walking,incorrect
5727,Running,-0.2107,9.3278,3.0191,-0.1029,0.0797,0.0051,Walking,incorrect
2,Up-stairs,-0.4334,9.3254,2.1237,0.1204,0.21,0.0501,...,warmup
56,Up-stairs,-0.2658,9.8402,1.913,0.0874,0.3685,0.0296,...,warmup
109,Up-stairs,-0.1125,9.9359,2.7581,0.1935,0.4162,0.0218,...,warmup
162,Up-stairs,-0.5411,10.6063,3.1508,0.0314,0.3725,0.0221,...,warmup
215,Up-stairs,-1.1444,9.5457,3.1436,0.1569,0.271,0.0011,...,warmup
268,Up-stairs,-0.668,8.3342,2.3415,0.2156,0.2054,0.0605,...,warmup
321,Up-stairs,-0.5219,8.77,1.889,0.3435,-0.0264,0.1154,...,warmup
374,Up-stairs,-0.1101,10.1658,2.1237,0.2435,0.1388,0.1087,...,warmup
427,Up-stairs,0.0982,9.6845,2.6695,0.1314,0.3206,0.0141,...,warmup
480,Up-stairs,-0.3376,9.3565,2.4277,-0.0288,0.3922,0.1077,...,warmup
533,Up-stairs,-0.3448,10.4387,2.8228,-0.2305,0.1809,-0.0453,...,warmup
586,Up-stairs,-1.1923,12.1218,2.8826,-0.3192,0.036,-0.1948,...,warmup
639,Up-stairs,-1.1444,12.481,1.6712,-0.1021,-0.0578,-0.0416,...,warmup
692,Up-stairs,-1.1636,14.528,0.3376,-0.0616,-0.6344,0.024,...,warmup
745,Up-stairs,-1.992,8.4396,-0.328,0.8799,-0.6664,-0.3072,...,warmup
798,Up-stairs,-1.4748,7.6878,0.3831,0.227,-0.4199,-0.1476,...,warmup
851,Up-stairs,-0.984,8.1283,0.4836,0.1945,-0.4962,-0.255,...,warmup
904,Up-stairs,-1.1803,7.7596,0.6225,0.1804,-0.2105,-0.1207,...,warmup
957,Up-stairs,-2.1691,6.6128,0.9816,0.19,-0.373,-0.0525,...,warmup
1010,Up-stairs,-1.585,8.4683,0.9409,0.2158,-0.0933,-0.0903,...,warmup
1063,Up-stairs,-1.1803,10.0772,0.8667,0.1727,-0.2715,0.044,...,warmup
1116,Up-stairs,-2.1452,10.4124,1.6568,0.3163,0.0434,0.1388,...,warmup
1169,Up-stairs,-2.5666,9.9048,1.2617,0.1292,-0.036,0.0512,...,warmup
1222,Up-stairs,-2.4684,11.5161,1.1516,-0.2491,0.0512,0.0554,...,warmup
1275,Up-stairs,-1.4533,13.6254,0.3783,-0.1982,0.5897,0.4381,...,warmup
1328,Up-stairs,0.5076,13.1849,-1.4293,-0.0072,0.2403,0.2214,...,warmup
1381,Up-stairs,2.1787,8.5377,-1.6089,0.3243,0.4714,0.1577,...,warmup
1434,Up-stairs,0.5531,8.2408,-2.071,-0.3704,0.7144,0.3347,...,warmup
1487,Up-stairs,1.1181,10.2903,0.2562,0.0053,0.3227,0.425,...,warmup
1540,Up-stairs,1.0582,9.5648,0.431,-0.13,0.47,0.0887,...,warmup
1593,Up-stairs,0.9385,7.2089,-0.0048,-0.0011,0.9923,0.0224,...,warmup
1646,Up-stairs,0.3232,7.4268,0.0814,-0.1183,0.656,-0.0091,...,warmup
1699,Up-stairs,0.5435,8.0349,0.3424,0.0602,0.2896,0.0354,...,warmup
1752,Up-stairs,0.8954,8.1355,0.3376,0.052,0.215,0.0088,...,warmup
1805,Up-stairs,0.8188,9.8976,0.8452,-0.2076,0.0679,-0.0229,...,warmup
1858,Up-stairs,1.1588,12.6749,1.1732,-0.2388,0.1708,-0.0959,...,warmup
1911,Up-stairs,1.7071,17.4154,-0.9744,-0.3355,0.0421,-0.0051,...,warmup
1964,Up-stairs,-1.3958,10.9607,-1.6855,0.6257,-0.6704,-0.3765,...,warmup
2017,Up-stairs,-2.557,6.5553,-0.5507,0.1359,-0.3595,-0.6888,...,warmup
2070,Up-stairs,-0.3615,7.7524,-0.2586,0.1511,-0.3824,-0.3019,Walking,incorrect
2123,Up-stairs,0.9074,11.1139,-0.4908,-0.2086,-0.3512,-0.2326,Walking,incorrect
2176,Up-stairs,-0.2131,8.7364,0.3855,-0.0858,0.0911,0.0538,Walking,incorrect
2229,Up-stairs,-1.2737,6.9839,0.2083,0.0997,0.0328,0.1394,Walking,incorrect
2282,Up-stairs,-1.9034,7.5705,-0.1556,0.1511,-0.0597,-0.1431,Walking,incorrect
2335,Up-stairs,-1.6041,8.8107,0.5195,0.3136,-0.081,-0.2531,Walking,incorrect
2388,Up-stairs,-1.2761,10.1011,0.3519,0.2689,-0.1007,-0.1151,Walking,incorrect
2441,Up-stairs,-1.4365,10.8888,-0.1484,-0.2609,-0.0003,-0.008,Walking,incorrect
2494,Up-stairs,-2.0542,13.0005,-0.2945,-0.3944,0.1966,0.3456,Walking,incorrect
2547,Up-stairs,-1.0606,14.4346,-2.7102,-0.0973,0.4338,0.2364,Walking,incorrect
2600,Up-stairs,3.2489,9.232,-1.47,0.5758,0.4381,0.279,Walking,incorrect
2653,Up-stairs,1.3264,6.9983,-0.7685,-0.408,0.6134,0.2065,Up-stairs,correct
2706,Up-stairs,0.0766,9.1961,-0.1939,-0.1705,0.6408,0.6078,Up-stairs,correct
2759,Up-stairs,0.2227,9.9862,-0.2777,-0.1188,0.3464,0.1588,Up-stairs,correct
2812,Up-stairs,0.5339,7.2209,0.3807,0.1951,0.6949,-0.1183,Up-stairs,correct
2865,Up-stairs,0.7542,6.8498,0.1796,0.0717,0.4791,-0.0029,Up-stairs,correct
2918,Up-stairs,0.9553,8.3725,0.2897,-0.1031,0.1354,0.2084,Up-stairs,correct
2971,Up-stairs,0.8188,10.1418,0.486,0.0597,0.288,0.1796,Up-stairs,correct
3024,Up-stairs,0.9816,11.1235,0.7039,-0.0549,0.2313,0.0056,Up-stairs,correct
3077,Up-stairs,1.4389,12.1266,0.7901,-0.2241,-0.0522,-0.1884,Up-stairs,correct
3130,Up-stairs,1.4533,14.9015,-1.4676,-0.3557,0.0472,-0.207,Up-stairs,correct
3183,Up-stairs,-0.7398,12.1242,-1.9704,0.1218,-0.866,-0.3619,Up-stairs,correct
3236,Up-stairs,-1.6137,7.5968,-2.3583,0.2742,-0.3877,-0.6281,Up-stairs,correct
3289,Up-stairs,-0.5674,7.7428,-1.3671,0.1764,-0.5217,-0.3938,Up-stairs,correct
3342,Up-stairs,-0.6345,10.331,-0.9146,0.145,-0.7538,-0.2779,Up-stairs,correct
3395,Up-stairs,-0.2729,8.5736,0.0239,0.0285,-0.3544,-0.2038,Up-stairs,correct
3448,Up-stairs,-0.838,6.7924,0.1149,0.1159,-0.2369,-0.0083,Up-stairs,correct
3501,Up-stairs,-1.0104,7.9272,-0.5004,-0.0799,-0.5156,0.0749,Up-stairs,correct
3554,Up-stairs,-1.3024,9.6965,-0.0575,-0.0109,-0.4636,-0.0008,Up-stairs,correct
3607,Up-stairs,-1.7765,11.2432,-0.4645,-0.0765,-0.1636,-0.0799,Up-stairs,correct
3660,Up-stairs,-1.3647,11.0852,0.3639,-0.3595,0.0352,-0.0269,Up-stairs,correct
3713,Up-stairs,-1.4126,11.7579,-1.1205,-0.315,0.323,0.287,Up-stairs,correct
3766,Up-stairs,0.2873,11.9734,-2.9113,0.0805,0.5049,0.1506,Up-stairs,correct
3819,Up-stairs,3.1819,9.1554,-1.2713,0.4229,0.5716,0.1695,Up-stairs,correct
3872,Up-stairs,0.9266,7.5992,-0.7973,-0.4151,0.5079,0.2265,Up-stairs,correct
3925,Up-stairs,-0.2658,9.6151,-0.2083,-0.1146,0.3816,0.4138,Up-stairs,correct
3978,Up-stairs,0.5148,9.086,-0.2442,0.0349,0.6078,0.0218,Up-stairs,correct
4031,Up-stairs,1.087,7.2975,0.0622,0.1242,0.5806,-0.1252,Up-stairs,correct
4084,Up-stairs,0.9936,7.4843,0.0958,0.1191,0.5585,0.1553,Up-stairs,correct
4137,Up-stairs,1.257,9.2919,-0.067,0.0096,0.6432,0.3144,Up-stairs,correct
4190,Up-stairs,0.7446,10.7164,0.1101,0.0989,0.6971,0.1188,Up-stairs,correct
4243,Up-stairs,0.9768,11.1474,0.3448,-0.1324,0.2782,-0.1247,Up-stairs,correct
4296,Up-stairs,1.6927,11.995,-0.091,-0.1913,0.0298,-0.1639,Up-stairs,correct
4349,Up-stairs,1.6376,14.9757,-2.2051,-0.3621,-0.0437,0.1199,Up-stairs,correct
4402,Up-stairs,-1.7262,10.1347,-2.5402,0.3954,-0.2854,-0.2729,Up-stairs,correct
4455,Up-stairs,-1.1803,6.4524,-1.5299,0.142,-0.214,-0.5729,Up-stairs,correct
4508,Up-stairs,-0.5746,9.3637,-0.9577,0.0482,-0.4088,-0.3355,Up-stairs,correct
4561,Up-stairs,0.3352,11.2408,-0.9337,0.0091,-0.3269,-0.0512,Up-stairs,correct
4614,Up-stairs,-0.6536,7.9823,0.2801,0.1753,-0.1711,0.0085,Up-stairs,correct
4667,Up-stairs,-0.893,7.0677,-0.4525,0.1079,-0.255,-0.0136,Up-stairs,correct
4720,Up-stairs,-1.0104,8.339,-0.6488,0.0322,-0.3938,-0.1266,Up-stairs,correct
4773,Up-stairs,-0.9385,10.1993,-0.5698,0.1695,-0.2809,-0.0754,Up-stairs,correct
4826,Up-stairs,-0.996,10.8218,-0.5938,0.0597,0.0322,-0.033,Up-stairs,correct
4879,Up-stairs,-1.2354,10.4627,-0.8045,-0.3472,0.0538,-0.0866,Up-stairs,correct
4932,Up-stairs,-1.2689,11.6598,-2.3583,-0.3432,0.4418,0.227,Up-stairs,correct
4985,Up-stairs,1.6161,12.0979,-2.32,0.182,0.498,0.0839,Up-stairs,correct
5038,Up-stairs,2.897,8.1762,-2.1428,-0.0152,0.0301,0.0296,Up-stairs,correct
5091,Up-stairs,0.3926,7.8003,-0.7805,-0.5409,0.3754,0.2435,Up-stairs,correct
5144,Up-stairs,0.3591,10.1155,-1.0965,0.0059,0.2918,0.3246,Up-stairs,correct
5197,Up-stairs,1.1492,8.837,-0.2155,-0.069,0.4018,-0.073,Up-stairs,correct
5250,Up-stairs,1.2067,7.6351,-0.1053,-0.0088,0.3608,0.0043,Up-stairs,correct
5303,Up-stairs,0.8882,8.1163,-0.2873,-0.1215,0.4005,0.1823,Up-stairs,correct
5356,Up-stairs,0.7709,8.8178,-0.2945,-0.1503,0.4599,0.0919,Up-stairs,correct
5409,Up-stairs,0.9218,10.6063,-0.0239,-0.0405,0.4221,0.0282,Up-stairs,correct
5462,Up-stairs,1.6257,10.8793,0.1532,-0.1993,0.0765,-0.041,Up-stairs,correct
5515,Up-stairs,1.5371,11.2647,-0.3136,-0.2513,-0.0163,-0.0866,Up-stairs,correct
5568,Up-stairs,0.7949,15.366,-1.6855,-0.4221,-0.3632,-0.0149,Up-stairs,correct
5621,Up-stairs,-1.3168,10.2975,-2.0614,0.3323,-0.441,-0.3619,Up-stairs,correct
5674,Up-stairs,-0.8595,6.8091,-1.7885,0.0493,-0.0965,-0.4359,Up-stairs,correct
5727,Up-stairs,-0.5459,8.7125,-1.0702,0.0117,-0.5209,-0.2547,Up-stairs,correct
5780,Up-stairs,-0.0527,10.5417,-0.8236,0.0245,-0.3621,-0.1119,Up-stairs,correct
5833,Up-stairs,-0.6847,8.4994,0.0575,0.15,-0.2148,-0.0778,Up-stairs,correct
5886,Up-stairs,-0.8571,7.1108,0.0359,0.2022,-0.1596,-0.0266,Up-stairs,correct
5939,Up-stairs,-0.6321,8.1283,-0.4908,0.1303,-0.3158,-0.0208,Up-stairs,correct
5992,Up-stairs,-1.0702,10.2304,-0.5219,0.2494,-0.3451,0.0544,Up-stairs,correct
6045,Up-stairs,-1.4437,11.248,-0.5267,0.0727,-0.3206,-0.0501,Up-stairs,correct
6098,Up-stairs,-1.1085,11.1235,-0.7781,-0.3091,-0.0554,-0.1905,Up-stairs,correct
6151,Up-stairs,-1.2546,11.9519,-1.8675,-0.3195,0.3397,0.0655,Up-stairs,correct
6204,Up-stairs,1.3216,13.6829,-1.5227,-0.1561,0.4008,0.0512,Up-stairs,correct
6257,Up-stairs,2.3152,9.1578,-1.81,0.1498,0.2569,-0.0706,Up-stairs,correct
6310,Up-stairs,0.3496,6.9983,-1.5706,-0.5636,0.5726,-0.0234,Up-stairs,correct
6363,Up-stairs,0.2634,9.0309,-0.3615,0.0434,0.3347,0.2641,Up-stairs,correct
6416,Up-stairs,0.9481,8.9088,-0.4597,-0.008,0.3818,-0.032,Up-stairs,correct
6469,Up-stairs,0.9816,6.7756,0.0599,0.1953,0.7597,-0.0288,Up-stairs,correct
6522,Up-stairs,0.929,7.6782,-0.2849,0.0586,0.6011,0.2033,Up-stairs,correct
6575,Up-stairs,0.7733,8.8538,-0.3519,0.1514,0.6488,0.2435,Up-stairs,correct
6628,Up-stairs,0.6776,10.2328,-0.1101,0.1074,0.6795,0.1841,Up-stairs,correct
6681,Up-stairs,0.8787,10.7643,-0.0024,-0.1394,0.3368,0.0029,Up-stairs,correct
6734,Up-stairs,1.2641,11.3413,-0.0359,-0.4445,-0.105,-0.3166,Up-stairs,correct
6787,Up-stairs,1.5897,15.1026,-1.9225,-0.3539,-0.0914,-0.4612,Up-stairs,correct
6840,Up-stairs,-0.9625,12.6797,-2.7964,-0.0416,-0.9414,-0.3456,Up-stairs,correct
6893,Up-stairs,-2.0877,7.2808,-1.9225,0.1825,-0.1045,-0.4362,Up-stairs,correct
6946,Up-stairs,-1.4006,8.0134,-1.1516,0.0008,-0.6475,-0.4061,Up-stairs,correct
6999,Up-stairs,-1.2881,10.0221,-0.984,0.0783,-0.4911,-0.3461,Up-stairs,correct
7052,Up-stairs,-0.6369,8.7245,-0.5004,0.0498,-0.4189,-0.1394,Up-stairs,correct
7105,Up-stairs,-0.9744,7.4627,0.0359,0.2318,-0.211,0.1143,Up-stairs,correct
7158,Up-stairs,-1.5514,7.8338,-0.6153,-0.1069,-0.6038,0.0568,Up-stairs,correct
7211,Up-stairs,-1.9728,9.153,-1.0511,0.138,-0.3725,-0.1015,Up-stairs,correct
7264,Up-stairs,-1.7119,11.3294,-0.0814,0.211,-0.1023,-0.1111,Up-stairs,correct
7317,Up-stairs,-1.1756,10.6805,-0.17,-0.0634,0.0653,0.0088,Up-stairs,correct
7370,Up-stairs,-1.0295,10.7907,-1.1492,-0.397,0.2785,0.3421,Up-stairs,correct
7423,Up-stairs,-1.233,12.5528,-3.7086,-0.4708,0.5159,0.3341,Up-stairs,correct
7476,Up-stairs,2.296,10.5297,-1.7478,0.1466,0.5401,0.0168,Up-stairs,correct
7529,Up-stairs,0.9026,8.3797,-0.1891,-0.6699,0.5324,0.0261,Up-stairs,correct
7582,Up-stairs,-0.2562,9.5505,-0.3376,-0.412,0.2454,0.4898,Up-stairs,correct
7635,Up-stairs,-0.3807,8.8538,0.012,-0.0965,0.2217,0.1111,Up-stairs,correct
7688,Up-stairs,0.1915,6.2273,0.079,0.2395,0.4037,-0.2459,Up-stairs,correct
7741,Up-stairs,0.3879,6.2082,0.1724,0.3064,0.3283,0.0786,Up-stairs,correct
7794,Up-stairs,0.9361,8.509,0.0982,0.0933,0.0416,0.4205,Up-stairs,correct
7847,Up-stairs,1.1396,11.5448,0.3591,0.0165,0.4194,0.2627,Up-stairs,correct
7900,Up-stairs,1.075,11.8489,0.5986,-0.1585,0.3741,-0.053,Up-stairs,correct
7953,Up-stairs,0.8308,12.9454,-0.2514,-0.2068,0.1561,-0.1223,Up-stairs,correct
8006,Up-stairs,1.312,15.2463,-2.4972,0.0229,0.1308,0.0901,Up-stairs,correct
8059,Up-stairs,-1.5514,9.3661,-3.1244,0.3296,-0.6795,-0.4788,Up-stairs,correct
8112,Up-stairs,-1.3886,6.2728,-0.7374,0.0394,-0.1095,-0.5361,Up-stairs,correct
8165,Up-stairs,-0.7135,8.9759,-1.5227,0.1727,-0.6971,-0.4064,Up-stairs,correct
8218,Up-stairs,-0.1987,9.3398,0.1628,0.0272,-0.3163,-0.2902,Up-stairs,correct
8271,Up-stairs,-0.6105,7.2353,-0.237,0.1884,-0.2265,-0.1005,Up-stairs,correct
8324,Up-stairs,-0.8284,7.6854,-0.1317,-0.0754,-0.0834,0.0357,Up-stairs,correct
8377,Up-stairs,-1.3144,10.3094,-0.7087,-0.1327,-0.1442,-0.0067,Up-stairs,correct
8430,Up-stairs,-2.0207,11.7651,-0.4262,-0.1266,-0.0469,-0.117,Up-stairs,correct
8483,Up-stairs,-1.2474,11.6622,0.0072,-0.6885,-0.1146,-0.1956,Up-stairs,correct
8536,Up-stairs,-1.2617,11.904,-0.8715,-1.0,0.9667,-0.0474,Up-stairs,correct
8589,Up-stairs,-1.3336,11.4108,-2.0351,-0.4714,1.1511,-0.1287,Up-stairs,correct
8642,Up-stairs,1.3336,9.0022,-0.8906,-0.1348,0.1023,-0.113,Up-stairs,correct
8695,Up-stairs,0.656,9.5217,0.2394,-0.4756,0.4423,0.0418,Up-stairs,correct
8748,Up-stairs,-0.2825,8.248,0.5291,-0.3549,0.785,0.2537,Up-stairs,correct
8801,Up-stairs,0.4262,7.4124,0.6464,-0.1932,0.5875,0.2459,Up-stairs,correct
8854,Up-stairs,-0.0886,6.9504,0.8404,-0.0224,0.1511,0.1324,Up-stairs,correct
8907,Up-stairs,-0.091,6.6583,0.7685,0.162,0.1953,0.2569,Up-stairs,correct
8960,Up-stairs,0.4453,8.3055,1.1756,0.2172,0.2875,0.2555,Up-stairs,correct
9013,Up-stairs,0.2682,10.7739,1.6352,0.2427,0.3328,0.1932,Up-stairs,correct
9066,Up-stairs,0.1484,12.3517,1.6975,0.0117,0.3997,-0.0421,Walking,incorrect
9119,Up-stairs,-0.3926,13.3836,0.8739,-0.0354,0.1031,-0.336,Walking,incorrect
9172,Up-stairs,-0.9697,13.5775,-1.4174,-0.2864,-0.2537,-0.5481,Walking,incorrect
9225,Up-stairs,-1.7885,9.2775,-2.7126,0.3728,-0.6867,-0.3064,Walking,incorrect
9278,Up-stairs,-0.9625,9.3565,-0.3903,0.1447,-0.3904,-0.0877,Walking,incorrect
9331,Up-stairs,-0.5339,10.0245,-1.3982,0.0322,-0.474,-0.1316,Walking,incorrect
9384,Up-stairs,-1.3455,8.5473,0.1006,-0.0698,-0.2638,-0.2329,Walking,incorrect
9437,Up-stairs,-1.6879,8.3965,0.0311,-0.0498,-0.3738,-0.073,Walking,incorrect
9490,Up-stairs,-0.9242,7.829,0.3998,-0.0272,-0.3741,0.0027,Walking,incorrect
9543,Up-stairs,-0.735,7.762,0.8643,-0.1498,-0.316,-0.2241,Walking,incorrect
9596,Up-stairs,-1.7214,9.1339,1.482,0.1037,-0.1799,-0.0773,Walking,incorrect
9649,Up-stairs,-2.1189,10.0389,1.1636,-0.0581,0.0501,0.0349,Walking,incorrect
9702,Up-stairs,-1.9297,10.3501,0.2897,-0.3126,-0.1596,0.0147,Walking,incorrect
9755,Up-stairs,-0.7374,12.2535,-0.7614,-0.1194,0.2441,0.3,Walking,incorrect
9808,Up-stairs,0.7302,10.7045,-2.0279,0.1108,0.412,-0.0618,Walking,incorrect
9861,Up-stairs,0.9768,9.6199,-0.0431,-0.2603,0.2401,-0.1998,Walking,incorrect
9914,Up-stairs,-1.0726,10.0461,-0.8212,-0.3397,0.5407,0.0157,Walking,incorrect
9967,Up-stairs,-0.4764,9.5122,0.9361,-0.113,0.0043,0.1604,Walking,incorrect
10020,Up-stairs,0.1532,8.1714,0.8332,-0.1095,0.2721,0.2028,Walking,incorrect
10073,Up-stairs,0.0742,8.1834,1.0415,-0.1348,0.2518,0.1937,Walking,incorrect
10126,Up-stairs,-0.2107,8.2552,0.7901,-0.0901,0.2499,0.1178,Walking,incorrect
10179,Up-stairs,-0.079,9.1674,1.1325,0.1188,0.1154,0.0368,Up-stairs,correct
10232,Up-stairs,-0.2394,9.8545,1.7119,0.0261,0.0496,0.0629,Up-stairs,correct
10285,Up-stairs,-0.1101,10.58,1.4916,-0.1255,0.0115,0.045,Up-stairs,correct
10338,Up-stairs,0.4214,12.0428,0.9313,-0.1871,0.0338,-0.105,Up-stairs,correct
10391,Up-stairs,-0.5746,12.5289,-0.589,-0.4226,-0.2494,-0.2142,Up-stairs,correct
10444,Up-stairs,-1.968,9.5696,-1.549,0.2068,-0.4026,-0.1966,Walking,incorrect
10497,Up-stairs,-0.091,8.8059,-1.0056,-0.0408,0.1258,-0.064,Walking,incorrect
10550,Up-stairs,-0.3591,9.7851,-0.8092,-0.2393,-0.0909,-0.0927,Walking,incorrect
10603,Up-stairs,-1.3384,9.5792,-0.2298,-0.4767,-0.0016,-0.1684,Walking,incorrect
10656,Up-stairs,-1.2234,9.1435,0.0742,-0.1745,-0.1082,-0.089,Walking,incorrect
10709,Up-stairs,-0.9792,8.6311,0.3304,-0.1244,-0.0346,-0.1514,Up-stairs,correct
10762,Up-stairs,-1.0678,8.6048,0.826,-0.2382,-0.0368,-0.1066,Up-stairs,correct
10815,Up-stairs,-0.8523,9.232,0.9816,-0.2222,0.0416,-0.0168,Up-stairs,correct
10868,Up-stairs,-0.9266,8.8274,1.0582,-0.2553,0.1564,-0.0394,Up-stairs,correct
10921,Up-stairs,-1.2689,8.691,1.0798,-0.0871,0.2364,0.0232,Up-stairs,correct
2,Down-stairs,-1.6424,9.3733,1.8651,-0.0144,0.0749,0.04,...,warmup
56,Down-stairs,-1.719,9.2225,1.9513,-0.0354,0.0482,0.0344,...,warmup
109,Down-stairs,-1.7382,9.177,2.0638,-0.0157,0.0967,0.0221,...,warmup
162,Down-stairs,-1.5467,9.1219,2.0183,-0.0354,0.0706,0.0203,...,warmup
215,Down-stairs,-1.3072,8.9926,1.8651,-0.0264,0.1444,-0.0005,...,warmup
268,Down-stairs,-1.0008,9.4715,2.0614,-0.0666,0.1553,0.0157,...,warmup
321,Down-stairs,-1.1037,9.8138,2.0494,0.2289,0.3022,0.0967,...,warmup
374,Down-stairs,-0.814,9.402,2.5139,0.2507,0.1652,0.0594,...,warmup
427,Down-stairs,-1.3168,9.8928,2.6432,0.033,-0.0187,-0.044,...,warmup
480,Down-stairs,-1.2546,9.6582,2.6025,0.0938,-0.0941,-0.0725,...,warmup
533,Down-stairs,-0.2873,8.7556,2.6169,0.0666,-0.0147,0.0274,...,warmup
586,Down-stairs,-0.498,8.6742,2.0806,-0.0565,0.1023,0.0173,...,warmup
639,Down-stairs,-0.9098,9.0764,2.4373,-0.13,-0.0677,-0.1364,...,warmup
692,Down-stairs,-0.6704,8.0517,2.1739,0.0328,-0.137,-0.1588,...,warmup
745,Down-stairs,-0.6416,6.7995,1.9441,0.0882,-0.2673,-0.1386,...,warmup
798,Down-stairs,0.1772,7.3813,1.7837,-0.0733,-0.1223,-0.0981,...,warmup
851,Down-stairs,-0.1101,8.4755,1.7813,-0.1202,-0.1663,-0.0687,...,warmup
904,Down-stairs,-0.4573,8.023,2.1739,-0.3445,0.0051,-0.1759,...,warmup
957,Down-stairs,-0.735,7.1946,1.3934,-0.6691,-0.2025,0.0538,...,warmup
1010,Down-stairs,-3.8978,12.3637,1.0558,-0.5105,0.2278,0.1879,...,warmup
1063,Down-stairs,-2.4373,14.8464,2.2146,0.3672,-0.3659,-0.113,...,warmup
1116,Down-stairs,-0.0575,13.3142,3.6464,0.0837,0.1364,-0.0301,...,warmup
1169,Down-stairs,-2.4756,10.2759,2.7174,0.0192,0.1681,0.287,...,warmup
1222,Down-stairs,-1.9585,9.3326,2.2434,0.1396,0.1545,0.0839,...,warmup
1275,Down-stairs,-1.1612,7.5274,1.8675,0.3944,0.3328,0.0328,...,warmup
1328,Down-stairs,-0.8236,6.6272,1.415,0.0989,0.1295,0.0693,...,warmup
1381,Down-stairs,-0.6919,6.5888,1.719,-0.0839,0.2872,0.1689,...,warmup
1434,Down-stairs,-0.589,7.0102,1.8196,-0.1655,0.5004,0.097,...,warmup
1487,Down-stairs,-1.1444,7.4005,1.8411,-0.1599,0.57,-0.048,...,warmup
1540,Down-stairs,-1.7358,8.8657,1.7454,-0.5822,0.3778,-0.109,...,warmup
1593,Down-stairs,-1.0463,12.7802,2.6815,-0.3333,0.3661,0.223,...,warmup
1646,Down-stairs,0.9242,15.5623,2.2194,-0.2268,0.1351,0.3043,...,warmup
1699,Down-stairs,-1.2426,14.7842,3.553,0.0269,-0.2851,-0.0802,...,warmup
1752,Down-stairs,-1.0032,10.6135,2.4014,0.3285,0.0882,0.0456,...,warmup
1805,Down-stairs,-0.0814,8.0565,2.1069,0.2036,0.5247,0.3083,...,warmup
1858,Down-stairs,0.1532,8.3294,1.5969,-0.064,0.1085,0.2094,...,warmup
1911,Down-stairs,-0.3855,7.8195,1.0247,0.0576,-0.2984,-0.1585,...,warmup
1964,Down-stairs,0.4094,7.2377,1.5443,0.1783,-0.3981,-0.2385,...,warmup
2017,Down-stairs,0.7805,6.0621,1.7861,0.0965,-0.2934,-0.227,...,warmup
2070,Down-stairs,0.644,5.442,1.1349,-0.1572,-0.4106,-0.1823,Down-stairs,correct
2123,Down-stairs,0.8021,6.8378,2.557,-0.368,-0.1077,-0.1463,Down-stairs,correct
2176,Down-stairs,-0.9984,11.0492,1.3527,-0.814,-0.3317,-0.2611,Down-stairs,correct
2229,Down-stairs,-5.0685,16.4865,0.7422,-0.2044,0.3022,0.081,Down-stairs,correct
2282,Down-stairs,-2.4517,17.5136,3.201,0.2667,-0.6526,-0.3171,Down-stairs,correct
2335,Down-stairs,-1.5323,12.6893,3.9265,-0.0304,0.3341,-0.1231,Down-stairs,correct
2388,Down-stairs,-1.2139,7.829,2.3822,0.1516,-0.4682,0.141,Down-stairs,correct
2441,Down-stairs,-1.9345,7.0629,1.142,0.0019,-0.0893,-0.0839,Up-stairs,incorrect
2494,Down-stairs,-0.8164,7.525,1.4676,0.3749,0.0109,0.1911,Up-stairs,incorrect
2547,Down-stairs,-0.5938,6.1196,1.7238,0.1873,0.3046,0.19,Up-stairs,incorrect
2600,Down-stairs,-0.7661,5.1499,1.4317,-0.0285,0.2984,0.109,Up-stairs,incorrect
2653,Down-stairs,-0.8021,6.2345,1.6089,-0.178,0.4852,0.1122,Up-stairs,incorrect
2706,Down-stairs,-1.087,8.7101,1.0295,-0.5636,0.3778,-0.1599,Up-stairs,incorrect
2759,Down-stairs,-1.3719,14.3963,1.221,-0.0669,0.6451,-0.0261,Up-stairs,incorrect
2812,Down-stairs,-0.0096,16.0435,2.7031,0.0877,-0.3453,-0.1708,Up-stairs,incorrect
2865,Down-stairs,-0.3065,15.5456,3.2681,0.154,0.2278,-0.1551,Up-stairs,incorrect
2918,Down-stairs,-0.9984,10.7045,2.715,0.2657,-0.3126,-0.2126,Up-stairs,incorrect
2971,Down-stairs,-0.8428,5.8778,1.9465,0.114,0.664,0.2108,Up-stairs,incorrect
3024,Down-stairs,0.2131,8.3342,1.0056,0.0306,-0.2204,0.093,Up-stairs,incorrect
3077,Down-stairs,-0.4645,7.5106,0.9816,-0.1852,-0.4333,-0.3861,Up-stairs,incorrect
3130,Down-stairs,0.0982,6.7205,1.3838,0.1247,-0.6206,-0.2158,Up-stairs,incorrect
3183,Down-stairs,0.2107,7.2018,1.822,-0.0203,-0.4762,-0.1492,Up-stairs,incorrect
3236,Down-stairs,0.0096,7.0413,1.6807,0.1524,-0.2579,-0.0725,Up-stairs,incorrect
3289,Down-stairs,-0.2298,7.1275,1.1181,0.1367,-0.3094,-0.0997,Up-stairs,incorrect
3342,Down-stairs,-1.5131,9.0453,0.7207,-0.2161,-0.7722,-0.1919,Up-stairs,incorrect
3395,Down-stairs,-3.3662,14.3293,1.5275,-0.0048,0.3722,0.1943,Up-stairs,incorrect
3448,Down-stairs,-2.1907,17.2742,2.6863,0.3451,-0.1668,-0.0528,Up-stairs,incorrect
3501,Down-stairs,-2.4421,11.9614,4.1108,0.1255,-0.1092,-0.2518,Up-stairs,incorrect
3554,Down-stairs,-2.1787,9.4906,2.1404,0.0994,-0.6118,0.1356,Up-stairs,incorrect
3607,Down-stairs,-1.3024,8.825,1.5874,0.1679,-0.0669,0.13,Up-stairs,incorrect
3660,Down-stairs,-0.0048,6.8163,1.166,0.2302,0.1122,0.2017,Up-stairs,incorrect
3713,Down-stairs,-1.2641,5.2744,1.3455,-0.0051,0.5508,0.2286,Up-stairs,incorrect
3766,Down-stairs,-1.6951,7.1371,1.3431,-0.3696,0.1047,0.2657,Up-stairs,incorrect
3819,Down-stairs,-1.2953,8.0349,1.324,-0.1575,0.4482,0.0906,Up-stairs,incorrect
3872,Down-stairs,-1.312,9.0285,1.6759,-0.1916,0.2888,-0.0168,Up-stairs,incorrect
3925,Down-stairs,-1.0439,10.5967,1.6903,-0.332,0.3938,-0.0133,Up-stairs,incorrect
3978,Down-stairs,0.2155,11.0636,1.324,-0.0349,0.259,0.0778,Up-stairs,incorrect
4031,Down-stairs,0.4788,22.0865,4.3862,-1.0038,0.3267,0.1671,Running,incorrect
4084,Down-stairs,-0.1987,11.4802,3.4572,0.275,-0.3714,-0.5665,Running,incorrect
4137,Down-stairs,-2.3152,6.2441,2.2051,0.2699,0.8663,0.0112,Running,incorrect
4190,Down-stairs,1.0654,5.8658,1.7621,0.1625,0.3405,0.737,Running,incorrect
4243,Down-stairs,1.2953,10.6279,0.0407,-0.0658,0.3059,-0.1271,Up-stairs,incorrect
4296,Down-stairs,-0.0934,7.6519,2.2098,0.0488,-0.3536,-0.5417,Up-stairs,incorrect
4349,Down-stairs,0.0144,6.9312,2.1045,0.1095,-0.1399,-0.2467,Up-stairs,incorrect
4402,Down-stairs,0.1125,6.857,1.8364,-0.1881,-0.0946,-0.061,Up-stairs,incorrect
4455,Down-stairs,0.0311,6.0334,1.0199,0.1178,-0.109,0.0173,Up-stairs,incorrect
4508,Down-stairs,0.0287,7.1874,0.3831,-0.2393,-0.113,0.0019,Up-stairs,incorrect
4561,Down-stairs,-2.399,13.4506,-0.4142,-0.0048,-0.1287,0.101,Up-stairs,incorrect
4614,Down-stairs,-2.3008,16.5344,1.5826,0.1535,0.8045,0.064,Up-stairs,incorrect
4667,Down-stairs,-2.3152,13.3237,2.1141,0.0885,0.0834,-0.3544,Up-stairs,incorrect
4720,Down-stairs,-1.5467,11.7771,1.8316,-0.053,-0.194,-0.0432,Up-stairs,incorrect
4773,Down-stairs,-1.6616,9.3087,1.6927,0.1156,-0.2904,-0.0863,Up-stairs,incorrect
4826,Down-stairs,-0.7446,7.8123,1.3623,0.0829,-0.0434,0.0581,Up-stairs,incorrect
4879,Down-stairs,-0.1197,5.9711,0.9266,-0.1226,0.2838,0.2089,Up-stairs,incorrect
4932,Down-stairs,-0.6991,5.0446,0.9266,-0.1785,0.2582,0.2041,Up-stairs,incorrect
4985,Down-stairs,-1.0487,6.0286,0.9457,-0.3024,0.4135,0.1069,Up-stairs,incorrect
5038,Down-stairs,-0.7661,7.7572,1.5083,-0.2332,0.4183,0.06,Up-stairs,incorrect
5091,Down-stairs,-1.3695,10.3022,1.3216,-0.5415,0.6326,-0.1484,Up-stairs,incorrect
5144,Down-stairs,-0.4741,13.5368,1.4892,-0.1785,0.7807,0.1612,Up-stairs,incorrect
5197,Down-stairs,0.972,14.6956,2.332,0.0866,-0.2806,-0.0232,Up-stairs,incorrect
5250,Down-stairs,-0.5267,14.7243,3.2681,0.1825,0.0163,0.0112,Up-stairs,incorrect
5303,Down-stairs,-0.4717,9.0836,2.8587,0.5289,-0.0011,0.0839,Up-stairs,incorrect
5356,Down-stairs,0.3184,5.8323,1.7621,0.3331,0.6803,0.2859,Up-stairs,incorrect
5409,Down-stairs,0.6273,7.4771,0.7566,0.1439,-0.1884,0.1572,Up-stairs,incorrect
5462,Down-stairs,-0.17,7.9966,0.996,0.1663,-0.2971,-0.377,Up-stairs,incorrect
5515,Down-stairs,0.3208,6.4021,1.1372,0.3195,-0.5636,-0.3381,Up-stairs,incorrect
5568,Down-stairs,1.1301,6.7445,1.3336,0.037,-0.1274,-0.057,Up-stairs,incorrect
5621,Down-stairs,0.4238,7.3406,1.0056,-0.2483,-0.1495,0.0067,Up-stairs,incorrect
5674,Down-stairs,-2.2362,12.0117,-0.3831,-0.1772,0.0317,-0.122,Up-stairs,incorrect
5727,Down-stairs,-3.2034,15.3325,-0.5004,-0.0187,0.6542,0.2009,Up-stairs,incorrect
5780,Down-stairs,-1.2474,15.3923,0.8882,0.5737,-0.1396,-0.3627,Up-stairs,incorrect
5833,Down-stairs,-0.9002,11.0085,1.7478,0.1303,-0.2457,-0.2896,Up-stairs,incorrect
5886,Down-stairs,-2.0255,8.7125,0.917,-0.1684,-0.2534,-0.0144,Up-stairs,incorrect
5939,Down-stairs,-1.494,9.2033,0.8835,-0.0456,-0.1943,0.0453,Up-stairs,incorrect
5992,Down-stairs,0.0048,7.8147,0.759,0.0261,0.2121,0.1657,Up-stairs,incorrect
6045,Down-stairs,-1.075,5.533,1.221,-0.2073,0.3914,0.1103,Up-stairs,incorrect
6098,Down-stairs,-1.2953,6.1363,0.5483,-0.4876,0.2574,0.1759,Up-stairs,incorrect
6151,Down-stairs,-0.9697,7.6567,1.4126,-0.385,0.5361,0.0434,Up-stairs,incorrect
6204,Down-stairs,-0.9673,9.9862,0.6967,-0.7384,0.502,-0.2046,Up-stairs,incorrect
6257,Down-stairs,-0.7063,12.0165,0.5962,-0.0229,0.5918,0.0136,Up-stairs,incorrect
6310,Down-stairs,0.6297,14.8273,0.6752,-0.1684,0.2278,-0.0823,Up-stairs,incorrect
6363,Down-stairs,0.0263,14.8488,2.8491,0.6193,0.1156,-0.2761,Up-stairs,incorrect
6416,Down-stairs,-1.154,9.2464,2.0901,0.4239,-0.4088,-0.2979,Up-stairs,incorrect
6469,Down-stairs,-0.6536,4.2042,1.0343,0.1284,0.8767,0.4954,Up-stairs,incorrect
6522,Down-stairs,0.4597,10.0173,1.4413,0.0813,0.0695,0.38,Up-stairs,incorrect
6575,Down-stairs,-0.1867,9.4691,0.4741,-0.3392,-0.3706,-0.671,Up-stairs,incorrect
6628,Down-stairs,-0.4477,6.8905,1.9058,0.1098,-0.7147,-0.3187,Up-stairs,incorrect
6681,Down-stairs,0.1149,6.7325,1.7142,-0.1804,-0.1884,-0.0754,Up-stairs,incorrect
6734,Down-stairs,0.1508,6.8187,1.3671,-0.0147,-0.2888,-0.0075,Up-stairs,incorrect
6787,Down-stairs,-0.4908,8.6933,0.6895,-0.291,-0.3898,-0.0893,Up-stairs,incorrect
6840,Down-stairs,-2.1883,10.5465,-0.2322,0.2806,-0.3083,0.0408,Up-stairs,incorrect
6893,Down-stairs,-2.8036,19.1991,2.7007,-0.3704,0.1679,0.1703,Up-stairs,incorrect
6946,Down-stairs,-2.8276,13.5225,2.8323,0.2641,0.2569,-0.4362,Up-stairs,incorrect
6999,Down-stairs,-1.4317,10.1873,1.506,0.1703,-0.2534,-0.146,Up-stairs,incorrect
7052,Down-stairs,-3.0742,9.3996,1.3575,0.0546,-0.4991,-0.0258,Up-stairs,incorrect
7105,Down-stairs,-0.431,7.9368,1.0942,0.1964,-0.3219,0.0608,Up-stairs,incorrect
7158,Down-stairs,-0.0838,5.9256,1.1779,-0.033,0.4591,0.0882,Up-stairs,incorrect
7211,Down-stairs,-1.6041,5.4947,0.9122,-0.1514,-0.0309,0.2417,Up-stairs,incorrect
7264,Down-stairs,-0.9816,6.4069,0.8116,-0.3531,0.2198,0.1186,Up-stairs,incorrect
7317,Down-stairs,-0.9625,8.6311,1.1899,-0.3016,0.2097,-0.0626,Up-stairs,incorrect
7370,Down-stairs,-1.3072,12.5576,1.2953,-0.5047,0.5532,-0.1055,Up-stairs,incorrect
7423,Down-stairs,-0.4381,14.1042,0.3112,0.0501,0.0765,0.0181,Up-stairs,incorrect
7476,Down-stairs,-0.9194,12.5839,1.2474,0.5271,-0.4064,-0.1479,Up-stairs,incorrect
7529,Down-stairs,-0.6033,12.651,1.7813,0.5217,0.1476,0.129,Up-stairs,incorrect
7582,Down-stairs,-0.3304,10.5824,1.4509,0.2614,0.2062,0.1663,Up-stairs,incorrect
7635,Down-stairs,-0.6105,8.1858,1.4317,0.1383,0.0981,0.0056,Up-stairs,incorrect
7688,Down-stairs,-0.3472,7.829,0.8811,0.1831,-0.238,-0.0887,Up-stairs,incorrect
7741,Down-stairs,0.1676,6.8833,0.7207,0.1727,-0.141,-0.1319,Up-stairs,incorrect
7794,Down-stairs,0.5004,6.0023,1.0343,-0.1026,-0.3941,-0.1479,Down-stairs,correct
7847,Down-stairs,0.3543,6.9623,0.5507,-0.4487,-0.3661,-0.2246,Down-stairs,correct
7900,Down-stairs,0.2562,9.2344,0.6416,-0.5462,-0.024,-0.126,Down-stairs,correct
7953,Down-stairs,-3.043,12.864,-0.917,0.0075,-0.2984,-0.1873,Up-stairs,incorrect
8006,Down-stairs,-3.45,12.7324,1.0678,0.0453,0.3808,0.1018,Up-stairs,incorrect
8059,Down-stairs,-0.9744,15.7898,1.8531,-0.0346,-0.5431,0.1692,Up-stairs,incorrect
8112,Down-stairs,-2.3583,10.9439,1.9704,0.0501,0.3659,-0.3946,Up-stairs,incorrect
8165,Down-stairs,-1.3144,7.8937,1.0247,0.1665,-0.1079,0.0549,Up-stairs,incorrect
8218,Down-stairs,-1.6161,7.2712,0.2993,-0.1516,0.109,0.2254,Up-stairs,incorrect
8271,Down-stairs,-0.5555,6.9504,0.7973,-0.2337,0.0853,0.2105,Up-stairs,incorrect
8324,Down-stairs,-0.8428,7.3358,1.0678,-0.3677,0.5686,0.1322,Up-stairs,incorrect
8377,Down-stairs,-1.2809,7.7309,1.1923,-0.514,0.299,0.0634,Up-stairs,incorrect
8430,Down-stairs,-1.2785,8.8825,1.4389,-0.3675,0.5678,-0.0368,Up-stairs,incorrect
8483,Down-stairs,-1.2234,11.0756,1.2713,-0.6257,0.4751,-0.0576,Down-stairs,correct
8536,Down-stairs,-0.7542,11.9183,-0.1245,0.0695,0.1196,0.056,Down-stairs,correct
8589,Down-stairs,0.0239,11.3964,0.9385,0.4442,0.0128,-0.1005,Down-stairs,correct
8642,Down-stairs,-1.6951,13.9199,3.0335,-0.0528,0.0885,-0.11,Up-stairs,incorrect
8695,Down-stairs,-0.0982,11.0061,1.4988,0.3613,-0.069,-0.0205,Up-stairs,incorrect
8748,Down-stairs,-0.6967,8.2217,1.5945,0.1111,0.2478,-0.0727,Up-stairs,incorrect
8801,Down-stairs,-0.5626,8.4348,0.905,-0.0682,-0.1407,0.0149,Up-stairs,incorrect
8854,Down-stairs,-0.2705,8.5329,0.9673,0.1021,-0.1343,-0.2142,Up-stairs,incorrect
8907,Down-stairs,-0.2634,7.7333,0.7877,0.1085,-0.219,-0.2185,Up-stairs,incorrect
8960,Down-stairs,-0.1197,8.5521,1.5083,-0.0546,-0.134,-0.1519,Up-stairs,incorrect
9013,Down-stairs,-0.1867,8.7508,0.6297,-0.0978,-0.0629,-0.267,Down-stairs,correct
9066,Down-stairs,-1.3551,9.0405,0.498,-0.3203,-0.2217,-0.3099,Down-stairs,correct
9119,Down-stairs,-2.7821,10.9918,-0.5459,-0.2324,-0.3762,-0.0445,Down-stairs,correct
9172,Down-stairs,-1.9513,11.0732,0.8068,0.069,0.0163,0.263,Down-stairs,correct
9225,Down-stairs,-3.5123,16.9773,1.1109,-0.1479,-0.4546,-0.1724,Down-stairs,correct
9278,Down-stairs,-2.5019,11.7436,2.5091,0.2539,0.2968,-0.0088,Up-stairs,incorrect
9331,Down-stairs,0.316,8.1187,1.0247,0.1335,-0.3387,0.2388,Up-stairs,incorrect
9384,Down-stairs,-1.9249,8.3558,0.0958,-0.279,0.3136,-0.1519,Up-stairs,incorrect
9437,Down-stairs,-1.6903,9.6319,0.6057,-0.1561,-0.1316,0.0642,Up-stairs,incorrect
9490,Down-stairs,-1.6113,9.0405,1.1923,-0.1948,0.457,0.1567,Up-stairs,incorrect
9543,Down-stairs,-1.6927,9.742,1.2354,-0.2809,-0.1055,0.1061,Up-stairs,incorrect
9596,Down-stairs,-1.1492,10.3238,1.1157,-0.2038,0.053,-0.0226,Up-stairs,incorrect
9649,Down-stairs,-0.9433,9.7037,1.3719,-0.3054,0.052,-0.056,Up-stairs,incorrect
9702,Down-stairs,-1.4389,9.1315,1.2689,-0.2622,0.2579,-0.0266,Down-stairs,correct
9755,Down-stairs,-1.403,9.232,1.1803,-0.1015,-0.0477,0.0099,Down-stairs,correct
9808,Down-stairs,-1.0247,9.6486,1.5467,-0.0024,-0.0669,-0.0514,Up-stairs,incorrect
9861,Down-stairs,-1.0151,9.4739,1.6688,0.0941,0.1772,-0.0349,Up-stairs,incorrect
9914,Down-stairs,-1.154,9.6941,1.7957,-0.1053,0.198,0.0221,Up-stairs,incorrect
9967,Down-stairs,-1.2402,9.6031,1.6257,-0.1612,0.2126,-0.0077,Up-stairs,incorrect
10020,Down-stairs,-1.1564,9.6654,1.8675,-0.1439,-0.02,-0.0258,Up-stairs,incorrect
10073,Down-stairs,-0.984,9.4739,1.822,-0.1346,0.0701,0.0365,Down-stairs,correct
10126,Down-stairs,-0.8595,9.572,1.8747,-0.1415,0.1026,0.064,Down-stairs,correct
10179,Down-stairs,-1.0989,9.4954,1.8459,-0.1191,0.0709,0.0173,Down-stairs,correct
10232,Down-stairs,-1.1013,9.5672,1.901,-0.0922,0.0554,0.0357,Down-stairs,correct
10285,Down-stairs,-0.6752,9.4763,2.0686,-0.1524,0.0312,0.0045,Down-stairs,correct
10338,Down-stairs,-0.826,9.5026,2.138,-0.0821,0.0834,0.0099,Down-stairs,correct
10391,Down-stairs,-0.8835,9.3853,2.2218,-0.0789,0.1479,0.0517,Down-stairs,correct
10444,Down-stairs,-0.7877,9.3494,2.0997,-0.0927,0.0959,0.0482,Down-stairs,correct
10497,Down-stairs,-0.8308,9.5026,2.2984,-0.0794,0.0754,0.029,Up-stairs,incorrect
10550,Down-stairs,-0.7949,9.4188,2.2697,-0.0432,0.0765,0.0421,Up-stairs,incorrect
10603,Down-stairs,-0.8021,9.4523,2.1955,-0.0011,0.0861,0.0157,Up-stairs,incorrect
10656,Down-stairs,-0.8308,9.4164,2.1931,-0.0378,0.0938,0.0,Down-stairs,correct
10709,Down-stairs,-0.8332,9.4451,2.0542,0.0,0.0877,-0.0032,Down-stairs,correct
10762,Down-stairs,-0.6776,9.517,2.1284,-0.0562,0.0815,-0.0245,Down-stairs,correct
10815,Down-stairs,-0.8045,9.3901,2.2003,0.0179,0.1202,0.0003,Down-stairs,correct
2,Up-stairs,-0.8068,9.572,3.1364,0.0298,0.3107,0.0309,...,warmup
56,Up-stairs,-1.1492,9.4044,3.0622,0.1239,0.2766,0.0365,...,warmup
109,Up-stairs,-0.9936,8.9016,2.5283,0.2907,0.3032,0.0416,...,warmup
162,Up-stairs,-0.7877,8.7843,2.2745,0.3613,0.3336,0.0863,...,warmup
215,Up-stairs,-0.9266,9.3925,2.3559,0.3685,0.3523,0.0701,...,warmup
268,Up-stairs,-1.1253,9.5313,2.2913,0.3576,0.3845,0.0759,...,warmup
321,Up-stairs,-0.8906,9.4403,2.1165,0.3384,0.3643,0.0751,...,warmup
374,Up-stairs,-0.8308,9.6175,2.1021,0.2033,0.304,0.0224,...,warmup
427,Up-stairs,-0.838,9.9048,2.1668,0.004,0.2667,-0.052,...,warmup
480,Up-stairs,-0.7183,10.3573,1.2833,-0.1202,0.2603,-0.1154,...,warmup
533,Up-stairs,-1.2402,11.2863,1.2737,-0.2499,0.2878,-0.0975,...,warmup
586,Up-stairs,-1.9776,13.1873,1.5658,-0.2206,-0.0826,-0.2337,...,warmup
639,Up-stairs,-1.5107,12.7707,1.3192,-0.1013,-0.466,-0.4325,...,warmup
692,Up-stairs,-1.2881,11.0516,0.2873,-0.0136,-0.4189,-0.3088,...,warmup
745,Up-stairs,-2.3511,8.327,-0.4573,0.3203,-0.2212,-0.069,...,warmup
798,Up-stairs,-2.6647,7.9057,0.3304,0.1873,-0.5385,-0.0592,...,warmup
851,Up-stairs,-1.7119,9.1506,0.7422,0.2166,-0.4722,-0.2473,...,warmup
904,Up-stairs,-1.257,8.3917,1.2378,0.0735,-0.3024,-0.2009,...,warmup
957,Up-stairs,-2.0758,7.3215,0.9984,0.028,-0.2041,-0.0733,...,warmup
1010,Up-stairs,-2.6001,7.5441,0.6776,0.2955,-0.3123,0.1023,...,warmup
1063,Up-stairs,-1.9154,7.2856,0.6967,0.457,-0.5697,0.0112,...,warmup
1116,Up-stairs,-1.5682,8.0589,1.2594,0.3451,-0.4583,-0.1095,...,warmup
1169,Up-stairs,-2.2984,9.7516,1.4988,0.2785,-0.1985,-0.0629,...,warmup
1222,Up-stairs,-3.0622,10.5896,1.4509,0.17,0.0578,0.0789,...,warmup
1275,Up-stairs,-2.9209,10.8194,1.2115,0.1162,0.0685,0.1532,...,warmup
1328,Up-stairs,-3.1987,12.8952,-0.0168,-0.0991,0.1045,0.2348,...,warmup
1381,Up-stairs,-2.5259,14.8776,0.1365,-0.1087,0.1132,0.2214,...,warmup
1434,Up-stairs,-0.3807,10.4698,-0.9098,0.3,0.4666,0.0578,...,warmup
1487,Up-stairs,1.2546,6.6224,-2.3942,0.0514,0.5745,0.1769,...,warmup
1540,Up-stairs,0.5171,7.7764,-1.1827,-0.2595,0.3208,0.3331,...,warmup
1593,Up-stairs,1.0534,10.9319,-0.6967,-0.2987,0.0226,0.2809,...,warmup
1646,Up-stairs,-0.1077,8.6742,0.3807,-0.1324,0.5774,0.1785,...,warmup
1699,Up-stairs,-0.0934,7.3239,0.1437,-0.2148,0.8444,0.0831,...,warmup
1752,Up-stairs,0.5578,7.6974,0.3424,0.0149,0.5732,0.1809,...,warmup
1805,Up-stairs,1.0391,7.8602,0.3831,0.0901,0.7053,0.348,...,warmup
1858,Up-stairs,0.1628,8.8777,0.68,0.0552,0.6387,0.2872,...,warmup
1911,Up-stairs,-0.4262,10.0006,0.486,-0.0192,0.4394,0.1018,...,warmup
1964,Up-stairs,0.2466,11.0421,1.008,-0.1266,0.3989,-0.0741,...,warmup
2017,Up-stairs,0.5459,11.2432,0.7063,-0.0226,0.3379,-0.2124,...,warmup
2070,Up-stairs,1.2019,14.6789,-0.1149,-0.8135,0.1982,-0.0975,Walking,incorrect
2123,Up-stairs,-0.9553,14.0707,-1.652,0.069,-0.2779,-0.2673,Walking,incorrect
2176,Up-stairs,-1.8244,8.9783,-1.1037,0.4165,-0.2891,-0.6305,Walking,incorrect
2229,Up-stairs,-1.5227,7.3167,-1.1564,-0.0072,-0.2593,-0.3738,Walking,incorrect
2282,Up-stairs,-0.8571,10.1778,-1.1947,0.0925,-0.4908,-0.2198,Walking,incorrect
2335,Up-stairs,-0.3232,9.0333,-0.3663,0.1631,-0.2209,-0.1655,Walking,incorrect
2388,Up-stairs,-1.6185,7.039,0.6177,0.2241,-0.073,-0.1266,Up-stairs,correct
2441,Up-stairs,-1.7071,6.7493,-0.0934,0.0442,-0.2611,-0.1108,Up-stairs,correct
2494,Up-stairs,-1.0822,7.8865,-0.0239,0.243,-0.2403,-0.0426,Up-stairs,correct
2547,Up-stairs,-1.0606,8.8442,0.2155,0.2771,-0.061,0.0909,Up-stairs,correct
2600,Up-stairs,-1.652,9.517,0.2274,0.2268,-0.024,0.1271,Up-stairs,correct
2653,Up-stairs,-2.4469,9.5433,0.261,0.1708,-0.045,0.0605,Up-stairs,correct
2706,Up-stairs,-2.5163,10.3693,0.328,-0.0909,-0.1929,0.0003,Up-stairs,correct
2759,Up-stairs,-1.6424,10.7428,-0.5291,-0.0861,-0.0509,0.1724,Up-stairs,correct
2812,Up-stairs,-2.4565,14.6741,-1.9704,-0.3938,-0.0322,0.2054,Up-stairs,correct
2865,Up-stairs,-0.1532,12.4786,-1.6903,0.1295,0.1676,0.0866,Up-stairs,correct
2918,Up-stairs,1.3001,8.9136,-1.6041,0.2198,0.6014,0.0474,Up-stairs,correct
2971,Up-stairs,0.7518,7.2999,-2.4804,-0.2697,0.4631,0.1625,Up-stairs,correct
3024,Up-stairs,0.0982,9.5553,-1.1061,-0.2974,0.3128,0.3198,Up-stairs,correct
3077,Up-stairs,1.2713,9.7133,-0.8164,-0.1727,0.2084,0.1234,Up-stairs,correct
3130,Up-stairs,0.3065,7.9296,0.2705,-0.3317,0.3712,0.0317,Up-stairs,correct
3183,Up-stairs,0.3208,8.5066,-0.2538,-0.2489,0.4162,0.0325,Up-stairs,correct
3236,Up-stairs,0.8284,8.7077,0.3136,-0.0893,0.373,0.1607,Up-stairs,correct
3289,Up-stairs,0.8691,8.6766,0.2227,-0.0237,0.5793,0.2009,Up-stairs,correct
3342,Up-stairs,0.2466,8.7795,0.5674,-0.0706,0.5116,0.1082,Up-stairs,correct
3395,Up-stairs,0.2394,9.2799,0.7518,-0.0624,0.2667,-0.0517,Up-stairs,correct
3448,Up-stairs,0.6057,9.8282,1.0439,-0.0464,0.1583,-0.0973,Up-stairs,correct
3501,Up-stairs,0.9792,11.0038,1.5754,0.0067,0.2449,-0.1085,Up-stairs,correct
3554,Up-stairs,0.7278,14.0324,-0.5028,-0.4695,0.222,-0.1655,Up-stairs,correct
3607,Up-stairs,-0.9409,16.5655,-1.257,-0.1023,-0.2475,-0.2715,Up-stairs,correct
3660,Up-stairs,-0.8332,10.0916,-1.154,0.5596,-0.5049,-0.5268,Up-stairs,correct
3713,Up-stairs,-1.3767,6.1866,-1.5802,0.2337,-0.49,-0.4215,Up-stairs,correct
3766,Up-stairs,-1.6975,8.1331,-1.1109,-0.0338,-0.3437,-0.2571,Up-stairs,correct
3819,Up-stairs,-0.2538,10.7356,-0.905,0.1295,-0.5484,-0.2689,Up-stairs,correct
3872,Up-stairs,-1.2617,8.5569,0.5507,0.1367,-0.1508,-0.2249,Up-stairs,correct
3925,Up-stairs,-1.652,7.1012,0.3807,0.0442,-0.2753,-0.0317,Up-stairs,correct
3978,Up-stairs,-1.2498,7.6567,-0.5339,0.138,-0.1452,-0.048,Up-stairs,correct
4031,Up-stairs,-1.142,8.9663,0.0479,0.1998,-0.3006,0.0203,Up-stairs,correct
4084,Up-stairs,-2.0231,9.7109,-0.3208,0.1284,-0.2238,0.1013,Up-stairs,correct
4137,Up-stairs,-2.636,10.319,-0.2753,0.0213,-0.0416,0.0197,Up-stairs,correct
4190,Up-stairs,-2.7222,10.8816,-0.3855,-0.0226,0.2142,-0.0053,Up-stairs,correct
4243,Up-stairs,-2.4277,13.4674,-2.4924,-0.0853,0.489,0.4391,Up-stairs,correct
4296,Up-stairs,1.324,12.4259,-2.399,0.5028,0.4141,0.5388,Up-stairs,correct
4349,Up-stairs,2.6887,7.8171,-1.834,0.2321,0.4636,0.2785,Up-stairs,correct
4402,Up-stairs,-0.3184,6.9647,-2.1835,-0.5289,0.5606,0.2182,Up-stairs,correct
4455,Up-stairs,-0.34,10.5034,-0.5243,-0.4501,0.0791,0.4261,Up-stairs,correct
4508,Up-stairs,1.1827,9.7851,-0.9361,-0.0941,0.2326,0.0621,Up-stairs,correct
4561,Up-stairs,0.8643,6.8714,0.2059,-0.149,0.4322,0.0544,Up-stairs,correct
4614,Up-stairs,0.7733,7.841,-0.316,-0.2308,0.3094,0.2569,Up-stairs,correct
4667,Up-stairs,1.2426,9.086,-0.3879,-0.0882,0.4453,0.1927,Up-stairs,correct
4720,Up-stairs,0.9122,9.2991,0.2538,0.0288,0.4271,0.0578,Up-stairs,correct
4773,Up-stairs,0.9912,9.5457,0.2897,-0.0456,0.4085,0.0141,Up-stairs,correct
4826,Up-stairs,1.3431,9.9862,0.3855,-0.1399,0.3144,-0.0746,Up-stairs,correct
4879,Up-stairs,1.6472,12.2128,0.6704,-0.2609,0.1503,-0.2078,Up-stairs,correct
4932,Up-stairs,1.573,15.6724,-1.4772,-0.3584,0.1045,-0.2033,Up-stairs,correct
4985,Up-stairs,-0.1532,12.8353,-1.403,-0.1743,-0.7663,-0.4175,Up-stairs,correct
5038,Up-stairs,-1.6807,7.4029,-2.0542,0.2955,-0.3331,-0.6638,Up-stairs,correct
5091,Up-stairs,-0.2777,7.6878,-1.1492,-0.0863,-0.1617,-0.5604,Up-stairs,correct
5144,Up-stairs,-0.5219,10.4196,-0.929,-0.0077,-0.7144,-0.3597,Up-stairs,correct
5197,Up-stairs,-0.7925,8.8418,-0.3879,-0.2297,-0.3158,-0.2955,Up-stairs,correct
5250,Up-stairs,-1.549,7.2353,-0.0838,0.0549,-0.1929,-0.1721,Up-stairs,correct
5303,Up-stairs,-1.6472,7.8745,-0.2658,-0.1418,-0.3405,-0.2222,Up-stairs,correct
5356,Up-stairs,-1.2737,8.0972,-0.4357,0.0365,-0.4143,-0.226,Up-stairs,correct
5409,Up-stairs,-1.47,8.9783,-0.0407,0.1985,-0.296,-0.0898,Up-stairs,correct
5462,Up-stairs,-2.0782,9.8258,0.3615,0.2217,-0.1204,-0.0477,Up-stairs,correct
5515,Up-stairs,-2.2984,10.1083,-0.0551,0.1418,0.1242,-0.061,Up-stairs,correct
5568,Up-stairs,-1.5682,10.2232,-0.0694,-0.1577,0.3043,0.0738,Up-stairs,correct
5621,Up-stairs,-2.3511,12.3661,-2.0351,-0.453,0.3128,0.3533,Up-stairs,correct
5674,Up-stairs,0.5602,13.8098,-0.9242,0.1892,0.3698,0.409,Up-stairs,correct
5727,Up-stairs,2.3774,9.1004,-1.9082,0.1519,0.5945,0.2662,Up-stairs,correct
5780,Up-stairs,0.7087,7.8171,-0.7039,-0.4429,0.3794,0.4394,Up-stairs,correct
5833,Up-stairs,-0.0575,10.5896,-0.68,-0.1244,0.1847,0.465,Up-stairs,correct
5886,Up-stairs,0.079,8.9663,0.0694,-0.0759,0.2225,0.0075,Up-stairs,correct
5939,Up-stairs,1.1349,7.2353,-0.012,0.1943,0.4596,-0.0155,Up-stairs,correct
5992,Up-stairs,1.5251,7.6519,0.0048,0.024,0.3512,0.2246,Up-stairs,correct
6045,Up-stairs,1.4222,8.5401,-0.1125,0.0802,0.6416,0.3216,Up-stairs,correct
6098,Up-stairs,0.6225,9.5433,0.0527,0.0794,0.7072,0.1529,Up-stairs,correct
6151,Up-stairs,0.7302,9.7085,0.261,0.0709,0.5433,0.0107,Up-stairs,correct
6204,Up-stairs,1.2977,9.9671,0.2227,-0.0234,0.2694,-0.0751,Up-stairs,correct
6257,Up-stairs,1.2761,11.5808,0.2777,-0.0141,0.1151,-0.1474,Up-stairs,correct
6310,Up-stairs,1.1971,14.1641,-1.8794,-0.0624,0.2739,-0.263,Up-stairs,correct
6363,Up-stairs,-0.6297,13.283,-2.7701,0.1556,-0.5353,-0.381,Up-stairs,correct
6416,Up-stairs,-1.2737,8.3606,-1.5634,0.4687,-0.2553,-0.4847,Up-stairs,correct
6469,Up-stairs,-0.2586,7.75,-2.0686,0.0773,-0.1631,-0.3696,Up-stairs,correct
6522,Up-stairs,-1.2091,10.4459,-1.9465,0.0842,-0.3075,-0.1865,Up-stairs,correct
6575,Up-stairs,-0.3376,9.8019,-1.5107,-0.0139,-0.3171,-0.1863,Up-stairs,correct
6628,Up-stairs,-1.2186,7.2616,-0.4094,0.1148,-0.2633,-0.1284,Up-stairs,correct
6681,Up-stairs,-1.9249,7.3334,-0.9074,-0.215,-0.4644,-0.222,Up-stairs,correct
6734,Up-stairs,-1.6185,8.2744,-0.8667,-0.0458,-0.6355,-0.1817,Up-stairs,correct
6787,Up-stairs,-0.9744,8.6503,-0.5746,0.1599,-0.4735,-0.0885,Up-stairs,correct
6840,Up-stairs,-1.3623,9.2153,-0.2777,0.0898,-0.186,-0.0392,Up-stairs,correct
6893,Up-stairs,-2.557,9.8162,-0.328,0.0802,-0.1018,-0.0226,Up-stairs,correct
6946,Up-stairs,-2.6576,10.5345,-0.1987,-0.1074,-0.1202,-0.0504,Up-stairs,correct
6999,Up-stairs,-1.9106,12.4953,-1.4293,-0.3293,0.1319,0.0605,Up-stairs,correct
7052,Up-stairs,-2.6504,16.0196,-2.5307,-0.404,0.142,0.0565,Up-stairs,correct
7105,Up-stairs,0.2227,11.1594,-1.2043,0.2398,0.4618,0.1876,Up-stairs,correct
7158,Up-stairs,1.9848,6.3805,-1.9034,0.1452,0.7938,0.4932,Up-stairs,correct
7211,Up-stairs,1.3168,6.5027,-2.7246,-0.6765,0.0943,0.4429,Up-stairs,correct
7264,Up-stairs,0.2035,11.2504,-0.2777,-0.3491,0.2982,0.3126,Up-stairs,correct
7317,Up-stairs,0.3496,8.9519,-0.4717,-0.0733,0.6275,0.146,Up-stairs,correct
7370,Up-stairs,0.6632,6.8067,-0.1197,-0.1276,0.412,0.1271,Up-stairs,correct
7423,Up-stairs,0.8523,7.9128,-0.1508,-0.1647,0.1196,0.0837,Up-stairs,correct
7476,Up-stairs,0.9768,8.837,-0.4429,0.0413,0.2483,0.0962,Up-stairs,correct
7529,Up-stairs,1.0247,9.4882,0.0144,0.0887,0.4546,0.0773,Up-stairs,correct
7582,Up-stairs,0.5626,10.1466,0.3903,0.0024,0.3469,-0.0629,Up-stairs,correct
7635,Up-stairs,0.9409,10.7452,0.6177,-0.1631,0.081,-0.1442,Up-stairs,correct
7688,Up-stairs,0.8571,12.6869,0.0599,-0.1745,0.049,-0.2545,Up-stairs,correct
7741,Up-stairs,0.8835,15.8065,-1.8292,-0.4471,0.1671,-0.3,Up-stairs,correct
7794,Up-stairs,-2.1859,9.6582,-2.3152,0.5425,-0.4514,-0.6177,Up-stairs,correct
7847,Up-stairs,-1.1396,7.8099,-2.2673,0.2451,-0.2313,-0.542,Up-stairs,correct
7900,Up-stairs,-0.4286,9.0094,-1.5467,0.234,-0.6078,-0.4005,Up-stairs,correct
7953,Up-stairs,-0.7422,10.0796,-1.6688,0.0432,-0.453,-0.3475,Up-stairs,correct
8006,Up-stairs,-0.9098,7.7572,-0.5195,0.21,-0.1295,-0.2361,Up-stairs,correct
8059,Up-stairs,-1.9824,7.0844,-0.4812,0.0648,-0.227,-0.1841,Up-stairs,correct
8112,Up-stairs,-1.7885,7.6447,-0.838,0.057,-0.2342,-0.1575,Up-stairs,correct
8165,Up-stairs,-1.2665,8.7963,-0.8116,0.1729,-0.0837,-0.1204,Up-stairs,correct
8218,Up-stairs,-2.0351,10.1825,-0.7709,-0.0522,-0.0213,-0.0703,Up-stairs,correct
8271,Up-stairs,-2.3391,11.0277,-0.8045,-0.0093,0.2793,-0.1015,Up-stairs,correct
8324,Up-stairs,-3.0598,12.8257,-0.7207,-0.6392,0.2518,-0.2593,Up-stairs,correct
8377,Up-stairs,-3.4069,11.5784,-1.0774,-0.5788,0.4666,0.0498,Up-stairs,correct
8430,Up-stairs,-2.3942,11.315,-2.8228,-0.5561,0.234,0.0837,Up-stairs,correct
8483,Up-stairs,1.5778,8.7412,-0.1652,0.2022,0.4876,0.2185,Up-stairs,correct
8536,Up-stairs,1.2905,6.8211,-1.9944,-0.8407,0.3056,0.1908,Up-stairs,correct
8589,Up-stairs,-1.1157,8.157,-0.2011,-0.3277,0.7898,0.3459,Up-stairs,correct
8642,Up-stairs,-0.5171,9.2632,0.316,-0.2958,0.372,0.2723,Up-stairs,correct
8695,Up-stairs,0.3017,8.2552,0.8859,-0.1053,0.3829,0.1322,Up-stairs,correct
8748,Up-stairs,0.1508,8.3534,0.826,-0.2065,0.2321,0.2603,Up-stairs,correct
8801,Up-stairs,0.2538,8.4922,0.3496,-0.0112,0.6536,0.2009,Up-stairs,correct
8854,Up-stairs,-0.0934,9.0692,0.6536,0.0693,0.6265,0.0306,Up-stairs,correct
8907,Up-stairs,-0.1484,10.3717,1.0942,-0.0325,0.4026,-0.0464,Up-stairs,correct
8960,Up-stairs,0.0072,11.6191,1.1779,-0.0445,0.259,-0.145,Up-stairs,correct
9013,Up-stairs,-0.395,12.3852,1.5778,-0.1492,-0.0123,-0.3112,Walking,incorrect
9066,Up-stairs,-0.4717,14.3532,-0.2203,-0.1921,-0.2995,-0.4439,Walking,incorrect
9119,Up-stairs,-2.2051,11.5664,-1.5036,0.3219,-0.5926,-0.494,Walking,incorrect
9172,Up-stairs,-2.4157,7.4915,-1.9728,0.2531,-0.5433,-0.4311,Walking,incorrect
9225,Up-stairs,-1.3551,8.5258,-1.1372,-0.032,-0.546,-0.2582,Walking,incorrect
9278,Up-stairs,-1.6592,10.0317,-0.8954,-0.1767,-0.481,-0.2318,Up-stairs,correct
9331,Up-stairs,-2.071,8.5904,0.1413,-0.3373,-0.2894,-0.373,Up-stairs,correct
9384,Up-stairs,-2.8706,8.6455,0.0287,-0.2406,-0.4951,-0.1431,Up-stairs,correct
9437,Up-stairs,-2.4014,7.7093,-0.103,-0.1463,-0.6603,-0.0589,Up-stairs,correct
9490,Up-stairs,-1.9321,8.1954,0.8116,0.142,-0.5702,-0.0703,Up-stairs,correct
9543,Up-stairs,-1.8699,8.9184,1.1085,0.1426,-0.1577,-0.0051,Up-stairs,correct
9596,Up-stairs,-2.4948,8.9974,1.0822,0.0874,-0.0104,-0.0173,Walking,incorrect
9649,Up-stairs,-2.8108,9.5553,0.7159,-0.0957,0.0192,0.0416,Walking,incorrect
9702,Up-stairs,-2.6336,10.3837,0.8092,-0.4215,0.1196,-0.0043,Walking,incorrect
9755,Up-stairs,-3.3088,12.0955,-0.4381,-0.4839,0.4314,0.1785,Walking,incorrect
9808,Up-stairs,-1.1349,11.1282,0.0239,-0.0733,0.2497,-0.048,Walking,incorrect
9861,Up-stairs,0.7398,8.8825,0.1867,-0.1234,0.287,0.0621,Up-stairs,correct
9914,Up-stairs,-1.391,7.9607,-0.1915,-0.2875,0.522,0.145,Up-stairs,correct
9967,Up-stairs,-0.9912,8.4898,0.759,-0.1807,0.2465,0.2603,Up-stairs,correct
10020,Up-stairs,-0.2346,8.995,1.0678,-0.1242,0.0751,0.1727,Up-stairs,correct
10073,Up-stairs,-0.9912,8.8418,1.4964,-0.2177,0.0589,0.3,Up-stairs,correct
10126,Up-stairs,-0.6608,8.4132,1.312,-0.0997,0.1223,0.3301,Up-stairs,correct
10179,Up-stairs,-0.1724,8.4874,1.5514,-0.105,0.0829,0.1511,Up-stairs,correct
10232,Up-stairs,-0.431,9.0357,2.1332,0.0141,0.2601,0.1545,Up-stairs,correct
10285,Up-stairs,-0.4286,9.2464,1.7669,-0.0317,0.255,0.1727,Walking,incorrect
10338,Up-stairs,-0.5148,10.2232,1.9992,0.0376,0.1423,0.0541,Walking,incorrect
10391,Up-stairs,0.1437,12.7515,2.2122,-0.0594,0.1058,-0.0218,Walking,incorrect
10444,Up-stairs,-0.1053,12.9263,0.6225,-0.1452,-0.1034,-0.1673,Walking,incorrect
10497,Up-stairs,-2.1835,12.1937,0.5219,0.0301,-0.2433,-0.1234,Walking,incorrect
10550,Up-stairs,-1.2665,9.0022,-0.1556,0.3952,-0.1378,-0.1836,Up-stairs,correct
10603,Up-stairs,-0.0766,7.3909,-0.5938,-0.0373,-0.0962,-0.1244,Up-stairs,correct
10656,Up-stairs,-0.9337,9.7612,-0.3711,-0.3629,-0.0839,-0.0104,Up-stairs,correct
10709,Up-stairs,-1.3815,9.6462,0.0982,-0.2806,0.0645,-0.1543,Up-stairs,correct
10762,Up-stairs,-1.4748,8.8609,0.4621,-0.0701,-0.0919,-0.1194,Up-stairs,correct
10815,Up-stairs,-1.5299,8.3031,0.6105,-0.2228,-0.0946,-0.0741,Up-stairs,correct
10868,Up-stairs,-0.9481,8.4372,0.8021,-0.2278,-0.0368,-0.1114,Up-stairs,correct
10921,Up-stairs,-1.1301,8.8083,0.8882,-0.1671,0.0256,-0.0589,Up-stairs,correct
10974,Up-stairs,-1.7214,9.2273,1.0271,-0.1407,-0.0794,-0.0536,Up-stairs,correct
11027,Up-stairs,-1.5514,9.1028,1.2881,-0.0743,0.0274,-0.0741,Up-stairs,correct
11080,Up-stairs,-1.5012,9.2464,1.561,-0.0997,-0.0024,-0.0352,Up-stairs,correct
11133,Up-stairs,-1.6903,9.4667,1.992,-0.1394,0.0482,0.0069,Up-stairs,correct
11186,Up-stairs,-1.4748,9.2177,1.8316,-0.1074,0.0767,0.0621,Up-stairs,correct
11239,Up-stairs,-1.1947,8.7987,1.9034,0.028,0.3163,0.1474,Up-stairs,correct
2,Down-stairs,-0.7685,9.3805,1.6017,0.0482,-0.1319,-0.0528,...,warmup
56,Down-stairs,-0.6536,9.347,1.6783,0.0203,-0.1388,-0.052,...,warmup
109,Down-stairs,-1.1253,9.7444,1.6448,0.0008,-0.1892,-0.0679,...,warmup
162,Down-stairs,-1.5467,9.7731,1.7478,0.2507,-0.222,-0.0866,...,warmup
215,Down-stairs,-1.3312,9.098,1.9297,0.2478,-0.2875,-0.1732,...,warmup
268,Down-stairs,-1.1803,9.7755,2.3535,0.0312,-0.0354,-0.1665,...,warmup
321,Down-stairs,-1.4964,9.517,2.2434,0.0109,0.0853,-0.1423,...,warmup
374,Down-stairs,-1.8052,8.4348,2.2865,-0.0117,0.0365,-0.1063,...,warmup
427,Down-stairs,-1.4868,8.2624,2.0925,-0.0083,0.0717,-0.0568,...,warmup
480,Down-stairs,-1.0582,7.7381,1.7549,0.0962,0.2054,-0.0179,...,warmup
533,Down-stairs,-0.5914,6.2393,1.2929,0.1399,0.3075,0.1058,...,warmup
586,Down-stairs,-1.1109,5.9161,1.0606,-0.0152,0.3581,0.1705,...,warmup
639,Down-stairs,-1.8364,8.0397,1.9273,-0.4194,0.2659,0.0877,...,warmup
692,Down-stairs,-1.9154,10.3214,1.8268,-0.4186,0.3531,0.0549,...,warmup
745,Down-stairs,-1.9034,9.6055,2.3463,-0.4506,0.295,0.0008,...,warmup
798,Down-stairs,-1.2019,11.2049,1.9728,-0.409,0.4469,0.0496,...,warmup
851,Down-stairs,-0.6776,13.7978,2.241,-0.2683,-0.2142,0.0845,...,warmup
904,Down-stairs,-0.3831,16.0866,2.3104,0.1895,-0.3158,0.2177,...,warmup
957,Down-stairs,-0.9385,11.1594,3.2633,0.3078,-0.284,-0.1074,...,warmup
1010,Down-stairs,-0.4453,7.1826,2.8994,0.1812,0.6973,0.3645,...,warmup
1063,Down-stairs,-0.407,8.4491,1.1827,-0.0717,-0.0264,0.2691,...,warmup
1116,Down-stairs,-0.9098,7.8673,0.7973,0.0155,-0.5351,-0.4365,...,warmup
1169,Down-stairs,0.012,7.0533,1.3192,0.1852,-1.0288,-0.2918,...,warmup
1222,Down-stairs,1.0726,7.2329,2.2266,-0.0349,-0.5359,-0.1095,...,warmup
1275,Down-stairs,0.0862,6.5074,1.7765,-0.1316,-0.4458,-0.0501,...,warmup
1328,Down-stairs,-0.1077,6.4667,2.0111,-0.033,-0.4205,-0.1974,...,warmup
1381,Down-stairs,-0.7422,7.9703,0.3998,-0.6195,-0.5883,-0.3749,...,warmup
1434,Down-stairs,-3.8858,16.6038,-0.0503,-0.279,0.0717,0.0093,...,warmup
1487,Down-stairs,-1.9465,16.3213,3.2226,0.2795,-0.6734,-0.3435,...,warmup
1540,Down-stairs,-2.3439,12.8449,4.5586,0.0626,0.4866,-0.3858,...,warmup
1593,Down-stairs,-1.9369,9.8593,1.8962,-0.0837,-0.4215,0.2883,...,warmup
1646,Down-stairs,-2.1404,10.0006,2.2218,0.1545,0.0314,-0.1599,...,warmup
1699,Down-stairs,-0.6416,7.0222,1.7502,0.3688,0.1399,0.0256,...,warmup
1752,Down-stairs,-0.7614,5.8873,1.2953,-0.0498,0.2265,0.2691,...,warmup
1805,Down-stairs,-1.166,6.5673,1.6065,-0.2193,0.0866,0.1716,...,warmup
1858,Down-stairs,-0.9673,6.7181,1.6424,-0.2044,0.5737,0.1151,...,warmup
1911,Down-stairs,-1.0726,6.8498,1.3838,-0.2276,0.4604,0.2006,...,warmup
1964,Down-stairs,-1.5036,8.2983,1.901,-0.3285,0.3664,0.0887,...,warmup
2017,Down-stairs,-1.834,13.1418,2.6001,-0.3376,0.5404,0.2372,...,warmup
2070,Down-stairs,0.929,15.8496,2.545,-0.1274,0.1045,0.0741,Up-stairs,incorrect
2123,Down-stairs,0.8021,14.88,2.557,0.1988,0.0999,-0.2009,Up-stairs,incorrect
2176,Down-stairs,-2.4469,10.4267,3.9169,-0.0735,-0.1138,-0.3861,Up-stairs,incorrect
2229,Down-stairs,0.0575,6.5888,2.8395,0.1404,1.0946,0.5548,Up-stairs,incorrect
2282,Down-stairs,0.5243,8.248,1.3838,-0.0877,0.0115,0.0962,Up-stairs,incorrect
2335,Down-stairs,-0.0575,8.3246,1.9656,-0.2944,-0.3597,-0.3858,Up-stairs,incorrect
2388,Down-stairs,0.4597,8.1762,1.6616,0.2212,-0.4863,-0.2076,Up-stairs,incorrect
2441,Down-stairs,0.6752,7.4148,2.8108,0.2161,0.0061,-0.1889,Up-stairs,incorrect
2494,Down-stairs,0.3448,5.6479,2.5379,0.2832,-0.0874,-0.0352,Up-stairs,incorrect
2547,Down-stairs,0.0599,5.1068,0.6704,0.336,0.0005,-0.0104,Up-stairs,incorrect
2600,Down-stairs,0.5171,7.3215,2.2194,0.0666,-0.194,-0.1772,Up-stairs,incorrect
2653,Down-stairs,-3.6176,16.3572,0.7973,-0.3752,-0.3496,-0.2582,Up-stairs,incorrect
2706,Down-stairs,-3.9265,14.6836,0.644,0.0632,0.5252,-0.0778,Up-stairs,incorrect
2759,Down-stairs,-2.873,11.9207,2.7701,0.3765,0.3501,-0.2769,Up-stairs,incorrect
2812,Down-stairs,-1.7286,12.7084,1.2282,0.1761,-0.1895,-0.2481,Up-stairs,incorrect
2865,Down-stairs,-1.9656,9.0932,2.0303,0.2297,-0.3925,-0.0794,Up-stairs,incorrect
2918,Down-stairs,-0.9553,8.2049,1.1061,0.0456,-0.0354,0.1599,Up-stairs,incorrect
2971,Down-stairs,-0.577,6.7493,0.6273,0.1767,0.2968,0.2777,Up-stairs,incorrect
3024,Down-stairs,-1.4485,6.2441,0.5267,-0.0717,0.2073,0.1916,Up-stairs,incorrect
3077,Down-stairs,-1.1923,7.0844,0.9505,-0.1223,0.2747,0.1745,Up-stairs,incorrect
3130,Down-stairs,-0.8571,7.1994,0.9984,-0.1399,0.4762,0.1516,Up-stairs,incorrect
3183,Down-stairs,-1.2737,7.4101,1.0127,-0.215,0.5825,0.1159,Up-stairs,incorrect
3236,Down-stairs,-1.4772,8.9878,1.1061,-0.7445,0.6566,-0.0309,Up-stairs,incorrect
3289,Down-stairs,-2.5043,15.8376,1.1947,-0.3419,0.7914,0.2366,Up-stairs,incorrect
3342,Down-stairs,0.9697,12.4858,1.6305,0.2555,-0.8295,-0.1671,Up-stairs,incorrect
3395,Down-stairs,0.2035,15.0523,3.6703,-0.138,0.3275,0.0602,Up-stairs,incorrect
3448,Down-stairs,-0.7183,12.3493,2.6312,0.1239,-0.4362,-0.0501,Up-stairs,incorrect
3501,Down-stairs,-0.8835,6.7708,2.4229,0.2726,0.7376,0.1082,Up-stairs,incorrect
3554,Down-stairs,-0.2083,7.7524,1.1253,0.0053,-0.2374,0.267,Up-stairs,incorrect
3607,Down-stairs,-0.2274,9.5146,1.2929,0.0141,-0.1029,-0.1844,Up-stairs,incorrect
3660,Down-stairs,0.2514,8.5234,1.7502,-0.0352,-0.4967,-0.2678,Up-stairs,incorrect
3713,Down-stairs,0.1724,8.5497,2.2673,-0.0282,-0.0898,-0.2145,Up-stairs,incorrect
3766,Down-stairs,-0.3711,6.8785,1.9513,-0.0818,-0.2097,-0.2566,Up-stairs,incorrect
3819,Down-stairs,-0.0814,5.5569,0.7254,0.0629,-0.3192,-0.1298,Up-stairs,incorrect
3872,Down-stairs,0.9002,6.3135,1.4078,0.0749,-0.5137,-0.0141,Up-stairs,incorrect
3925,Down-stairs,-0.6991,9.7276,0.8116,-0.4298,-0.7733,-0.3341,Up-stairs,incorrect
3978,Down-stairs,-3.1508,13.1274,-0.103,0.0661,0.1719,0.0538,Up-stairs,incorrect
4031,Down-stairs,-2.7964,18.6963,3.292,0.3341,-0.1772,0.0528,Up-stairs,incorrect
4084,Down-stairs,-2.8874,13.3453,3.9672,0.0679,0.2579,-0.5681,Up-stairs,incorrect
4137,Down-stairs,-1.9489,9.1794,1.6305,0.2001,-0.6179,-0.0136,Up-stairs,incorrect
4190,Down-stairs,-2.4948,8.7508,1.7885,-0.0141,-0.323,-0.0093,Up-stairs,incorrect
4243,Down-stairs,-0.1389,7.3143,0.7302,0.2694,0.0749,0.1633,Up-stairs,incorrect
4296,Down-stairs,-0.6177,5.8945,1.3384,0.0389,0.4261,0.1063,Up-stairs,incorrect
4349,Down-stairs,-1.8675,6.3183,0.9577,-0.1242,0.1444,0.1418,Up-stairs,incorrect
4402,Down-stairs,-1.0223,6.9911,1.4868,-0.1018,0.3797,0.0541,Up-stairs,incorrect
4455,Down-stairs,-1.166,7.5681,1.3479,-0.3099,0.304,-0.1119,Up-stairs,incorrect
4508,Down-stairs,-1.0439,9.924,1.1444,-0.8178,0.5431,-0.1156,Up-stairs,incorrect
4561,Down-stairs,-1.391,14.2814,0.4932,-0.2094,0.3792,0.0642,Up-stairs,incorrect
4614,Down-stairs,-0.6488,13.3429,1.2785,0.1388,-0.0703,-0.1572,Up-stairs,incorrect
4667,Down-stairs,-1.3719,13.1657,1.4365,0.5798,0.0155,-0.0544,Up-stairs,incorrect
4720,Down-stairs,-1.324,11.224,1.8986,0.1868,-0.0829,-0.0714,Up-stairs,incorrect
4773,Down-stairs,0.0383,7.4436,2.0853,0.1951,0.6885,0.4151,Up-stairs,incorrect
4826,Down-stairs,-0.5818,9.3518,0.6057,-0.0442,0.0493,-0.016,Up-stairs,incorrect
4879,Down-stairs,-0.7422,8.2432,1.142,0.2587,-0.1636,-0.2651,Up-stairs,incorrect
4932,Down-stairs,-0.0551,6.8402,1.5036,0.0989,-0.5737,-0.1615,Up-stairs,incorrect
4985,Down-stairs,0.158,6.3686,1.1732,-0.0005,-0.2654,-0.1322,Up-stairs,incorrect
5038,Down-stairs,0.0527,5.8921,1.0127,0.0474,-0.4666,-0.1418,Up-stairs,incorrect
5091,Down-stairs,-0.4477,7.58,0.261,0.0751,-0.4298,-0.0818,Up-stairs,incorrect
5144,Down-stairs,-2.0662,11.3796,0.4334,-0.3424,-0.721,-0.2582,Up-stairs,incorrect
5197,Down-stairs,-3.6057,15.1385,0.5076,-0.0448,0.6331,0.1498,Up-stairs,incorrect
5250,Down-stairs,-1.8914,15.1553,2.1931,-0.0573,-0.477,-0.0325,Up-stairs,incorrect
5303,Down-stairs,-3.9073,11.2288,2.2482,0.1319,0.3072,-0.3922,Up-stairs,incorrect
5356,Down-stairs,-1.9704,9.845,1.2713,0.1945,-0.4399,0.0765,Up-stairs,incorrect
5409,Down-stairs,-1.7933,9.1698,1.3527,-0.0655,0.0573,0.0866,Up-stairs,incorrect
5462,Down-stairs,-1.3647,7.9679,1.1444,0.1031,0.0645,0.1879,Up-stairs,incorrect
5515,Down-stairs,-1.257,6.2273,0.668,-0.0624,0.3611,0.1316,Up-stairs,incorrect
5568,Down-stairs,-1.1588,6.1531,1.0175,-0.198,0.2142,0.1577,Up-stairs,incorrect
5621,Down-stairs,-1.1301,7.9009,1.3312,-0.3693,0.4615,0.1162,Up-stairs,incorrect
5674,Down-stairs,-1.1779,8.2121,1.5107,-0.4858,0.538,0.0472,Up-stairs,incorrect
5727,Down-stairs,-1.5826,8.4946,1.5203,-0.5782,0.4255,0.0805,Up-stairs,incorrect
5780,Down-stairs,-2.1907,12.7731,2.1428,-0.813,0.6366,0.1029,Up-stairs,incorrect
5833,Down-stairs,0.1915,14.4418,1.3767,-0.2252,-0.466,0.0464,Up-stairs,incorrect
5886,Down-stairs,-1.5299,14.3676,3.2801,-0.6419,-0.0019,-0.3744,Up-stairs,incorrect
5939,Down-stairs,-0.668,11.9854,2.1189,0.145,0.1956,-0.0144,Up-stairs,incorrect
5992,Down-stairs,-1.0558,8.3366,2.8874,-0.0869,0.2222,-0.0954,Up-stairs,incorrect
6045,Down-stairs,-0.2227,5.9879,1.7621,-0.0232,0.162,0.2755,Up-stairs,incorrect
6098,Down-stairs,0.1628,8.0134,0.9625,-0.0498,-0.1855,0.0152,Up-stairs,incorrect
6151,Down-stairs,-0.0838,8.1547,1.6065,0.1537,-0.1903,-0.1817,Up-stairs,incorrect
6204,Down-stairs,-0.0599,8.1403,2.5881,0.2569,-0.429,-0.1332,Down-stairs,correct
6257,Down-stairs,0.1915,7.3957,2.2721,0.1082,-0.0272,-0.1034,Down-stairs,correct
6310,Down-stairs,-0.1796,6.5984,1.7741,0.2702,0.1529,0.0088,Down-stairs,correct
6363,Down-stairs,-0.091,7.8075,1.6831,0.1479,-0.1625,-0.073,Down-stairs,correct
6416,Down-stairs,-1.0726,10.3837,1.0199,-0.2606,-0.4346,-0.1932,Down-stairs,correct
6469,Down-stairs,-3.3208,12.3301,-0.1963,0.1159,0.1649,0.0618,Up-stairs,incorrect
6522,Down-stairs,-2.8611,16.5703,2.7725,-0.1215,-0.3698,-0.0458,Up-stairs,incorrect
6575,Down-stairs,-2.8539,13.1897,2.7797,0.2182,0.3808,-0.3038,Up-stairs,incorrect
6628,Down-stairs,-0.5962,10.8936,2.0446,0.2185,-0.2771,0.2036,Up-stairs,incorrect
6681,Down-stairs,-1.6209,7.2903,0.8978,0.0203,0.1164,-0.0133,Up-stairs,incorrect
6734,Down-stairs,-0.9912,7.3789,0.6536,0.1132,0.029,0.1295,Up-stairs,incorrect
6787,Down-stairs,-0.9505,7.0006,1.0511,0.0389,0.2739,0.1274,Up-stairs,incorrect
6840,Down-stairs,-1.834,7.4795,1.2977,-0.1593,0.1623,0.0389,Up-stairs,incorrect
6893,Down-stairs,-1.4293,7.8937,1.6831,-0.2116,0.2305,0.1266,Up-stairs,incorrect
6946,Down-stairs,-0.7997,7.5537,1.5347,-0.1108,0.4445,0.0381,Up-stairs,incorrect
6999,Down-stairs,-1.0654,8.011,1.4078,-0.2356,0.4037,0.0258,Up-stairs,incorrect
7052,Down-stairs,-1.6759,9.8043,1.64,-0.6145,0.4234,0.0424,Up-stairs,incorrect
7105,Down-stairs,-1.1684,13.4746,0.6608,-0.2084,0.5063,0.1263,Up-stairs,incorrect
7158,Down-stairs,0.723,12.3637,1.5251,0.2097,-0.1444,-0.0658,Up-stairs,incorrect
7211,Down-stairs,-0.4836,13.0652,2.7677,0.0184,0.1029,0.0576,Up-stairs,incorrect
7264,Down-stairs,-0.6871,11.1163,2.7509,0.2044,-0.2425,0.012,Up-stairs,incorrect
7317,Down-stairs,-0.8859,8.4036,2.3272,0.0794,0.4695,0.1612,Up-stairs,incorrect
7370,Down-stairs,-0.1963,9.5984,1.8842,0.016,-0.3541,0.0648,Up-stairs,incorrect
7423,Down-stairs,0.1341,8.1786,1.4557,-0.0013,-0.1905,-0.1809,Up-stairs,incorrect
7476,Down-stairs,0.1532,7.7907,1.4988,0.0386,-0.4453,-0.1279,Up-stairs,incorrect
7529,Down-stairs,0.1508,7.8817,1.8914,0.0408,-0.2459,-0.2694,Up-stairs,incorrect
7582,Down-stairs,-0.1556,6.1555,1.7693,0.1167,-0.4229,-0.2785,Up-stairs,incorrect
7635,Down-stairs,-0.0096,6.0837,1.3216,0.0746,-0.3475,-0.1873,Up-stairs,incorrect
7688,Down-stairs,0.3328,7.9655,1.2713,-0.0032,-0.3136,-0.1743,Down-stairs,correct
7741,Down-stairs,-1.9034,11.8393,1.0367,-0.5534,-0.5404,-0.3605,Up-stairs,incorrect
7794,Down-stairs,-3.3902,12.9263,0.4357,0.2537,0.3299,-0.0719,Up-stairs,incorrect
7847,Down-stairs,-2.6336,15.2966,3.2441,0.1031,-0.5415,-0.133,Up-stairs,incorrect
7900,Down-stairs,-2.9999,12.615,2.8036,0.2403,0.559,-0.3059,Up-stairs,incorrect
7953,Down-stairs,-1.2881,9.9288,1.8364,0.06,-0.4815,0.0687,Up-stairs,incorrect
8006,Down-stairs,-1.8579,8.6,1.2594,0.0434,-0.0035,0.0157,Up-stairs,incorrect
8059,Down-stairs,-1.1396,7.8027,1.233,0.1801,-0.0165,0.1447,Up-stairs,incorrect
8112,Down-stairs,-1.0774,6.6319,1.3575,0.0632,0.3589,0.2246,Up-stairs,incorrect
8165,Down-stairs,-1.6831,6.9025,1.2067,-0.1876,0.1356,0.1503,Up-stairs,incorrect
8218,Down-stairs,-1.2857,7.0988,1.3144,-0.0392,0.2523,0.0759,Up-stairs,incorrect
8271,Down-stairs,-0.826,7.3789,1.1779,-0.0605,0.323,0.0717,Up-stairs,incorrect
8324,Down-stairs,-1.4341,8.8418,1.7382,-0.3072,0.3387,-0.0258,Up-stairs,incorrect
8377,Down-stairs,-1.652,12.9718,1.9728,-0.8082,0.6765,-0.0376,Up-stairs,incorrect
8430,Down-stairs,-1.1444,13.8122,1.2306,-0.0767,-0.0322,-0.0927,Up-stairs,incorrect
8483,Down-stairs,-0.5626,15.4833,3.3447,-0.4213,-0.029,-0.174,Up-stairs,incorrect
8536,Down-stairs,-1.1899,10.9726,2.1715,0.4471,-0.2667,-0.0075,Up-stairs,incorrect
8589,Down-stairs,-1.2163,9.4403,1.8555,0.3589,0.4016,0.1287,Down-stairs,correct
8642,Down-stairs,-0.3519,7.1275,1.4533,0.2814,0.1154,0.3712,Down-stairs,correct
8695,Down-stairs,-0.328,7.5393,0.4549,0.0242,0.052,0.0184,Down-stairs,correct
8748,Down-stairs,0.2346,8.4611,0.4453,0.0442,-0.425,-0.1756,Down-stairs,correct
8801,Down-stairs,-0.1532,8.7173,1.2067,0.17,-0.3112,-0.3648,Down-stairs,correct
8854,Down-stairs,-0.0886,7.1251,1.6281,-0.0386,-0.1106,-0.2659,Down-stairs,correct
8907,Down-stairs,-0.2442,6.4572,1.2809,-0.081,-0.0597,-0.0568,Down-stairs,correct
8960,Down-stairs,-0.1221,7.8027,1.0247,-0.13,-0.1231,-0.0962,Down-stairs,correct
9013,Down-stairs,-0.7111,9.0357,0.7278,-0.4335,-0.2888,-0.3464,Down-stairs,correct
9066,Down-stairs,-1.9513,11.2599,-0.4238,-0.2641,-0.166,-0.0418,Up-stairs,incorrect
9119,Down-stairs,-3.7469,15.3612,0.3304,-0.1721,0.2801,0.1545,Up-stairs,incorrect
9172,Down-stairs,-2.6073,13.635,2.715,0.1402,-0.2302,-0.3309,Up-stairs,incorrect
9225,Down-stairs,-2.739,12.469,2.4253,-0.1751,0.1196,-0.109,Up-stairs,incorrect
9278,Down-stairs,-1.4509,9.3613,1.7813,0.1514,-0.0861,0.1631,Up-stairs,incorrect
9331,Down-stairs,-0.735,7.9679,0.8332,0.0448,0.0432,0.0935,Up-stairs,incorrect
9384,Down-stairs,-1.0558,6.7947,1.063,0.081,0.2459,0.1748,Up-stairs,incorrect
9437,Down-stairs,-1.3575,6.675,1.1947,-0.1085,0.1537,0.1943,Up-stairs,incorrect
9490,Down-stairs,-1.0487,6.4117,1.0534,-0.0552,0.4836,0.1982,Up-stairs,incorrect
9543,Down-stairs,-1.1349,7.604,1.0367,-0.243,0.4418,0.1849,Up-stairs,incorrect
9596,Down-stairs,-1.3096,9.3446,1.4126,-0.1873,0.5833,0.0869,Up-stairs,incorrect
9649,Down-stairs,-0.9697,9.6343,1.7765,-0.4386,0.7805,0.0147,Up-stairs,incorrect
9702,Down-stairs,-1.5107,13.1921,1.415,-0.6049,1.0706,-0.109,Up-stairs,incorrect
9755,Down-stairs,-0.2825,12.8688,0.4262,-0.1506,-0.6869,-0.1156,Up-stairs,incorrect
9808,Down-stairs,-1.1061,12.0045,2.9975,-0.328,-0.0189,-0.2547,Up-stairs,incorrect
9861,Down-stairs,-0.826,11.8034,1.4485,0.2188,0.3301,0.3301,Up-stairs,incorrect
9914,Down-stairs,-1.2522,10.2903,1.7645,0.3659,0.0424,-0.1668,Up-stairs,incorrect
9967,Down-stairs,-0.1484,7.4531,1.5634,0.1596,0.044,0.2864,Up-stairs,incorrect
10020,Down-stairs,-0.2538,9.6558,1.2115,0.0306,-0.0794,0.1388,Up-stairs,incorrect
10073,Down-stairs,0.1437,9.6917,0.7973,0.0093,0.0226,-0.1021,Up-stairs,incorrect
10126,Down-stairs,-0.431,9.8162,1.8962,-0.1053,-0.1583,-0.0831,Up-stairs,incorrect
10179,Down-stairs,-0.4717,9.912,1.6209,-0.1639,0.0037,-0.1002,Up-stairs,incorrect
10232,Down-stairs,-0.6823,9.7444,1.3431,-0.2659,-0.299,-0.1673,Up-stairs,incorrect
10285,Down-stairs,-1.3384,10.2855,1.0726,-0.2086,-0.3107,-0.085,Up-stairs,incorrect
10338,Down-stairs,-0.917,8.9304,1.154,0.2979,-0.0818,0.0757,Up-stairs,incorrect
10391,Down-stairs,0.1915,8.8681,1.6735,-0.004,-0.0618,0.0464,Up-stairs,incorrect
10444,Down-stairs,-1.1061,9.7947,1.1444,-0.2126,-0.137,-0.1095,Up-stairs,incorrect
10497,Down-stairs,-1.5778,10.2185,1.1444,-0.0128,-0.3541,-0.0509,Up-stairs,incorrect
10550,Down-stairs,-0.6632,8.9208,1.4844,0.1985,-0.0109,-0.0109,Up-stairs,incorrect
10603,Down-stairs,-0.4118,9.2775,1.4844,-0.0554,-0.0565,-0.0317,Down-stairs,correct
10656,Down-stairs,-0.8571,10.2807,1.2809,-0.2499,0.0416,-0.0845,Down-stairs,correct
10709,Down-stairs,-1.0319,9.4978,1.3312,-0.1498,-0.0125,-0.1132,Down-stairs,correct
10762,Down-stairs,-1.0918,9.3063,1.8699,-0.1018,-0.0224,-0.0903,Down-stairs,correct
10815,Down-stairs,-0.9864,9.7444,1.9273,-0.1303,-0.029,-0.0248,Down-stairs,correct
10868,Down-stairs,-0.9457,9.7683,1.8866,-0.1039,0.0376,-0.0533,Down-stairs,correct
10921,Down-stairs,-1.0271,9.3996,1.9154,-0.1042,0.045,-0.0234,Down-stairs,correct
10974,Down-stairs,-1.0846,9.5481,1.889,-0.0967,0.0802,0.0213,Down-stairs,correct
11027,Down-stairs,-1.0032,9.4044,1.9704,-0.0746,0.0791,-0.0282,Down-stairs,correct
11080,Down-stairs,-0.8475,9.6223,1.9896,-0.1042,0.0839,-0.0253,Down-stairs,correct
11133,Down-stairs,-0.9768,9.4212,2.0853,-0.0701,0.0837,-0.0266,Down-stairs,correct
11186,Down-stairs,-0.9649,9.5433,2.1763,-0.1132,0.028,-0.0224,Down-stairs,correct
11239,Down-stairs,-0.9098,9.3398,2.3008,-0.1284,0.0626,-0.0229,Down-stairs,correct
11292,Down-stairs,-1.0918,9.5361,2.1069,-0.0743,0.1026,-0.0101,Down-stairs,correct
11345,Down-stairs,-0.9768,9.3565,2.2913,-0.0981,0.0682,-0.0091,Down-stairs,correct
11398,Down-stairs,-1.0415,9.4379,2.2434,-0.0983,0.057,0.0013,Down-stairs,correct
11451,Down-stairs,-0.9697,9.426,2.2721,-0.045,0.044,-0.0043,Down-stairs,correct
11504,Down-stairs,-0.9457,9.3877,2.2482,-0.0248,-0.0013,-0.0096,Down-stairs,correct
11557,Down-stairs,-0.9768,9.3877,2.2721,-0.0139,0.0181,-0.0195,Down-stairs,correct
11610,Down-stairs,-0.9385,9.4164,2.3391,-0.0216,0.0594,-0.0157,Down-stairs,correct
11663,Down-stairs,-1.087,9.5816,2.2314,-0.0501,0.0093,-0.0306,Down-stairs,correct
11716,Down-stairs,-1.0343,9.4164,2.1548,-0.032,0.0128,-0.0448,Down-stairs,correct
11769,Down-stairs,-0.8763,9.3134,2.2793,0.0264,0.0663,-0.0256,Down-stairs,correct
11822,Down-stairs,-0.8571,9.5744,2.399,-0.0211,0.0021,-0.0248,Down-stairs,correct
11875,Down-stairs,-0.9242,9.4451,2.2242,-0.0456,0.0504,-0.0261,Down-stairs,correct
11928,Down-stairs,-0.9697,9.5074,2.2673,-0.0538,0.0139,-0.0091,Down-stairs,correct
11981,Down-stairs,-0.8523,9.4475,2.229,-0.0325,0.0666,-0.0141,Down-stairs,correct
12034,Down-stairs,-0.8787,9.5648,2.2434,-0.0381,0.0826,-0.004,Down-stairs,correct
12087,Down-stairs,-0.9625,9.5193,2.1931,-0.0482,0.0637,-0.0067,Down-stairs,correct
12140,Down-stairs,-0.8978,9.4332,2.1524,-0.0277,0.0698,-0.0021,Down-stairs,correct
12193,Down-stairs,-0.7039,9.402,2.3415,-0.0685,0.0381,0.0032,Down-stairs,correct
12246,Down-stairs,-0.893,9.596,2.1356,-0.097,-0.0091,0.0181,Down-stairs,correct
12299,Down-stairs,-1.0247,9.4547,2.2242,0.0008,0.0799,0.0352,Down-stairs,correct
12352,Down-stairs,-0.6823,9.4403,2.1476,-0.0477,0.073,0.0381,Down-stairs,correct
12405,Down-stairs,-0.8092,9.4954,2.1859,-0.0509,0.0629,-0.0021,Down-stairs,correct
2,Up-stairs,-2.2601,9.1315,2.2817,0.2012,0.0991,0.0107,...,warmup
56,Up-stairs,-2.6073,9.3781,2.1715,0.2182,0.1215,0.0104,...,warmup
109,Up-stairs,-2.6911,9.7013,2.4134,0.2539,0.1175,0.0426,...,warmup
162,Up-stairs,-2.8108,10.0868,2.0638,0.2984,0.2262,0.1543,...,warmup
215,Up-stairs,-3.0335,10.6925,1.154,0.0866,0.2617,0.1069,...,warmup
268,Up-stairs,-2.9951,12.0428,0.9074,-0.1085,0.2747,-0.0485,...,warmup
321,Up-stairs,-3.1819,12.8138,1.1109,-0.3011,0.0293,-0.1772,...,warmup
374,Up-stairs,-0.7877,9.414,0.5219,0.2124,0.4151,-0.0978,...,warmup
427,Up-stairs,0.9194,7.288,-0.2155,-0.0429,0.215,0.0767,...,warmup
480,Up-stairs,-0.8212,8.9016,-0.4381,-0.1583,0.5279,0.081,...,warmup
533,Up-stairs,-0.4477,9.9551,0.4884,0.0165,0.1308,0.1839,...,warmup
586,Up-stairs,-0.5722,9.2177,1.3575,-0.1569,0.3437,0.0941,...,warmup
639,Up-stairs,-1.3216,9.6271,1.2857,-0.2025,0.2132,0.1431,...,warmup
692,Up-stairs,-0.644,8.8681,1.2809,0.0282,0.2566,0.1927,...,warmup
745,Up-stairs,-0.6632,8.3845,1.312,0.0608,0.4218,0.1532,...,warmup
798,Up-stairs,-0.51,8.7652,1.3312,0.1532,0.412,0.133,...,warmup
851,Up-stairs,-0.2921,8.9304,1.3431,0.1138,0.4303,0.134,...,warmup
904,Up-stairs,-0.5531,9.6462,1.4126,0.0035,0.3195,0.1058,...,warmup
957,Up-stairs,-1.2881,10.4962,1.7549,-0.1769,0.0608,0.0072,...,warmup
1010,Up-stairs,-1.1277,11.7053,1.0247,-0.1316,-0.1527,-0.0378,...,warmup
1063,Up-stairs,-1.0654,13.9702,0.8068,-0.3797,-0.1226,-0.1348,...,warmup
1116,Up-stairs,-2.7773,11.8465,-0.2011,0.0445,-0.6933,-0.1412,...,warmup
1169,Up-stairs,-2.3822,7.6231,-0.6536,0.4325,-0.6051,-0.0655,...,warmup
1222,Up-stairs,-1.1444,7.9057,-0.3065,0.029,-0.3928,0.138,...,warmup
1275,Up-stairs,-1.7334,10.4291,-0.237,0.0767,-0.4226,-0.0498,...,warmup
1328,Up-stairs,-1.7909,7.8147,0.6488,0.3541,-0.2025,-0.2745,...,warmup
1381,Up-stairs,-2.1332,7.7069,0.814,0.1119,-0.2984,-0.0901,...,warmup
1434,Up-stairs,-1.81,7.8386,0.3496,0.1034,-0.4698,-0.1132,...,warmup
1487,Up-stairs,-1.822,7.9966,0.498,0.1324,-0.5183,-0.1839,...,warmup
1540,Up-stairs,-2.4325,8.9232,0.8404,0.0877,-0.4884,-0.1148,...,warmup
1593,Up-stairs,-2.7725,9.8402,1.0223,0.0802,-0.3046,-0.0946,...,warmup
1646,Up-stairs,-2.6863,9.9719,1.0918,-0.0144,-0.1703,-0.1266,...,warmup
1699,Up-stairs,-2.9305,10.1754,0.5674,-0.1263,0.162,0.0317,...,warmup
1752,Up-stairs,-3.0694,13.4578,-0.3136,-0.2952,0.207,0.2156,...,warmup
1805,Up-stairs,-0.6225,12.5791,-0.2322,0.3669,0.0365,-0.0594,...,warmup
1858,Up-stairs,0.9768,8.6766,-1.0199,0.2017,0.3549,-0.0218,...,warmup
1911,Up-stairs,-0.395,7.9966,-1.1971,-0.1404,0.5878,0.2214,...,warmup
1964,Up-stairs,-1.0463,10.2185,-0.8068,-0.0208,0.0181,0.1668,...,warmup
2017,Up-stairs,0.0263,8.6574,1.0247,-0.0477,-0.0557,-0.0536,...,warmup
2070,Up-stairs,-0.2969,8.6933,0.3831,-0.0618,0.2126,0.0986,Up-stairs,correct
2123,Up-stairs,-0.4812,8.2648,0.3615,0.0386,0.3254,0.174,Up-stairs,correct
2176,Up-stairs,0.261,7.7907,0.4932,0.2017,0.4756,0.1271,Up-stairs,correct
2229,Up-stairs,-0.3831,8.351,0.2849,0.0813,0.5686,0.0328,Up-stairs,correct
2282,Up-stairs,-0.7925,9.5265,0.486,0.048,0.5673,0.0698,Up-stairs,correct
2335,Up-stairs,-0.656,10.3286,0.2203,-0.0304,0.299,0.0384,Up-stairs,correct
2388,Up-stairs,-0.644,10.987,0.5219,-0.1996,0.0962,-0.0839,Up-stairs,correct
2441,Up-stairs,-0.4621,13.0628,-0.0479,-0.3144,-0.0701,-0.0914,Up-stairs,correct
2494,Up-stairs,-1.4054,14.9063,-0.6728,-0.1186,-0.1484,-0.1985,Up-stairs,correct
2547,Up-stairs,-1.506,10.9008,-0.8595,0.1996,-0.8178,-0.3301,Up-stairs,correct
2600,Up-stairs,-1.4461,7.106,-1.585,0.3749,-0.231,-0.1543,Up-stairs,correct
2653,Up-stairs,-1.1732,8.3821,-0.9002,-0.0648,-0.2036,0.053,Up-stairs,correct
2706,Up-stairs,-1.2881,9.6822,-1.0127,0.1095,-0.259,-0.2142,Up-stairs,correct
2759,Up-stairs,-1.1923,7.8386,0.2107,0.1903,-0.0642,-0.279,Up-stairs,correct
2812,Up-stairs,-1.6065,7.4651,-0.0168,-0.032,-0.0301,-0.0378,Up-stairs,correct
2865,Up-stairs,-1.4724,7.6207,-0.3783,-0.0357,-0.1969,-0.0139,Up-stairs,correct
2918,Up-stairs,-1.8459,8.0685,0.1724,0.0056,-0.1431,-0.0999,Up-stairs,correct
2971,Up-stairs,-2.3343,9.6127,0.3256,0.0322,-0.1522,-0.0482,Up-stairs,correct
3024,Up-stairs,-2.2936,10.3932,0.395,-0.0866,0.1098,-0.0272,Up-stairs,correct
3077,Up-stairs,-2.3894,10.5919,0.1197,-0.2297,0.1617,-0.0205,Down-stairs,incorrect
3130,Up-stairs,-2.8946,11.9207,-0.6177,-0.2793,0.4716,0.1982,Down-stairs,incorrect
3183,Up-stairs,-1.9776,13.441,-1.6065,-0.1132,0.2292,0.0959,Up-stairs,correct
3236,Up-stairs,0.0431,10.2256,-0.7278,0.2009,0.3211,-0.1327,Up-stairs,correct
3289,Up-stairs,0.9146,7.9272,-1.8028,-0.2595,0.7917,0.1018,Up-stairs,correct
3342,Up-stairs,-0.4693,8.9232,-1.4293,-0.2385,0.8282,0.186,Up-stairs,correct
3395,Up-stairs,-0.3998,9.8282,-0.3328,-0.3198,0.425,0.012,Up-stairs,correct
3448,Up-stairs,-0.2274,8.5329,0.1772,-0.3262,0.4471,0.0109,Up-stairs,correct
3501,Up-stairs,-0.4238,8.9064,-0.067,-0.2886,0.477,0.1767,Up-stairs,correct
3554,Up-stairs,-0.0599,7.8913,0.6081,-0.1207,0.5756,0.1697,Up-stairs,correct
3607,Up-stairs,0.395,7.7069,0.5363,-0.0621,0.5502,0.1148,Up-stairs,correct
3660,Up-stairs,-0.2131,8.5856,0.5914,-0.0157,0.6286,0.0522,Up-stairs,correct
3713,Up-stairs,-0.759,9.8904,0.7805,0.0005,0.5697,0.073,Up-stairs,correct
3766,Up-stairs,-0.17,11.2384,0.7302,-0.1993,0.3733,0.0008,Up-stairs,correct
3819,Up-stairs,-0.2921,11.6095,0.9218,-0.2425,0.2766,-0.1348,Up-stairs,correct
3872,Up-stairs,-0.8045,13.7379,-0.249,-0.4359,0.1276,-0.2033,Up-stairs,correct
3925,Up-stairs,-2.0303,12.6294,-0.6297,-0.061,-0.7978,-0.2649,Up-stairs,correct
3978,Up-stairs,-1.4389,8.9735,-1.2067,0.3424,-0.3579,-0.2435,Up-stairs,correct
4031,Up-stairs,-1.2522,8.1906,-0.68,-0.1476,-0.2222,-0.012,Up-stairs,correct
4084,Up-stairs,-1.7262,10.4291,-0.5938,-0.0488,-0.118,0.0045,Up-stairs,correct
4137,Up-stairs,-1.2665,8.6479,0.2155,0.0274,-0.1514,-0.3214,Up-stairs,correct
4190,Up-stairs,-1.8747,7.8745,0.4214,0.0282,-0.064,-0.2611,Up-stairs,correct
4243,Up-stairs,-1.8818,7.8027,0.0886,0.0112,-0.2377,-0.0365,Up-stairs,correct
4296,Up-stairs,-1.5083,7.7165,0.1508,0.1306,-0.3922,-0.0978,Up-stairs,correct
4349,Up-stairs,-1.8172,8.5665,0.4932,0.1359,-0.3427,-0.0829,Up-stairs,correct
4402,Up-stairs,-2.3152,9.7875,0.4046,0.1881,-0.1498,-0.057,Up-stairs,correct
4455,Up-stairs,-2.0782,10.6853,0.4884,-0.0117,0.1396,-0.0075,Up-stairs,correct
4508,Up-stairs,-2.2266,11.1259,0.5315,-0.1996,0.238,-0.008,Up-stairs,correct
4561,Up-stairs,-3.3016,12.4666,-0.8523,-0.2662,0.2883,0.0861,Up-stairs,correct
4614,Up-stairs,-0.5028,11.0995,-0.3879,0.3091,0.0746,0.0067,Up-stairs,correct
4667,Up-stairs,1.3527,8.3246,-0.723,0.1551,0.2923,0.0077,Up-stairs,correct
4720,Up-stairs,-0.4262,7.6327,-1.3048,-0.2918,0.7269,0.1657,Up-stairs,correct
4773,Up-stairs,-1.2115,10.2113,-0.2801,-0.1879,0.149,0.2667,Down-stairs,incorrect
4826,Up-stairs,-0.2155,9.7564,0.34,0.0621,-0.0163,-0.0048,Down-stairs,incorrect
4879,Up-stairs,-0.4334,8.576,0.5722,0.0,0.178,0.1258,Down-stairs,incorrect
4932,Up-stairs,-0.067,8.4827,0.2179,-0.0197,0.3027,0.2883,Down-stairs,incorrect
4985,Up-stairs,0.2418,8.7005,0.5602,-0.0115,0.4559,0.0797,Up-stairs,correct
5038,Up-stairs,-0.2227,8.8729,0.4525,-0.1077,0.3704,-0.0642,Up-stairs,correct
5091,Up-stairs,-0.1963,9.1363,0.6608,-0.06,0.5145,-0.0064,Up-stairs,correct
5144,Up-stairs,-0.2274,10.0987,0.7949,-0.0954,0.4005,0.0842,Up-stairs,correct
5197,Up-stairs,-0.1365,11.4778,0.7638,-0.1873,0.2593,-0.0887,Up-stairs,correct
5250,Up-stairs,-0.4477,13.6853,-0.5866,-0.2417,0.0384,-0.1343,Up-stairs,correct
5303,Up-stairs,-2.0207,12.8186,-1.2881,-0.077,-0.6241,-0.2619,Up-stairs,correct
5356,Up-stairs,-2.3583,8.9902,-1.1995,0.3203,-0.5513,-0.2196,Up-stairs,correct
5409,Up-stairs,-0.8763,8.5545,-1.1109,-0.1585,-0.1671,-0.1138,Down-stairs,incorrect
5462,Up-stairs,-1.482,10.5656,-0.8164,-0.1391,-0.1239,-0.0642,Down-stairs,incorrect
5515,Up-stairs,-2.1524,8.849,0.1221,-0.2022,0.0317,-0.3283,Down-stairs,incorrect
5568,Up-stairs,-2.0925,8.1331,0.261,-0.0378,-0.0861,-0.1239,Down-stairs,incorrect
5621,Up-stairs,-1.3862,7.8123,0.2801,0.0016,-0.1434,-0.0701,Down-stairs,incorrect
5674,Up-stairs,-1.3336,7.422,0.3759,0.0394,-0.2569,-0.1156,Down-stairs,incorrect
5727,Up-stairs,-1.4916,7.9942,0.7494,0.0397,-0.1394,-0.0618,Down-stairs,incorrect
5780,Up-stairs,-2.0255,9.2464,0.8835,0.052,-0.0035,-0.056,Down-stairs,incorrect
5833,Up-stairs,-2.2362,9.8162,0.8715,-0.0139,0.1106,-0.077,Down-stairs,incorrect
5886,Up-stairs,-2.5067,10.5872,0.565,-0.125,0.1053,-0.0666,Down-stairs,incorrect
5939,Up-stairs,-2.3415,11.0588,-0.3926,-0.0959,0.3504,0.0376,Down-stairs,incorrect
5992,Up-stairs,-2.9951,12.8281,-1.0415,-0.2968,0.1484,-0.0032,Down-stairs,incorrect
6045,Up-stairs,-0.6943,11.1594,-0.8021,0.3547,0.0088,-0.1583,Down-stairs,incorrect
6098,Up-stairs,0.4621,8.272,-1.0654,0.0125,0.3914,-0.0557,Down-stairs,incorrect
6151,Up-stairs,-0.7638,8.849,-0.8954,-0.1386,0.4093,0.1791,Down-stairs,incorrect
6204,Up-stairs,-1.1372,9.6031,-0.2155,-0.0546,0.2766,0.016,Down-stairs,incorrect
6257,Up-stairs,-0.7063,8.7436,0.3136,0.1023,0.0674,-0.0152,Down-stairs,incorrect
6310,Up-stairs,-0.6153,8.4443,0.4238,-0.0637,0.1823,0.1196,Down-stairs,incorrect
6363,Up-stairs,-0.4812,8.3366,-0.0096,0.0474,0.2563,0.1348,Down-stairs,incorrect
6416,Up-stairs,-0.4836,8.6143,0.3089,0.0384,0.3477,0.0554,Down-stairs,incorrect
6469,Up-stairs,-0.3567,9.3374,0.3926,-0.0978,0.4189,0.0229,Down-stairs,incorrect
6522,Up-stairs,-0.4956,9.8019,0.4645,-0.0919,0.3832,-0.0424,Down-stairs,incorrect
6575,Up-stairs,-0.6105,10.3477,0.5602,-0.2918,0.1037,-0.0757,Down-stairs,incorrect
6628,Up-stairs,-0.668,11.4754,-0.079,-0.2238,-0.1021,-0.0717,Down-stairs,incorrect
6681,Up-stairs,-1.5586,13.4841,-0.4501,-0.3192,-0.2036,-0.1855,Down-stairs,incorrect
6734,Up-stairs,-2.5067,11.7292,-0.7853,0.1218,-0.3533,-0.1506,Down-stairs,incorrect
6787,Up-stairs,-2.0016,8.4013,-1.2019,0.3304,-0.2958,-0.0869,Down-stairs,incorrect
6840,Up-stairs,-1.8483,7.8434,-0.929,-0.118,-0.2598,0.0693,Down-stairs,incorrect
6893,Up-stairs,-2.0662,9.924,-0.5387,-0.0458,-0.214,-0.113,Down-stairs,incorrect
6946,Up-stairs,-1.7909,8.8753,0.5267,-0.048,-0.2406,-0.2505,Down-stairs,incorrect
6999,Up-stairs,-2.3487,7.7572,0.4669,-0.1092,-0.0328,-0.0813,Down-stairs,incorrect
7052,Up-stairs,-2.0303,7.7285,0.2083,0.0354,-0.1932,0.0301,Down-stairs,incorrect
7105,Up-stairs,-1.7813,8.2337,0.407,0.0421,-0.3789,-0.093,Down-stairs,incorrect
7158,Up-stairs,-1.9752,9.2488,0.3065,-0.028,-0.2169,-0.081,Down-stairs,incorrect
7211,Up-stairs,-2.8036,9.9575,0.5291,-0.044,0.0043,-0.0951,Down-stairs,incorrect
7264,Up-stairs,-2.7533,11.0038,0.5746,-0.2377,0.1655,0.0285,Down-stairs,incorrect
7317,Up-stairs,-2.4229,10.9942,0.7566,-0.2603,0.3429,0.0727,Down-stairs,incorrect
7370,Up-stairs,-3.1388,11.8393,-0.4549,-0.5225,0.4474,0.101,Down-stairs,incorrect
7423,Up-stairs,-0.9697,10.4435,0.407,0.1689,0.1937,0.069,Down-stairs,incorrect
7476,Up-stairs,1.3647,8.2169,-0.6967,-0.0791,0.3019,0.0469,Down-stairs,incorrect
7529,Up-stairs,-0.9697,8.1954,-0.7039,-0.2252,0.6105,0.1724,Down-stairs,incorrect
7582,Up-stairs,-1.0056,9.4068,0.2251,0.0131,0.2614,0.1442,Down-stairs,incorrect
7635,Up-stairs,-0.067,8.3438,0.5938,0.0618,0.064,-0.0634,Down-stairs,incorrect
7688,Up-stairs,-0.3639,8.2384,0.905,0.0059,0.2539,0.0698,Down-stairs,incorrect
7741,Up-stairs,-0.5315,8.8562,0.3903,-0.0421,0.198,0.1268,Down-stairs,incorrect
7794,Up-stairs,-0.5219,8.6886,0.6009,0.0474,0.4828,0.0344,Down-stairs,incorrect
7847,Up-stairs,-0.5722,9.4188,0.9744,0.0184,0.2832,-0.0051,Down-stairs,incorrect
7900,Up-stairs,-0.6105,9.7396,0.8643,-0.0517,0.3477,0.025,Down-stairs,incorrect
7953,Up-stairs,-0.7063,10.2089,0.7638,-0.1178,0.089,0.0,Down-stairs,incorrect
8006,Up-stairs,-0.7063,11.5927,0.6393,-0.1263,-0.0549,-0.0354,Down-stairs,incorrect
8059,Up-stairs,-0.6153,13.3213,-0.34,-0.2521,-0.2747,-0.0309,Down-stairs,incorrect
8112,Up-stairs,-2.1524,12.1338,-0.7542,0.2062,-0.5319,-0.1276,Down-stairs,incorrect
8165,Up-stairs,-1.6233,9.019,-1.1133,0.4562,-0.2638,-0.1434,Down-stairs,incorrect
8218,Up-stairs,-1.2091,8.0206,-0.7446,0.1311,-0.1724,0.0338,Down-stairs,incorrect
8271,Up-stairs,-1.6951,10.1347,-0.6536,-0.0586,-0.064,-0.0602,Down-stairs,incorrect
8324,Up-stairs,-1.3455,9.0812,0.3352,0.0109,0.0695,-0.2321,Down-stairs,incorrect
8377,Up-stairs,-2.1763,8.3941,0.4884,0.0522,0.0781,-0.1391,Down-stairs,incorrect
8430,Up-stairs,-1.5419,7.7189,0.1197,0.0328,-0.0218,-0.0312,Down-stairs,incorrect
8483,Up-stairs,-1.3767,7.8937,0.2538,0.121,-0.1476,-0.1079,Down-stairs,incorrect
8536,Up-stairs,-1.7909,8.9759,0.3759,0.0069,-0.0634,-0.0962,Down-stairs,incorrect
8589,Up-stairs,-2.3152,9.8641,0.2993,-0.0512,0.0424,-0.0874,Down-stairs,incorrect
8642,Up-stairs,-2.3391,10.3094,0.4381,-0.178,0.1037,-0.0485,Down-stairs,incorrect
8695,Up-stairs,-2.4157,10.5105,-0.0215,-0.3134,0.2454,-0.0147,Down-stairs,incorrect
8748,Up-stairs,-2.7629,12.323,-0.8739,-0.2992,0.4586,0.1551,Down-stairs,incorrect
8801,Up-stairs,-1.9154,12.7635,-0.7877,-0.0853,0.2324,-0.0605,Down-stairs,incorrect
8854,Up-stairs,0.0311,8.8083,-0.4788,0.2475,0.6312,-0.0701,Down-stairs,incorrect
8907,Up-stairs,0.0694,7.7812,-0.6416,-0.4594,0.4684,0.1415,Down-stairs,incorrect
8960,Up-stairs,-1.5419,8.9112,-0.1197,-0.3485,0.6523,0.138,Down-stairs,incorrect
9013,Up-stairs,-0.7111,9.3446,0.1724,-0.1937,0.0648,-0.0147,Down-stairs,incorrect
9066,Up-stairs,-0.7087,7.8458,0.7661,-0.0935,0.2281,0.0474,Down-stairs,incorrect
9119,Up-stairs,-0.656,8.0302,0.8356,-0.2478,0.1263,0.2249,Down-stairs,incorrect
9172,Up-stairs,-0.3424,8.3725,0.6393,-0.1151,0.1498,0.1961,Down-stairs,incorrect
9225,Up-stairs,-0.5124,9.0166,1.1133,-0.0059,0.292,0.0618,Down-stairs,incorrect
9278,Up-stairs,-0.5387,9.7157,1.3384,-0.0943,0.2633,0.04,Down-stairs,incorrect
9331,Up-stairs,-0.431,10.4148,0.9888,-0.0426,0.3392,-0.0061,Down-stairs,incorrect
9384,Up-stairs,-0.7661,11.7483,1.2234,-0.2238,0.0069,-0.1396,Down-stairs,incorrect
9437,Up-stairs,-0.4429,12.4307,0.1053,-0.0213,-0.2356,-0.2121,Down-stairs,incorrect
9490,Up-stairs,-1.652,12.6438,0.103,-0.1655,-0.3299,-0.2785,Down-stairs,incorrect
9543,Up-stairs,-2.2266,9.3877,-0.7207,0.2944,-0.4551,-0.239,Down-stairs,incorrect
9596,Up-stairs,-1.4844,7.7979,-1.1013,0.0208,-0.1092,-0.2153,Down-stairs,incorrect
9649,Up-stairs,-0.8595,9.5505,-0.6416,-0.0213,-0.4159,-0.0642,Down-stairs,incorrect
9702,Up-stairs,-1.3982,9.56,0.1389,-0.1903,0.0997,-0.2233,Down-stairs,incorrect
9755,Up-stairs,-2.15,8.5162,0.905,-0.113,0.2089,-0.2022,Down-stairs,incorrect
9808,Up-stairs,-2.2314,8.7149,0.3879,-0.2046,0.113,-0.0885,Down-stairs,incorrect
9861,Up-stairs,-2.1284,8.3294,0.4597,-0.1506,-0.1191,-0.1239,Down-stairs,incorrect
9914,Up-stairs,-1.9728,8.7173,0.6728,-0.1354,-0.0957,-0.0474,Down-stairs,incorrect
9967,Up-stairs,-1.7885,9.2967,0.8021,-0.0538,0.0477,-0.0091,Down-stairs,incorrect
10020,Up-stairs,-2.2793,9.1219,0.9744,-0.0453,0.1804,-0.0197,Down-stairs,incorrect
10073,Up-stairs,-2.5067,9.6391,1.0726,-0.0589,0.4072,0.0011,Down-stairs,incorrect
10126,Up-stairs,-2.0973,10.0197,1.3192,-0.0679,0.4167,0.0069,Up-stairs,correct
10179,Up-stairs,-2.4277,10.0509,1.4341,-0.377,0.5593,-0.0429,Up-stairs,correct
10232,Up-stairs,-2.7725,11.0445,0.5124,-0.336,0.5116,0.0989,Up-stairs,correct
10285,Up-stairs,-2.5618,12.5935,0.3855,-0.2403,0.2033,0.0266,Down-stairs,incorrect
10338,Up-stairs,-0.2753,9.3948,0.0599,0.4775,0.5071,0.0077,Down-stairs,incorrect
10391,Up-stairs,0.3615,7.343,-0.8045,-0.1282,0.5678,0.1732,Down-stairs,incorrect
10444,Up-stairs,-1.324,8.8466,-0.5555,-0.0693,0.4037,0.2934,Down-stairs,incorrect
10497,Up-stairs,-0.814,9.6845,0.249,-0.0061,0.1082,-0.037,Down-stairs,incorrect
2,Down-stairs,-1.1779,9.7396,1.9848,-0.025,-0.0512,-0.0458,...,warmup
56,Down-stairs,-0.8667,9.3398,1.8076,0.0589,-0.0509,-0.016,...,warmup
109,Down-stairs,-1.2785,9.3254,1.5227,0.0349,-0.1439,-0.0648,...,warmup
162,Down-stairs,-1.2234,9.9766,1.6472,0.2145,-0.1865,-0.1029,...,warmup
215,Down-stairs,-1.4054,9.0166,1.7071,0.3424,-0.2785,-0.1561,...,warmup
268,Down-stairs,-1.7071,9.4571,2.4828,0.0722,0.004,-0.1545,...,warmup
321,Down-stairs,-1.4006,10.1778,2.3224,-0.1471,0.1708,-0.0903,...,warmup
374,Down-stairs,-2.0925,8.8825,2.1835,-0.0512,-0.0197,-0.1623,...,warmup
427,Down-stairs,-2.1284,8.1499,2.2218,-0.0245,-0.0506,-0.1436,...,warmup
480,Down-stairs,-1.6089,8.4491,2.0063,-0.0203,-0.0794,-0.0685,...,warmup
533,Down-stairs,-1.4461,8.2193,2.2434,-0.0773,0.1212,-0.0248,...,warmup
586,Down-stairs,-1.3168,7.0629,2.0925,-0.0274,0.2785,0.0863,...,warmup
639,Down-stairs,-0.9625,6.7229,1.743,-0.1508,0.2017,0.17,...,warmup
692,Down-stairs,-1.8076,7.2329,1.7789,-0.2507,0.1708,0.0917,...,warmup
745,Down-stairs,-2.0327,8.1714,2.0399,-0.0781,0.1732,0.0666,...,warmup
798,Down-stairs,-1.7933,8.8107,2.4876,-0.3832,0.1452,-0.0056,...,warmup
851,Down-stairs,-1.9848,10.8266,2.4181,-0.4724,0.3635,-0.1148,...,warmup
904,Down-stairs,-1.4892,12.0596,2.2218,-0.0981,0.3288,-0.1708,...,warmup
957,Down-stairs,-0.486,13.6039,1.5131,-0.2651,0.0008,-0.1378,...,warmup
1010,Down-stairs,-0.5986,12.6462,2.1404,0.3818,0.1228,-0.2132,...,warmup
1063,Down-stairs,-2.7174,10.1969,2.5522,0.3357,0.1362,-0.2081,...,warmup
1116,Down-stairs,-0.8164,6.3279,2.6073,0.433,0.793,0.3901,...,warmup
1169,Down-stairs,-0.2586,8.4276,1.063,0.0322,-0.0027,0.0282,...,warmup
1222,Down-stairs,-0.9936,7.7812,1.6041,-0.0994,-0.502,-0.3083,...,warmup
1275,Down-stairs,-0.5698,8.8346,2.2817,0.0703,-0.4735,-0.2246,...,warmup
1328,Down-stairs,-0.2466,7.5441,2.6336,0.0765,0.0669,-0.0871,...,warmup
1381,Down-stairs,-0.4286,5.3151,1.6328,-0.0216,-0.3773,0.0951,...,warmup
1434,Down-stairs,-0.2155,5.8466,0.9481,0.1695,-0.308,0.1514,...,warmup
1487,Down-stairs,-0.5195,9.2225,0.7518,-0.6328,-0.7083,-0.0663,...,warmup
1540,Down-stairs,-2.7366,14.8848,0.8859,0.0466,-0.0048,0.1799,...,warmup
1593,Down-stairs,-5.2505,16.745,2.15,-0.7613,-0.3856,-0.0386,...,warmup
1646,Down-stairs,-2.6097,10.9295,2.9353,0.8785,0.4588,-0.2012,...,warmup
1699,Down-stairs,-0.067,12.3086,2.9784,0.2646,-0.3269,0.0216,...,warmup
1752,Down-stairs,-1.8244,7.5753,1.798,0.1593,-0.1045,-0.0003,...,warmup
1805,Down-stairs,-1.3264,7.5824,1.3408,0.2185,-0.0602,0.1258,...,warmup
1858,Down-stairs,-0.1915,6.5003,1.1085,0.1998,0.4525,0.1335,...,warmup
1911,Down-stairs,-1.324,5.8466,1.1372,-0.037,0.2364,0.1412,...,warmup
1964,Down-stairs,-0.7614,6.2153,1.4102,0.0125,0.5191,0.1679,...,warmup
2017,Down-stairs,-1.0391,6.4284,1.2881,-0.3275,0.5249,0.0576,...,warmup
2070,Down-stairs,-2.138,8.3007,1.6975,-0.5065,0.4615,-0.0469,Down-stairs,correct
2123,Down-stairs,-2.8802,11.9375,1.3671,-0.8231,0.5993,-0.1657,Down-stairs,correct
2176,Down-stairs,-0.7781,14.2479,0.8164,0.1572,0.3365,0.203,Down-stairs,correct
2229,Down-stairs,0.656,15.1744,2.4373,-0.1295,-0.3549,-0.1034,Down-stairs,correct
2282,Down-stairs,-0.589,12.0069,2.138,0.3762,0.0408,-0.0775,Down-stairs,correct
2335,Down-stairs,-1.4964,10.4028,2.2865,0.1727,0.2228,-0.0123,Down-stairs,correct
2388,Down-stairs,0.4621,7.173,2.3152,0.1807,0.4716,0.4676,Down-stairs,correct
2441,Down-stairs,0.0311,8.2169,1.1109,-0.0727,-0.028,0.0951,Down-stairs,correct
2494,Down-stairs,-0.0024,7.7381,1.3575,0.0658,-0.0834,-0.122,Down-stairs,correct
2547,Down-stairs,0.0192,7.6614,1.494,0.1069,-0.5247,-0.1735,Down-stairs,correct
2600,Down-stairs,-0.0215,6.1986,1.9393,0.267,-0.1396,-0.2332,Down-stairs,correct
2653,Down-stairs,0.1341,5.4708,1.2378,0.0099,-0.3421,-0.1474,Down-stairs,correct
2706,Down-stairs,0.2682,7.6064,1.8004,-0.3432,-0.2739,-0.1804,Down-stairs,correct
2759,Down-stairs,-1.3599,11.5712,0.6153,-0.7863,-0.6331,-0.3645,Down-stairs,correct
2812,Down-stairs,-5.1308,14.5496,1.5107,-0.0051,0.1447,-0.1471,Down-stairs,correct
2865,Down-stairs,-2.9018,16.6205,3.8475,-0.1625,-0.5982,-0.1295,Up-stairs,incorrect
2918,Down-stairs,-1.7095,13.5512,3.8834,-0.0789,0.5745,-0.2686,Up-stairs,incorrect
2971,Down-stairs,-2.3942,8.3007,1.8364,0.1895,-0.4466,-0.0661,Up-stairs,incorrect
3024,Down-stairs,-2.3631,7.4651,1.1971,0.2062,-0.1335,-0.0253,Up-stairs,incorrect
3077,Down-stairs,-0.6871,6.8474,1.2186,0.3685,0.122,0.133,Up-stairs,incorrect
3130,Down-stairs,-0.7901,6.3805,1.0606,0.0842,0.3365,0.1284,Up-stairs,incorrect
3183,Down-stairs,-1.7861,6.4212,1.075,-0.0274,0.3064,0.1919,Up-stairs,incorrect
3236,Down-stairs,-1.4988,6.505,1.2833,-0.0056,0.3728,0.101,Up-stairs,incorrect
3289,Down-stairs,-1.2139,7.2449,1.1564,-0.3019,0.3685,-0.0552,Up-stairs,incorrect
3342,Down-stairs,-1.8028,11.3126,1.9154,-0.8553,0.389,-0.0083,Up-stairs,incorrect
3395,Down-stairs,-1.4317,15.3636,0.51,0.2164,-0.1767,0.1202,Up-stairs,incorrect
3448,Down-stairs,-0.249,12.6318,1.8723,-0.029,-0.1474,-0.2689,Up-stairs,incorrect
3501,Down-stairs,-0.7709,14.3724,1.403,0.3115,0.2374,0.0893,Up-stairs,incorrect
3554,Down-stairs,-1.1588,10.5034,2.3439,0.3925,-0.0234,-0.2257,Up-stairs,incorrect
3607,Down-stairs,-0.8188,6.2896,1.5802,0.0533,0.2443,0.377,Up-stairs,incorrect
3660,Down-stairs,-0.0335,9.2296,0.9266,0.1482,-0.1407,0.3211,Up-stairs,incorrect
3713,Down-stairs,0.0072,7.8913,0.4884,0.1591,-0.2691,-0.2771,Up-stairs,incorrect
3766,Down-stairs,-0.2203,6.7804,1.0606,0.2558,-0.559,-0.222,Up-stairs,incorrect
3819,Down-stairs,0.0479,9.0932,2.1668,-0.016,-0.2395,-0.1029,Up-stairs,incorrect
3872,Down-stairs,-0.1245,7.8123,1.3096,0.1863,-0.4255,-0.2425,Up-stairs,incorrect
3925,Down-stairs,-0.5243,6.0765,1.1396,0.1561,-0.3291,-0.1799,Up-stairs,incorrect
3978,Down-stairs,-0.3304,6.8259,1.312,-0.0309,-0.522,-0.1116,Up-stairs,incorrect
4031,Down-stairs,-1.7286,11.5831,0.5076,-0.7237,-0.6771,-0.324,Up-stairs,incorrect
4084,Down-stairs,-4.1731,14.4753,0.7901,-0.2673,0.3592,0.0232,Up-stairs,incorrect
4137,Down-stairs,-2.8946,15.773,2.0566,0.2971,-0.5065,-0.3088,Up-stairs,incorrect
4190,Down-stairs,-3.0646,12.287,3.462,-0.1577,0.1583,-0.381,Up-stairs,incorrect
4243,Down-stairs,-2.4157,10.5201,1.7909,0.065,-0.4101,0.1844,Up-stairs,incorrect
4296,Down-stairs,-1.8651,7.604,1.0056,0.275,0.0402,0.0432,Up-stairs,incorrect
4349,Down-stairs,-0.9529,6.371,0.9601,0.3043,0.1143,0.1292,Up-stairs,incorrect
4402,Down-stairs,-1.8866,6.9432,1.0175,-0.0989,0.2105,0.2113,Up-stairs,incorrect
4455,Down-stairs,-1.5897,7.4388,0.9242,-0.0653,0.1641,0.1519,Up-stairs,incorrect
4508,Down-stairs,-1.4964,6.5386,1.3216,0.0885,0.4847,0.0381,Up-stairs,incorrect
4561,Down-stairs,-1.1085,6.3782,1.0463,-0.1966,0.4708,0.1183,Up-stairs,incorrect
4614,Down-stairs,-1.3001,8.0206,1.6209,-0.5574,0.5761,0.1018,Up-stairs,incorrect
4667,Down-stairs,-2.3487,13.3237,1.9537,-1.1205,0.7349,0.0682,Up-stairs,incorrect
4720,Down-stairs,-1.5107,13.1298,0.6297,0.2419,0.1809,0.04,Up-stairs,incorrect
4773,Down-stairs,-1.1181,18.9956,5.0326,-0.7671,0.0981,0.1583,Up-stairs,incorrect
4826,Down-stairs,-0.4334,11.5448,2.332,0.5939,-0.3834,-0.1479,Up-stairs,incorrect
4879,Down-stairs,-1.8747,6.426,1.6424,0.3056,0.785,0.1402,Up-stairs,incorrect
4932,Down-stairs,-0.6345,6.0501,1.4724,0.0264,0.3576,0.5657,Up-stairs,incorrect
4985,Down-stairs,0.1413,10.5536,0.8475,0.0226,0.0117,0.0834,Up-stairs,incorrect
5038,Down-stairs,0.3759,9.0142,1.6448,-0.0421,-0.5175,-0.2955,Up-stairs,incorrect
5091,Down-stairs,0.3136,8.1738,1.7741,0.0778,-0.1242,-0.1585,Up-stairs,incorrect
5144,Down-stairs,-0.0982,6.4428,1.9656,-0.0003,0.1641,-0.0997,Up-stairs,incorrect
5197,Down-stairs,-0.6608,5.9161,0.9026,-0.085,-0.2348,-0.0858,Up-stairs,incorrect
5250,Down-stairs,0.2394,6.6104,1.3623,0.0099,-0.3733,-0.0786,Up-stairs,incorrect
5303,Down-stairs,-1.1349,8.9711,0.3639,-0.6997,-0.8159,-0.3728,Up-stairs,incorrect
5356,Down-stairs,-4.039,14.6669,-0.5028,-0.4149,0.0706,-0.0384,Up-stairs,incorrect
5409,Down-stairs,-3.213,20.1065,1.5586,0.1633,-0.1077,-0.1508,Up-stairs,incorrect
5462,Down-stairs,-2.0351,11.8082,4.1132,0.4178,0.7703,-0.5073,Up-stairs,incorrect
5515,Down-stairs,-1.2594,7.4747,1.7238,-0.0709,-0.8521,0.0834,Up-stairs,incorrect
5568,Down-stairs,-2.8802,8.7508,0.5578,0.0402,-0.0791,-0.0719,Up-stairs,incorrect
5621,Down-stairs,-0.1077,8.327,1.3838,0.1583,0.1092,0.1362,Up-stairs,incorrect
5674,Down-stairs,-1.2737,6.2393,1.1756,0.0253,0.5279,0.1284,Up-stairs,incorrect
5727,Down-stairs,-2.3104,5.6623,1.1205,-0.0226,0.3459,0.215,Up-stairs,incorrect
5780,Down-stairs,-0.9649,6.7588,1.0918,-0.0522,0.3387,0.2729,Up-stairs,incorrect
5833,Down-stairs,-0.5171,7.6231,0.5674,-0.1066,0.6883,0.0906,Up-stairs,incorrect
5886,Down-stairs,-1.4581,7.7907,0.6488,-0.4764,0.7831,-0.0823,Up-stairs,incorrect
5939,Down-stairs,-1.6688,14.7004,1.0822,-0.3893,0.987,0.2699,Up-stairs,incorrect
5992,Down-stairs,0.6871,15.0667,1.0391,0.2388,-0.5598,0.0155,Up-stairs,incorrect
6045,Down-stairs,-1.6712,15.9957,2.5091,-0.0136,0.1935,-0.2499,Up-stairs,incorrect
6098,Down-stairs,-0.4788,10.6279,2.8683,0.3563,-0.0743,0.2918,Up-stairs,incorrect
6151,Down-stairs,-0.5052,7.0725,1.7478,0.1772,0.5065,0.283,Up-stairs,incorrect
6204,Down-stairs,-0.0096,7.1419,1.0918,-0.19,0.0365,0.2443,Up-stairs,incorrect
6257,Down-stairs,0.2921,9.5193,1.0822,-0.0504,0.016,-0.0418,Up-stairs,incorrect
6310,Down-stairs,0.3663,8.7269,1.2067,-0.004,-0.3549,-0.3078,Up-stairs,incorrect
6363,Down-stairs,-0.0958,7.0797,2.4373,0.0301,-0.1924,-0.2273,Up-stairs,incorrect
6416,Down-stairs,0.0335,6.3662,1.7549,-0.0608,-0.0205,-0.0914,Up-stairs,incorrect
6469,Down-stairs,-0.1652,7.1443,1.0104,0.0533,-0.2689,-0.1055,Up-stairs,incorrect
6522,Down-stairs,0.0215,7.4316,0.6033,-0.2241,-0.3733,-0.1876,Up-stairs,incorrect
6575,Down-stairs,-1.834,10.9008,-0.0335,-0.2281,-0.4823,-0.1998,Up-stairs,incorrect
6628,Down-stairs,-4.6519,17.8536,-0.1556,-0.6099,0.6584,0.033,Up-stairs,incorrect
6681,Down-stairs,-3.0694,13.2902,2.4948,0.5167,0.1892,-0.4898,Up-stairs,incorrect
6734,Down-stairs,-1.7406,10.6829,2.3248,0.2963,0.0067,-0.2667,Up-stairs,incorrect
6787,Down-stairs,-2.9113,8.5665,1.2785,0.13,-0.587,-0.0466,Up-stairs,incorrect
6840,Down-stairs,-1.1229,9.1363,0.8332,0.0853,0.0187,0.0173,Up-stairs,incorrect
6893,Down-stairs,-0.7781,6.9743,0.929,0.1247,0.4994,0.1585,Up-stairs,incorrect
6946,Down-stairs,-2.5905,6.6966,0.759,-0.1511,-0.0925,0.1663,Up-stairs,incorrect
6999,Down-stairs,-1.4437,7.1611,1.5658,-0.1053,0.0847,0.1095,Up-stairs,incorrect
7052,Down-stairs,-1.0415,7.6399,1.482,-0.089,0.2529,0.1021,Up-stairs,incorrect
7105,Down-stairs,-1.2115,6.45,0.9313,-0.2318,0.3968,0.1649,Up-stairs,incorrect
7158,Down-stairs,-1.5371,7.1012,0.8691,-0.3443,0.4183,0.174,Up-stairs,incorrect
7211,Down-stairs,-1.9178,11.6334,1.2761,-0.8383,0.481,0.1873,Up-stairs,incorrect
7264,Down-stairs,-0.5698,15.0404,0.0407,0.1186,-0.0863,0.008,Up-stairs,incorrect
7317,Down-stairs,-0.0192,12.7252,1.4724,-0.0442,-0.5137,-0.3994,Up-stairs,incorrect
7370,Down-stairs,-0.7733,13.2064,1.8794,0.1932,0.0352,0.1172,Up-stairs,incorrect
7423,Down-stairs,-0.4357,12.2775,2.3966,0.0147,0.2878,-0.06,Up-stairs,incorrect
7476,Down-stairs,-1.0726,7.4819,2.162,0.1868,0.1958,0.1628,Up-stairs,incorrect
7529,Down-stairs,-0.9457,7.6902,1.1492,0.2086,-0.134,0.0488,Up-stairs,incorrect
7582,Down-stairs,-0.0814,7.7524,1.0606,0.2297,-0.1295,-0.101,Up-stairs,incorrect
7635,Down-stairs,0.1915,8.497,1.4916,0.1146,-0.5279,-0.1857,Down-stairs,correct
7688,Down-stairs,0.2131,8.0086,1.9417,0.0831,-0.0994,-0.2201,Down-stairs,correct
7741,Down-stairs,-0.2011,6.3638,1.5395,-0.0205,-0.1553,-0.1529,Down-stairs,correct
7794,Down-stairs,-0.0215,6.8546,1.3168,-0.1359,-0.1735,0.0072,Down-stairs,correct
7847,Down-stairs,-0.0263,7.944,1.1061,-0.3651,-0.2843,-0.1966,Down-stairs,correct
7900,Down-stairs,-3.1723,11.0947,-1.0223,-0.1892,-0.3357,-0.3288,Up-stairs,incorrect
7953,Down-stairs,-3.5314,16.5128,1.0558,-0.1748,0.1804,0.113,Up-stairs,incorrect
8006,Down-stairs,-1.6017,14.0659,1.4006,0.4671,-0.0421,-0.283,Up-stairs,incorrect
8059,Down-stairs,-2.0303,10.4914,2.4732,0.1061,0.0648,-0.2081,Up-stairs,incorrect
8112,Down-stairs,-2.8611,8.5521,1.6328,0.1463,-0.2926,0.1178,Up-stairs,incorrect
8165,Down-stairs,-0.8739,9.1794,0.4645,0.0211,0.1191,0.1705,Up-stairs,incorrect
8218,Down-stairs,-0.8212,7.6734,0.6704,0.0128,0.2864,0.1929,Up-stairs,incorrect
8271,Down-stairs,-1.9154,7.0868,0.8691,-0.158,0.2257,0.1095,Up-stairs,incorrect
8324,Down-stairs,-1.5083,6.7636,1.1684,-0.1998,0.2633,0.142,Up-stairs,incorrect
8377,Down-stairs,-1.1205,7.75,1.3886,-0.2318,0.1492,0.138,Up-stairs,incorrect
8430,Down-stairs,-0.9002,7.5298,1.0175,-0.2582,0.5052,0.0109,Up-stairs,incorrect
8483,Down-stairs,-1.2402,7.5178,1.2665,-0.3256,0.4591,0.0863,Up-stairs,incorrect
8536,Down-stairs,-2.1907,14.03,2.162,-0.9233,0.6584,0.1423,Up-stairs,incorrect
8589,Down-stairs,-0.0479,13.3094,1.0199,0.4125,-0.6891,-0.2233,Up-stairs,incorrect
8642,Down-stairs,-0.3783,13.4961,2.6408,-0.6121,-0.0826,-0.3128,Up-stairs,incorrect
8695,Down-stairs,-0.3472,12.4211,2.1117,0.2888,0.4618,0.2118,Up-stairs,incorrect
8748,Down-stairs,-1.3336,9.6486,1.9896,0.0954,0.323,-0.1761,Up-stairs,incorrect
8801,Down-stairs,-0.5698,5.6958,1.5634,0.2702,0.0418,0.34,Down-stairs,correct
8854,Down-stairs,-0.4573,8.0828,0.7494,0.1356,-0.0437,0.1636,Down-stairs,correct
8907,Down-stairs,0.7901,8.6838,1.1995,-0.0365,-0.5425,-0.11,Down-stairs,correct
8960,Down-stairs,0.5267,8.3246,1.7813,0.1719,-0.5612,-0.3126,Down-stairs,correct
9013,Down-stairs,-0.5411,6.1292,1.8747,0.0298,-0.0717,-0.3112,Down-stairs,correct
9066,Down-stairs,-0.2298,6.0645,1.7478,-0.0216,0.0997,-0.056,Down-stairs,correct
9119,Down-stairs,0.1006,8.3677,1.2426,-0.1372,-0.2411,-0.0466,Down-stairs,correct
9172,Down-stairs,-0.7422,9.2656,0.9816,-0.1013,-0.3544,-0.4189,Down-stairs,correct
9225,Down-stairs,-2.5738,12.208,-0.565,-0.2297,-0.0064,-0.1977,Up-stairs,incorrect
9278,Down-stairs,-3.0454,17.1808,2.2577,-0.1761,0.0642,0.2678,Up-stairs,incorrect
9331,Down-stairs,-2.7174,12.9766,2.7198,0.3488,0.4978,-0.332,Up-stairs,incorrect
9384,Down-stairs,-2.3152,10.7715,2.2841,0.1247,-0.0357,0.1191,Up-stairs,incorrect
9437,Down-stairs,-2.2218,10.2113,1.8364,0.0578,-0.1034,0.3706,Up-stairs,incorrect
9490,Down-stairs,-1.0702,8.0086,0.9074,0.2654,-0.0624,0.3094,Up-stairs,incorrect
9543,Down-stairs,-1.3695,6.5457,0.9864,-0.0045,0.3456,0.2705,Up-stairs,incorrect
9596,Down-stairs,-1.5347,7.2544,0.7925,-0.1175,0.0613,0.2627,Up-stairs,incorrect
9649,Down-stairs,-0.6345,6.9935,1.0223,0.032,0.2609,0.1585,Up-stairs,incorrect
9702,Down-stairs,-1.0175,6.8091,0.9936,-0.2025,0.1015,0.0184,Up-stairs,incorrect
9755,Down-stairs,-0.9792,8.5353,0.8595,-0.3384,0.3896,0.0546,Up-stairs,incorrect
9808,Down-stairs,-1.0965,10.307,0.7518,-0.5987,0.4218,-0.1575,Up-stairs,incorrect
9861,Down-stairs,-1.3575,15.1457,0.7135,-0.3216,0.676,-0.1444,Up-stairs,incorrect
9914,Down-stairs,0.17,11.224,1.2234,0.2252,-1.0179,-0.3293,Up-stairs,incorrect
9967,Down-stairs,0.3567,16.1992,2.6815,-0.4836,0.6456,-0.1271,Up-stairs,incorrect
10020,Down-stairs,-0.9337,11.8872,1.087,0.3978,0.0107,-0.0743,Down-stairs,correct
10073,Down-stairs,-1.6424,7.252,1.8124,0.4746,0.2758,-0.0045,Down-stairs,correct
10126,Down-stairs,0.0431,5.861,0.5866,0.0725,0.3139,0.6289,Down-stairs,correct
10179,Down-stairs,0.4142,10.6997,-0.261,-0.2212,-0.0546,0.1868,Up-stairs,incorrect
10232,Down-stairs,0.6273,10.5105,0.103,-0.4197,-0.6323,-0.1772,Up-stairs,incorrect
10285,Down-stairs,-0.2969,10.7811,2.0279,-0.2025,-0.1026,-0.1775,Up-stairs,incorrect
10338,Down-stairs,-0.565,9.7947,1.5945,-0.3408,0.32,0.0634,Up-stairs,incorrect
10391,Down-stairs,-0.7374,9.675,0.8643,-0.0938,0.0997,0.0053,Up-stairs,incorrect
10444,Down-stairs,-0.589,9.335,1.1612,-0.2502,-0.2382,-0.1447,Up-stairs,incorrect
10497,Down-stairs,-0.5195,9.6822,1.0822,-0.1503,-0.145,-0.0434,Up-stairs,incorrect
10550,Down-stairs,-0.3591,9.5816,1.5945,-0.0258,0.1223,-0.0261,Up-stairs,incorrect
10603,Down-stairs,-0.3496,9.5505,1.7549,-0.0877,0.1252,-0.0679,Up-stairs,incorrect
10656,Down-stairs,-0.8092,9.7157,1.7334,-0.1604,-0.0288,-0.0965,Up-stairs,incorrect
10709,Down-stairs,-0.6321,9.6917,1.8818,-0.1977,0.037,-0.0762,Up-stairs,incorrect
10762,Down-stairs,-0.7159,9.5553,1.9273,-0.149,-0.0136,-0.057,Up-stairs,incorrect
10815,Down-stairs,-0.589,9.3565,2.0662,-0.1423,-0.0035,-0.0187,Up-stairs,incorrect
10868,Down-stairs,-0.5483,9.5481,1.9728,-0.1127,0.0045,-0.012,Up-stairs,incorrect
10921,Down-stairs,-0.5435,9.3781,2.0303,-0.0823,-0.0043,-0.033,Up-stairs,incorrect
10974,Down-stairs,-0.6416,9.5217,2.0806,-0.045,-0.0085,-0.0128,Up-stairs,incorrect
11027,Down-stairs,-0.6009,9.5888,2.0686,-0.0032,0.0773,0.0077,Up-stairs,incorrect
11080,Down-stairs,-0.6345,9.4763,2.0638,-0.0091,0.0743,-0.02,Up-stairs,incorrect
11133,Down-stairs,-0.7709,9.6247,1.9561,0.0085,0.0402,-0.0056,Up-stairs,incorrect
11186,Down-stairs,-0.6129,9.5313,1.9704,-0.0317,0.0402,-0.0333,Up-stairs,incorrect
11239,Down-stairs,-0.6273,9.4906,2.0063,0.0365,0.0783,-0.0064,Up-stairs,incorrect
11292,Down-stairs,-0.6895,9.5409,2.1141,-0.0248,0.0799,-0.0075,Up-stairs,incorrect
11345,Down-stairs,-0.747,9.6774,2.0183,-0.0477,0.0594,-0.0354,Down-stairs,correct
11398,Down-stairs,-0.7518,9.5433,2.0925,-0.0629,0.081,-0.0514,Down-stairs,correct
11451,Down-stairs,-0.6943,9.3877,1.9776,-0.0517,0.0005,-0.0528,Down-stairs,correct
11504,Down-stairs,-0.6393,9.5002,2.0901,-0.0448,0.0197,-0.0581,Down-stairs,correct
11557,Down-stairs,-0.8236,9.517,2.1907,-0.0767,0.0242,-0.0818,Down-stairs,correct
11610,Down-stairs,-0.8835,9.596,2.0686,-0.0757,0.0703,-0.0554,Down-stairs,correct
11663,Down-stairs,-0.735,9.4188,2.059,-0.0389,0.0432,-0.0746,Down-stairs,correct
11716,Down-stairs,-0.9002,9.4355,2.1955,-0.0349,0.0621,-0.0501,Down-stairs,correct
11769,Down-stairs,-0.7398,9.4786,2.229,-0.0461,0.061,-0.0189,Down-stairs,correct
11822,Down-stairs,-0.8116,9.5289,2.2386,-0.089,0.044,-0.0392,Down-stairs,correct
11875,Down-stairs,-0.8859,9.5624,2.3056,-0.0991,0.0432,-0.0448,Down-stairs,correct
11928,Down-stairs,-0.7925,9.4427,2.2601,-0.0903,0.0328,-0.0325,Down-stairs,correct
11981,Down-stairs,-0.826,9.5553,2.3104,-0.0943,0.0807,-0.0344,Down-stairs,correct
12034,Down-stairs,-0.8859,9.4308,2.3008,-0.1092,0.0719,-0.0258,Down-stairs,correct
12087,Down-stairs,-0.8978,9.4379,2.241,-0.0714,0.0661,-0.0181,Down-stairs,correct
12140,Down-stairs,-0.735,9.4547,2.3272,-0.077,0.0655,-0.0027,Down-stairs,correct
12193,Down-stairs,-0.9218,9.4547,2.399,-0.0666,0.0208,-0.012,Down-stairs,correct
12246,Down-stairs,-0.7949,9.5146,2.1931,-0.044,0.0493,-0.0101,Down-stairs,correct
12299,Down-stairs,-0.8882,9.4188,2.32,-0.0637,0.0759,-0.016,Down-stairs,correct
12352,Down-stairs,-0.8835,9.426,2.32,-0.0778,0.053,-0.0221,Down-stairs,correct
12405,Down-stairs,-0.929,9.4475,2.3056,-0.0402,0.0453,-0.0179,Down-stairs,correct
12458,Down-stairs,-0.7997,9.3518,2.2817,-0.0032,0.0797,-0.0064,Down-stairs,correct
12511,Down-stairs,-0.8835,9.5026,2.2458,-0.0197,0.0671,-0.0147,Down-stairs,correct
12564,Down-stairs,-0.8475,9.3853,2.3056,0.0338,0.1013,-0.0125,Down-stairs,correct
12617,Down-stairs,-0.9936,9.493,2.3128,-0.0176,0.052,-0.012,Down-stairs,correct
12670,Down-stairs,-0.8499,9.4068,2.2482,-0.0637,0.0581,-0.0325,Down-stairs,correct
