activity,trial,time_ms,accX,accY,accZ,gyroX,gyroY,gyroZ
walking,1,2,0.2945,9.3757,3.146,-0.0365,0.0432,-0.0165
walking,1,56,0.3089,9.3134,3.0909,-0.0304,0.0466,-0.0107
walking,1,109,0.3543,9.3158,3.0885,-0.041,0.0546,-0.0123
walking,1,162,0.3232,9.3589,3.1244,-0.0554,0.0482,-0.02
walking,1,215,0.3831,9.3494,3.0981,-0.0448,0.0608,-0.0152
walking,1,268,0.3376,9.3709,3.1316,-0.0634,0.0469,-0.02
walking,1,321,0.3519,9.3206,3.1029,-0.0402,0.0624,-0.0322
walking,1,374,0.4693,9.3015,3.201,-0.0594,0.0807,-0.0256
walking,1,427,0.3496,9.2703,3.1987,-0.056,0.0458,-0.041
walking,1,480,0.4501,9.2823,3.1603,0.0051,0.0757,-0.0085
walking,1,533,0.5746,9.2177,3.1508,0.004,0.0416,-0.0101
walking,1,586,0.6704,9.1123,3.1867,-0.0045,0.0533,0.0037
walking,1,639,0.8475,9.3589,3.225,-0.024,0.1071,0.0187
walking,1,692,0.7494,9.2943,3.2058,-0.0045,0.0389,0.0112
walking,1,745,0.565,9.3422,3.1364,-0.0322,0.0306,0.0048
walking,1,798,0.3232,9.3972,3.1867,0.0349,0.0701,-0.0024
walking,1,851,-0.1197,9.1937,3.2537,0.0911,-0.0586,-0.0237
walking,1,904,-0.5339,9.2464,3.5482,0.0112,0.033,-0.0887
walking,1,957,-0.1628,9.7372,3.8499,-0.0405,0.2606,-0.0845
walking,1,1010,-0.3041,8.9399,3.7326,0.0104,0.0786,-0.1444
walking,1,1063,-0.7039,8.5473,3.4979,0.0735,0.0549,-0.1231
walking,1,1116,-0.4836,8.9783,3.4668,0.1116,0.041,-0.1069
walking,1,1169,-0.2897,8.8921,3.6416,0.0973,0.0453,-0.0879
walking,1,1222,-0.5219,8.7747,3.6847,0.0685,0.0871,-0.0557
walking,1,1275,-0.6584,8.9136,3.8068,0.0733,0.0981,-0.0136
walking,1,1328,-0.5387,8.825,3.7876,0.0464,0.1212,0.0442
walking,1,1381,-0.6704,9.177,3.9792,0.0791,0.0818,0.1061
walking,1,1434,-0.6105,9.6319,3.9002,0.049,0.2281,0.1223
walking,1,1487,-0.6201,9.9527,3.9169,0.0946,0.1966,0.1143
walking,1,1540,-0.6393,10.1227,3.9097,-0.0234,0.3325,0.0232
walking,1,1593,0.182,10.8625,2.7102,-0.198,0.522,-0.0861
walking,1,1646,-0.407,11.3725,2.0231,-0.2292,0.3254,-0.2673
walking,1,1699,-0.3807,8.4874,1.2737,0.0237,0.3922,-0.2609
walking,1,1752,1.1516,7.3239,0.7254,-0.3219,0.7458,-0.1074
walking,1,1805,0.6919,9.8689,1.7549,-0.3243,0.4748,0.118
walking,1,1858,0.328,11.7316,2.6169,-0.2342,0.0432,0.1815
walking,1,1911,-0.6249,9.0812,2.9377,0.0783,-0.0301,0.0834
walking,1,1964,-0.316,8.4036,3.0406,-0.1135,0.048,-0.0168
walking,1,2017,0.3735,9.2368,2.7725,0.0195,-0.21,-0.0743
walking,1,2070,0.1963,8.5545,3.055,0.1823,-0.3331,-0.0616
walking,1,2123,0.6321,8.3246,2.897,0.2062,-0.3277,0.0245
walking,1,2176,0.3352,8.7293,3.0694,0.0797,-0.2915,-0.0136
walking,1,2229,-0.0934,8.7987,3.7709,0.0482,-0.202,-0.0834
walking,1,2282,0.3639,8.8897,3.6607,-0.194,-0.3904,-0.1639
walking,1,2335,0.2251,9.2081,4.5993,-0.2699,-0.3403,-0.1964
walking,1,2388,0.2729,11.892,3.8259,-0.4572,-0.2947,-0.304
walking,1,2441,-0.8547,12.5624,1.6616,-0.2675,-0.2947,-0.2822
walking,1,2494,0.1077,8.327,0.3974,0.3842,0.3504,0.1284
walking,1,2547,0.9337,7.1563,1.64,0.0013,-0.2433,0.0978
walking,1,2600,-0.2442,12.0237,2.5953,-0.3762,-0.0528,0.1484
walking,1,2653,-0.814,10.2903,2.5905,0.0522,0.7501,0.0101
walking,1,2706,0.2131,6.845,3.3471,0.0959,0.3944,0.1364
walking,1,2759,0.146,7.343,2.9425,-0.2566,-0.0807,0.3925
walking,1,2812,-0.8356,10.2304,2.8635,-0.0592,0.4128,0.2148
walking,1,2865,-0.2131,8.6311,3.7685,0.1047,0.4447,0.0125
walking,1,2918,-0.3328,8.7197,3.5793,-0.1871,0.1002,0.1929
walking,1,2971,-1.0822,9.9647,3.5003,-0.3062,0.1037,0.0637
walking,1,3024,-0.3783,10.0963,4.0606,-0.5009,0.2198,-0.1764
walking,1,3077,2.2745,11.0564,2.5307,-0.5604,0.3802,0.158
walking,1,3130,0.9768,9.4403,1.549,0.0613,0.5119,0.3112
walking,1,3183,1.0247,10.343,3.043,0.0901,0.688,0.1905
walking,1,3236,0.8643,10.7595,3.1316,0.016,0.1966,0.1668
walking,1,3289,0.091,8.327,3.304,0.1732,-0.0626,0.2201
walking,1,3342,0.5866,6.7947,2.8539,-0.045,0.0661,-0.1092
walking,1,3395,1.1492,8.7939,3.1077,0.0834,-0.3293,-0.0661
walking,1,3448,0.8691,8.8442,3.3974,0.029,-0.3123,-0.0053
walking,1,3501,1.1253,7.6471,4.1899,0.0703,-0.0512,-0.0304
walking,1,3554,0.8164,7.9727,4.8123,-0.0136,-0.263,0.0197
walking,1,3607,0.8308,9.0142,4.7262,0.073,-0.4024,-0.0099
walking,1,3660,0.8284,9.3996,4.8818,-0.0365,-0.3701,-0.1772
walking,1,3713,0.8978,10.8074,4.719,-0.2622,-0.3341,-0.2134
walking,1,3766,1.1756,13.8002,0.8116,0.1343,-0.2769,-0.1037
walking,1,3819,0.3615,9.1411,0.7326,0.0986,0.2817,0.1311
walking,1,3872,-0.0599,10.1466,0.7183,-0.122,-0.7999,-0.1423
walking,1,3925,1.3312,11.0014,1.652,0.0112,-0.3922,-0.048
walking,1,3978,1.3431,9.3063,2.5498,0.048,0.3235,-0.0269
walking,1,4031,0.2849,8.0469,2.4086,-0.1178,0.218,0.1676
walking,1,4084,-0.3065,8.4803,2.478,-0.2142,-0.1927,0.1343
walking,1,4137,0.3089,8.4898,2.727,-0.1258,0.1761,-0.207
walking,1,4190,0.5124,8.26,3.2417,0.0011,0.0432,-0.041
walking,1,4243,0.4788,7.8817,3.4836,-0.0181,0.2356,0.0823
walking,1,4296,-0.1101,7.9679,3.5291,0.0024,0.2862,0.1386
walking,1,4349,-0.3376,9.4834,3.5817,-0.0557,0.154,-0.0179
walking,1,4402,-0.1125,10.9056,4.1731,-0.1138,0.0666,-0.1178
walking,1,4455,0.8021,10.4938,5.454,-0.3381,0.429,-0.1402
walking,1,4508,1.7382,11.552,2.9568,-0.5913,0.5484,-0.0037
walking,1,4561,0.7997,10.0772,1.7406,0.0775,0.2899,-0.0629
walking,1,4614,1.8531,9.7372,2.6336,0.2966,0.6211,-0.0549
walking,1,4667,1.6305,10.2041,2.8611,-0.0091,0.4351,0.1114
walking,1,4720,0.1053,9.5624,2.8683,-0.1156,0.0714,0.1226
walking,1,4773,0.6512,7.2353,2.6001,-0.0117,-0.0552,-0.1306
walking,1,4826,1.3958,7.5202,2.6217,0.0765,-0.0962,-0.1047
walking,1,4879,1.549,8.1738,3.2992,-0.0538,-0.2385,-0.0352
walking,1,4932,1.4269,8.7197,4.1994,-0.0842,-0.0941,-0.033
walking,1,4985,0.6273,8.6766,4.3551,0.0005,-0.1857,-0.0927
walking,1,5038,0.6656,8.667,4.6448,0.0874,-0.1828,-0.2001
walking,1,5091,1.8531,9.4595,4.4604,0.1609,-0.0925,-0.0165
walking,1,5144,1.312,9.3757,5.3295,0.0035,-0.0706,0.1436
walking,1,5197,0.1389,11.8728,4.5586,-0.4666,-0.3568,-0.0432
walking,1,5250,1.7166,11.497,1.6783,-0.0232,-0.1636,0.0368
walking,1,5303,0.0479,9.5193,0.9409,0.0962,0.0877,0.1348
walking,1,5356,0.6345,9.9168,1.5754,0.0618,0.036,0.174
walking,1,5409,0.9313,10.5776,2.1356,-0.0285,-0.1244,0.0847
walking,1,5462,0.5124,8.5329,2.3391,-0.126,0.3147,-0.0397
walking,1,5515,-0.0646,7.0892,2.2027,-0.0139,0.4567,0.0682
walking,1,5568,0.3759,7.7381,2.976,-0.0954,0.0959,0.1625
walking,1,5621,0.1628,8.4611,3.3734,-0.1132,0.3717,0.1308
walking,1,5674,0.1532,8.5066,4.0917,-0.0717,0.4394,0.1996
walking,1,5727,0.0239,8.6383,4.0845,-0.0448,0.3381,0.1729
walking,1,5780,0.1604,9.6654,4.1156,-0.0024,0.2292,0.1247
walking,1,5833,0.4645,10.1251,5.1523,-0.025,0.348,0.0498
walking,1,5886,1.2498,10.8433,4.3072,-0.384,0.6166,0.0442
walking,1,5939,1.3815,10.7404,1.1875,-0.0059,0.4533,0.0661
walking,1,5992,2.4253,10.0437,1.9297,0.4365,0.1924,-0.0781
walking,1,6045,0.589,11.1067,2.6815,0.2435,0.0413,-0.0887
walking,1,6098,1.2546,10.2592,2.7821,0.1535,-0.0077,-0.0517
walking,1,6151,1.8723,7.6902,2.7821,0.069,-0.2678,-0.2324
walking,1,6204,1.6999,7.3382,2.0614,0.1279,-0.5073,-0.0157
walking,1,6257,0.8212,8.3701,2.6887,0.0975,-0.2904,-0.1047
walking,1,6310,1.2067,8.1044,3.2896,0.0064,-0.3477,-0.2435
walking,1,6363,0.984,7.9176,3.5027,0.0498,-0.5676,-0.223
walking,1,6416,1.1612,9.1985,4.0749,-0.0296,-0.4016,-0.2132
walking,1,6469,1.415,9.8976,4.4652,-0.1191,-0.2521,-0.1327
walking,1,6522,0.5339,9.6774,5.4181,-0.3307,-0.2372,-0.1825
walking,1,6575,0.0862,11.8968,3.0023,-0.7202,-0.9944,-0.372
walking,1,6628,1.4174,12.4618,-1.5155,-0.1852,-0.4378,-0.1471
walking,1,6681,0.7542,11.1043,1.2474,0.1625,0.0592,0.2001
walking,1,6734,1.5562,10.1323,2.4445,0.0871,-0.3523,0.2731
walking,1,6787,0.0215,8.8226,1.7933,0.2401,-0.3102,-0.0434
walking,1,6840,0.826,6.687,1.6831,-0.1745,0.1849,-0.259
walking,1,6893,0.8308,7.8314,1.8651,0.0029,0.2912,0.0629
walking,1,6946,0.5363,8.7939,2.7581,-0.0261,0.2438,0.1873
walking,1,6999,-0.0024,7.4939,3.4644,-0.1511,0.5817,-0.0189
walking,1,7052,0.1101,8.3127,3.8331,-0.1439,0.1732,0.0469
walking,1,7105,-0.1006,10.1969,4.1922,0.0885,0.2142,0.0975
walking,1,7158,0.0,10.5584,4.6759,-0.0426,0.2654,-0.0077
walking,1,7211,1.3671,9.0549,4.7094,-0.0901,0.4996,0.0954
walking,1,7264,2.4684,12.2583,1.6209,-0.6502,0.737,0.3493
walking,1,7317,2.2601,11.1211,-0.838,0.2886,0.4815,0.0906
walking,1,7370,0.6297,11.0157,2.2218,0.5462,-0.0522,-0.3309
walking,1,7423,0.5507,9.8665,2.6839,0.0935,0.319,-0.134
walking,1,7476,2.7797,8.825,2.8084,-0.211,0.3107,0.0637
walking,1,7529,1.6017,7.0677,1.98,-0.3936,-0.1127,0.0632
walking,1,7582,0.5435,7.9464,1.9896,0.1228,-0.0733,-0.0112
walking,1,7635,1.5227,8.0613,3.4189,0.0416,0.2297,-0.1684
walking,1,7688,1.4461,7.944,3.9792,-0.19,-0.1215,-0.056
walking,1,7741,0.5555,9.0381,4.1372,-0.1092,-0.1508,-0.073
walking,1,7794,0.9792,9.821,4.3072,0.0853,-0.2132,-0.1671
walking,1,7847,1.8004,9.3518,4.6424,0.0394,-0.0477,-0.0304
walking,1,7900,0.5674,9.2751,5.4803,-0.2401,-0.1545,-0.012
walking,1,7953,0.5171,14.1282,3.5003,-0.7056,-0.8599,-0.3411
walking,1,8006,1.4006,9.9048,-0.3112,0.0711,-0.0679,-0.0621
walking,1,8059,-0.1796,9.8162,1.4964,0.1633,-0.0147,-0.0115
walking,1,8112,1.8651,10.6566,2.3822,0.1156,-0.3933,0.1274
walking,1,8165,0.4621,8.9088,2.3894,0.1756,-0.2374,-0.0536
walking,1,8218,0.1484,6.3446,1.7813,-0.0741,0.4114,-0.1258
walking,1,8271,0.3687,7.0868,1.9872,-0.0901,0.0333,0.2009
walking,1,8324,0.6895,9.3206,2.9449,-0.2582,0.2902,0.1359
walking,1,8377,-0.5076,8.9471,3.9959,-0.2084,0.4914,-0.0322
walking,1,8430,0.2131,8.4467,4.0989,-0.0741,0.199,0.0658
walking,1,8483,0.395,9.4068,4.7836,-0.1468,0.1628,0.1956
walking,1,8536,-0.3065,10.4315,5.1308,-0.1354,0.2459,0.0322
walking,1,8589,0.7542,9.8545,4.628,-0.2481,0.4026,-0.0248
walking,1,8642,1.9992,12.0572,0.4118,-0.1015,0.2454,0.1119
walking,1,8695,2.7078,10.7691,1.5203,0.4423,0.3882,-0.0461
walking,1,8748,1.4964,11.2456,2.3703,0.1543,0.3669,-0.0594
walking,1,8801,0.6225,10.3142,2.3511,0.1801,0.3965,-0.0456
walking,1,8854,1.0774,7.513,2.3176,0.1492,0.0541,-0.2329
walking,1,8907,1.6041,6.2106,1.6592,0.041,-0.0839,-0.1164
walking,1,8960,1.7071,8.0876,2.083,0.0059,-0.0125,0.0885
walking,1,9013,1.0439,9.0237,3.1963,-0.06,0.0163,-0.0488
walking,1,9066,0.8499,9.1123,3.9145,-0.0682,-0.0179,-0.125
walking,1,9119,0.3448,9.0644,4.1611,0.0067,-0.1577,-0.1151
walking,1,9172,0.4812,9.5026,4.1635,0.0978,-0.2142,-0.1029
walking,1,9225,1.336,9.56,4.6519,0.0085,-0.0003,-0.0192
walking,1,9278,0.4621,10.0509,4.6543,-0.1812,-0.1226,0.0429
walking,1,9331,0.9673,13.6446,1.2929,-0.2041,-0.473,-0.122
walking,1,9384,0.9984,10.0892,0.0934,0.2097,0.0847,0.1164
walking,1,9437,0.0862,9.7324,1.2689,0.2326,-0.1839,0.1793
walking,1,9490,1.391,10.1682,1.5227,0.1426,-0.5998,0.1796
walking,1,9543,1.0846,9.2153,2.0231,-0.0831,-0.2334,-0.0456
walking,1,9596,0.498,7.4292,1.4964,-0.1756,0.1767,-0.0301
walking,1,9649,0.249,7.9799,1.8172,-0.0109,-0.296,0.1378
walking,1,9702,0.1125,8.9328,2.66,-0.235,0.0352,-0.1743
walking,1,9755,0.7254,9.0812,2.9736,-0.2148,0.1367,-0.1252
walking,1,9808,0.8045,9.0285,3.6464,-0.1231,0.1031,0.1037
walking,1,9861,0.1149,9.5577,4.0223,-0.2044,0.3416,0.11
walking,1,9914,-0.2179,9.572,3.7757,-0.1426,0.2297,-0.0381
walking,1,9967,0.1053,9.3589,4.4963,-0.2787,0.3709,-0.1476
walking,1,10020,1.9321,13.3022,2.3822,-0.57,0.4943,-0.0658
walking,1,10073,2.964,9.9431,0.9816,0.203,0.2566,-0.0637
walking,1,10126,1.3862,9.5744,2.138,0.1972,0.1596,-0.012
walking,1,10179,0.4812,10.2951,2.229,0.0037,0.2982,-0.0248
walking,1,10232,1.3455,9.1506,2.5426,0.0152,-0.0253,-0.134
walking,1,10285,1.8627,7.4412,2.3367,-0.0805,-0.336,-0.1335
walking,1,10338,1.3623,8.2241,2.6695,0.0786,-0.0093,0.1124
walking,1,10391,1.5443,8.9471,3.3375,-0.0839,0.0568,0.029
walking,1,10444,1.154,8.3582,3.6536,-0.0925,-0.1966,0.0133
walking,1,10497,0.8308,8.6455,3.8882,0.0272,-0.1396,-0.0397
walking,1,10550,1.1037,8.9304,4.1683,0.0648,-0.2129,-0.101
walking,1,10603,1.8866,9.0237,4.1156,0.0727,-0.0482,-0.0053
walking,1,10656,0.8715,9.5146,5.2625,-0.1522,-0.0933,-0.0687
walking,1,10709,-0.2346,12.8305,3.4884,-0.5452,-0.6336,-0.3928
walking,1,10762,1.6017,11.1929,0.2298,-0.0064,-0.1593,-0.3008
walking,1,10815,0.759,9.4308,0.8045,0.0679,-0.0418,-0.0245
walking,1,10868,1.2713,9.9551,1.6281,-0.0205,-0.4279,0.1585
walking,1,10921,0.3831,10.2352,1.9728,-0.0674,-0.3645,-0.0434
walking,1,10974,0.4142,8.1379,2.0016,-0.0919,-0.0125,-0.2188
walking,1,11027,0.2179,7.525,2.1811,0.0653,-0.1663,0.032
walking,1,11080,0.5267,8.7867,2.7581,-0.1114,-0.2129,0.0693
walking,1,11133,0.5914,8.8969,3.0263,-0.1316,0.1423,-0.0725
walking,1,11186,0.68,8.8705,3.4692,-0.0099,0.149,0.0741
walking,1,11239,0.3041,9.0214,3.5099,-0.0205,0.2451,0.1466
walking,1,11292,0.4645,9.7348,3.6727,-0.0181,0.4442,0.077
walking,1,11345,0.237,9.73,3.8523,-0.1154,0.4112,-0.0344
walking,1,11398,0.893,10.6973,3.7086,-0.3571,0.567,0.0293
walking,1,11451,0.3376,10.829,2.308,-0.1793,0.4938,-0.0877
walking,1,11504,1.1468,8.7508,1.0558,0.1964,0.3912,-0.2433
walking,1,11557,1.3743,9.5289,2.1021,0.049,0.3706,-0.11
walking,1,11610,1.1372,10.3741,2.976,-0.0621,-0.0882,0.0536
walking,1,11663,0.7494,9.1171,2.9281,-0.1631,-0.0703,-0.033
walking,1,11716,0.7159,8.4156,3.1436,-0.1263,-0.048,-0.1703
walking,1,11769,0.9313,8.8945,3.4165,-0.0354,-0.3283,-0.0429
walking,1,11822,1.1444,8.521,3.7637,-0.0176,-0.3131,-0.0139
walking,1,11875,0.8763,8.2432,3.8211,0.0866,-0.4242,-0.0032
walking,1,11928,0.9768,8.0613,3.8403,0.2635,-0.465,-0.0765
walking,1,11981,0.826,8.2504,3.5027,0.2004,-0.5127,-0.1615
walking,1,12034,1.6352,9.5744,3.8044,0.0546,-0.1519,-0.211
walking,1,12087,0.7805,11.1115,5.4013,-0.3435,-0.1042,-0.2611
walking,1,12140,-0.0886,12.7802,3.2872,-0.4066,-0.3968,-0.4162
walking,1,12193,1.8723,9.9168,2.0207,0.1042,0.2766,-0.2814
walking,1,12246,1.2977,8.7843,1.4988,-0.1156,-0.0685,-0.0107
walking,1,12299,0.2873,9.9144,1.3312,-0.1383,0.0008,0.2201
walking,1,12352,0.7207,10.8481,2.229,-0.0216,0.4242,0.0949
walking,1,12405,0.5387,8.4563,2.1644,-0.0187,0.5817,-0.016
walking,1,12458,-0.261,7.604,2.3966,0.0775,0.1673,0.2102
walking,1,12511,0.1628,8.8274,2.8204,-0.1508,0.2968,0.1482
walking,1,12564,0.3304,9.0166,3.0239,-0.0333,0.4293,0.0898
walking,1,12617,-0.2155,8.6407,3.5314,0.0064,0.2593,0.1402
walking,1,12670,-0.1987,9.0094,3.4884,-0.0458,0.2078,0.0957
walking,1,12723,0.1508,9.3853,3.7469,0.0624,0.2502,0.0325
walking,1,12776,0.0072,9.5002,3.5769,0.0885,0.3072,0.0632
walking,1,12829,0.1891,9.4044,4.2473,-0.1796,0.5281,0.0951
walking,1,12882,0.9505,11.4922,2.806,-0.5521,0.6651,0.0637
walking,1,12935,1.1923,10.331,1.2713,-0.0067,0.6257,-0.0218
walking,1,12988,1.4413,9.3398,1.9417,0.2582,0.323,0.0197
walking,1,13041,1.3862,10.3214,2.4995,-0.0336,0.1029,0.1484
walking,1,13094,0.996,9.6055,2.7461,-0.0669,-0.0386,0.1561
walking,1,13147,1.0558,7.7931,2.2697,-0.1335,-0.1053,0.0234
walking,1,13200,1.1229,8.3941,2.6695,-0.0584,-0.1428,-0.0693
walking,1,13253,0.9864,9.0214,3.146,-0.0791,-0.2843,-0.1247
walking,1,13306,1.2186,8.5641,3.6057,-0.1279,-0.3373,-0.093
walking,1,13359,0.9002,8.3199,3.3734,0.0216,-0.4551,-0.1156
walking,1,13412,0.4693,8.8801,3.7876,-0.0248,-0.344,-0.2121
walking,1,13465,1.1181,9.7995,4.1563,0.0256,-0.1855,-0.2036
walking,1,13518,1.1372,9.3972,4.7262,0.0229,-0.2467,-0.1146
walking,1,13571,0.2466,9.1698,4.6831,-0.133,-0.1974,-0.1641
walking,1,13624,0.51,11.4586,3.4333,-0.1703,-0.2353,-0.3144
walking,1,13677,1.8124,10.5297,1.9369,0.0544,-0.158,-0.1399
walking,1,13730,0.1891,8.3701,1.1085,0.1279,-0.2755,0.0722
walking,1,13783,0.4621,10.6829,1.6568,-0.0975,-0.1386,0.025
walking,1,13836,1.1133,11.0804,2.7414,0.02,-0.0418,-0.0663
walking,1,13889,0.6297,8.5497,2.3415,0.1196,0.1708,0.0576
walking,1,13942,0.2107,7.4268,2.5235,-0.0863,-0.1663,0.1935
walking,1,13995,0.2203,8.9112,2.715,-0.2393,0.004,-0.016
walking,1,14048,0.1915,9.1626,3.0023,-0.0056,0.1223,-0.0943
walking,1,14101,0.2969,8.2768,3.4716,-0.0152,0.1428,0.0205
walking,1,14154,0.1676,8.7556,3.5267,-0.166,0.1823,0.1228
walking,1,14207,-0.158,9.5816,3.8116,-0.0874,0.199,0.041
walking,1,14260,-0.2729,9.6079,3.8595,0.0693,0.1228,-0.0048
walking,1,14313,0.1341,9.7133,4.1803,-0.0083,0.3528,-0.02
walking,1,14366,1.1277,11.6382,3.5219,-0.3453,0.5689,-0.0203
walking,1,14419,0.8092,11.2911,2.1404,0.0336,0.4828,-0.0679
walking,1,14472,1.4174,8.1618,1.0295,0.3834,0.51,-0.1295
walking,1,14525,1.4341,9.1051,1.5682,-0.1159,0.3437,-0.1244
walking,1,14578,1.6352,11.3126,2.2721,-0.1519,0.0037,0.0408
walking,1,14631,1.0032,9.0381,2.4924,-0.0003,0.0386,-0.0584
walking,1,14684,1.0343,7.9224,2.32,-0.0064,0.1657,-0.0541
walking,1,14737,1.4557,8.9711,2.5546,-0.2145,0.0981,-0.0171
walking,1,14790,1.3312,9.4643,2.8563,-0.1564,0.1407,0.0698
walking,1,14843,1.1971,9.6007,3.3543,-0.1484,0.2422,0.0242
walking,1,14896,1.0175,9.2656,3.1747,-0.0544,-0.0088,0.0005
walking,1,14949,1.3455,9.2344,3.3303,-0.0914,0.2185,0.0242
walking,1,15002,1.2665,9.2033,3.3088,-0.1071,0.0488,0.0085
walking,1,15055,0.814,9.1889,3.2705,-0.134,0.0107,-0.0226
walking,2,2,0.2729,9.2847,2.988,0.0072,0.2113,0.0898
walking,2,56,0.2514,9.493,3.043,-0.0461,0.1809,0.0687
walking,2,109,0.182,9.5002,3.3208,-0.0069,0.1612,0.06
walking,2,162,0.6129,9.1961,3.3782,0.065,0.1916,0.0951
walking,2,215,0.6321,9.1339,3.699,0.02,0.0855,0.0877
walking,2,268,0.4597,9.3996,3.5075,-0.0237,0.057,0.0477
walking,2,321,0.5363,9.0405,3.5051,0.0456,0.0112,0.0418
walking,2,374,0.7853,9.1866,3.5051,-0.0035,0.0096,0.0232
walking,2,427,0.5626,9.2703,3.5362,0.0061,-0.0389,-0.0104
walking,2,480,0.6225,8.7317,3.4261,-0.0003,0.0336,-0.0346
walking,2,533,0.5674,8.9208,3.5841,0.0083,-0.0671,-0.0552
walking,2,586,0.4956,9.0956,3.7493,0.0128,-0.0762,-0.1162
walking,2,639,0.6512,9.0668,3.9935,0.0426,-0.0917,-0.1077
walking,2,692,0.4932,8.825,3.8978,0.0685,-0.0711,-0.1087
walking,2,745,0.5531,9.3206,3.9121,0.0741,-0.1623,-0.1087
walking,2,798,0.6393,9.9072,4.0103,0.044,-0.125,-0.1892
walking,2,851,0.2634,9.6199,3.9289,0.0773,-0.3256,-0.182
walking,2,904,0.4549,9.754,3.7876,-0.0738,-0.3368,-0.2427
walking,2,957,0.735,10.0269,3.3351,-0.1154,-0.2806,-0.1607
walking,2,1010,0.2825,9.1794,2.5881,-0.1005,-0.2257,-0.1002
walking,2,1063,-0.3567,9.0094,1.3048,-0.1428,-0.3259,-0.1713
walking,2,1116,-0.498,9.6199,1.1971,-0.0309,-0.3874,-0.0914
walking,2,1169,-0.7159,10.2639,1.7454,-0.0144,-0.0203,-0.0773
walking,2,1222,-0.3759,9.6893,2.3679,0.0341,0.2086,-0.004
walking,2,1275,-0.2993,8.418,2.4565,0.0213,0.0458,0.1066
walking,2,1328,-0.3783,8.3845,2.5402,-0.1092,0.1303,0.1609
walking,2,1381,-0.6153,9.1051,2.7007,-0.1463,0.142,0.1263
walking,2,1434,-0.6057,8.7747,3.0789,-0.0386,0.1343,0.1106
walking,2,1487,-0.4669,8.6095,3.5003,-0.0229,0.1679,0.1892
walking,2,1540,0.0982,8.9807,3.6368,0.0067,0.227,0.307
walking,2,1593,0.0479,9.3781,3.7924,-0.0687,0.3581,0.3981
walking,2,1646,-0.3256,9.6869,3.6823,-0.142,0.368,0.2827
walking,2,1699,-0.589,9.9958,3.8762,-0.2326,0.3885,-0.0362
walking,2,1752,0.6201,11.8202,2.7246,-0.6011,0.5556,-0.3517
walking,2,1805,1.0199,10.1825,1.087,0.0362,0.2094,-0.3925
walking,2,1858,1.9321,9.3805,2.3846,0.0869,0.3818,-0.2268
walking,2,1911,1.2426,10.4842,2.9209,-0.2318,0.2918,0.0538
walking,2,1964,-0.0622,10.2208,2.9736,-0.1596,0.1079,-0.0069
walking,2,2017,0.1006,7.4603,2.7342,-0.0104,-0.1625,-0.263
walking,2,2070,0.8906,7.4795,2.9904,-0.0093,-0.0954,-0.1903
walking,2,2123,0.68,8.7819,3.4285,-0.0962,-0.3198,-0.0978
walking,2,2176,0.6345,8.3773,4.1899,0.0091,-0.2718,-0.0016
walking,2,2229,0.2825,7.7812,3.9169,0.0362,-0.4445,0.0466
walking,2,2282,0.0982,7.9703,3.711,0.1607,-0.5873,-0.0077
walking,2,2335,1.0151,9.73,4.2569,0.2912,-0.263,0.0003
walking,2,2388,0.8691,11.1211,5.0925,-0.1367,-0.3603,0.0608
walking,2,2441,1.0343,12.9861,2.4134,-0.1045,-0.0101,0.0354
walking,2,2494,1.2546,9.3901,1.8818,0.1556,0.1156,0.1844
walking,2,2547,0.9122,9.0261,0.7877,0.0336,-0.6174,0.1394
walking,2,2600,1.1349,10.6805,1.1971,0.004,-0.2968,0.1442
walking,2,2653,1.6352,10.2496,2.2721,-0.0458,0.4322,-0.0826
walking,2,2706,0.9792,8.2265,2.3679,-0.0474,0.3536,0.1276
walking,2,2759,0.1652,7.592,2.4588,-0.1649,-0.0485,0.1737
walking,2,2812,0.5698,7.9272,2.2673,-0.1484,0.4186,-0.0469
walking,2,2865,0.5746,8.0637,3.2178,-0.113,0.292,0.024
walking,2,2918,0.3615,8.2887,3.7637,-0.1809,0.3493,0.1122
walking,2,2971,0.1508,9.4571,3.8906,-0.1069,0.2145,0.0933
walking,2,3024,-0.0455,10.8026,4.81,-0.1442,0.1271,-0.1354
walking,2,3077,0.7757,9.6845,5.3367,-0.1444,0.4354,-0.1119
walking,2,3130,2.0782,10.5441,2.2913,-0.7282,0.6965,0.0317
walking,2,3183,3.0023,12.3134,0.2251,0.1458,0.5177,0.2529
walking,2,3236,0.9625,11.3892,2.9521,0.3898,0.0181,-0.1135
walking,2,3289,0.5315,9.019,2.9856,0.1431,0.7578,-0.1748
walking,2,3342,1.8675,8.2432,2.8228,-0.0863,0.1863,0.0541
walking,2,3395,0.6776,7.0054,2.0111,-0.1077,-0.2582,0.0224
walking,2,3448,1.1971,7.6902,2.399,0.2777,0.1604,-0.0544
walking,2,3501,1.8076,8.6766,3.9744,-0.0879,0.1953,-0.0943
walking,2,3554,1.1995,8.4108,3.9816,-0.1519,-0.0312,0.0815
walking,2,3607,0.5578,8.576,4.2377,0.0453,0.0083,-0.0083
walking,2,3660,0.9218,8.9064,4.4867,0.0893,-0.1543,-0.1572
walking,2,3713,1.9944,9.4451,4.9105,-0.0546,-0.0189,0.0037
walking,2,3766,0.0479,11.1666,4.8602,-0.5454,-0.2446,-0.0887
walking,2,3819,0.8882,13.4171,0.0048,0.0679,-0.2297,-0.1921
walking,2,3872,-0.0982,8.7269,1.1349,0.141,-0.0701,-0.0336
walking,2,3925,0.6584,10.5441,1.6592,0.04,-0.3443,0.0517
walking,2,3978,1.1085,11.2791,1.7142,0.1388,-0.2097,0.0616
walking,2,4031,0.4286,8.3294,2.7102,-0.0405,0.1284,0.0701
walking,2,4084,-0.814,6.5793,1.6807,-0.1639,0.1548,0.1005
walking,2,4137,0.4429,8.1594,2.2434,-0.0874,-0.053,0.0016
walking,2,4190,0.3639,8.193,3.1436,-0.1644,0.1897,-0.0874
walking,2,4243,-0.3304,8.3653,3.8834,-0.2443,0.1788,0.0285
walking,2,4296,-0.1173,8.9088,4.1228,-0.1519,0.1356,0.0962
walking,2,4349,-0.1413,10.1873,4.379,-0.0576,0.0653,0.1724
walking,2,4402,-0.012,10.3094,5.4684,-0.1463,0.4391,0.0408
walking,2,4455,1.5754,11.8848,4.0438,-0.5217,0.5622,0.0829
walking,2,4508,1.7166,9.6486,0.5602,0.2561,0.5356,0.0661
walking,2,4561,1.8914,9.2368,2.1763,0.2998,0.3805,-0.1476
walking,2,4614,1.2067,11.2097,2.636,0.1338,0.2867,-0.0485
walking,2,4667,0.905,9.7037,2.9497,0.1242,0.1695,-0.0176
walking,2,4720,0.9122,6.5721,2.3942,0.0077,0.1092,-0.0991
walking,2,4773,0.9792,6.4093,1.9465,0.1135,-0.1788,-0.052
walking,2,4826,0.7805,8.7628,2.9353,0.1055,-0.0959,-0.1348
walking,2,4879,1.2378,9.0692,4.1156,-0.1559,-0.2846,-0.1077
walking,2,4932,0.8092,8.4874,4.3981,-0.0933,-0.2758,-0.0085
walking,2,4985,0.3831,8.9256,4.3934,0.0469,-0.2388,-0.1151
walking,2,5038,1.1205,9.1913,4.8363,-0.0288,-0.1716,-0.1135
walking,2,5091,-0.1413,13.9965,3.8235,-0.6803,-0.5902,-0.296
walking,2,5144,1.9417,11.1139,0.3663,0.1319,0.1298,-0.0242
walking,2,5197,-0.5914,9.2847,1.7693,0.0203,-0.4058,-0.0008
walking,2,5250,1.0439,11.0014,1.8052,0.0576,-0.3368,0.1705
walking,2,5303,0.7733,10.0604,2.3727,0.1633,-0.1252,-0.0083
walking,2,5356,0.6608,7.3454,2.2649,0.0903,0.1919,0.0695
walking,2,5409,-0.0934,6.8211,2.0303,0.1092,-0.0525,0.2446
walking,2,5462,0.5602,8.1762,2.5163,-0.0965,-0.0722,0.0618
walking,2,5515,0.2562,8.8538,3.1173,-0.1178,0.1753,-0.0354
walking,2,5568,0.1484,8.8753,3.6488,-0.1242,0.0405,0.0261
walking,2,5621,0.3615,9.5313,3.8116,-0.2427,0.122,0.0989
walking,2,5674,0.103,10.9894,4.8123,-0.2409,0.2284,-0.0027
walking,2,5727,0.9194,11.0492,4.3718,-0.4695,0.4908,-0.0863
walking,2,5780,2.2841,10.7548,0.8404,-0.1671,0.3962,0.0384
walking,2,5833,2.2266,10.1706,1.7119,0.2427,0.2675,-0.0885
walking,2,5886,1.0463,9.9575,2.3511,0.11,0.1684,-0.0978
walking,2,5939,1.1492,9.5672,2.715,0.0594,0.3496,-0.0482
walking,2,5992,1.245,7.2736,2.6456,-0.0221,0.069,-0.1106
walking,2,6045,1.221,7.1443,2.557,0.1671,-0.0717,-0.0898
walking,2,6098,1.1157,8.8178,3.6176,0.138,0.0546,-0.0847
walking,2,6151,1.0271,7.9272,4.1228,0.0029,-0.1612,-0.0245
walking,2,6204,1.0175,7.7261,3.8786,-0.0837,-0.2361,0.0549
walking,2,6257,0.6752,9.1746,3.7733,0.2121,-0.1298,-0.0877
walking,2,6310,1.4006,10.173,5.1236,-0.053,0.0701,-0.1034
walking,2,6363,-0.407,13.3788,4.0462,-0.7221,-0.3184,-0.2257
walking,2,6416,1.7047,11.0157,-0.5531,0.0325,-0.0035,-0.049
walking,2,6469,0.1987,9.8497,1.0151,-0.0392,-0.065,0.0141
walking,2,6522,0.7063,11.3437,1.6161,0.0458,-0.2507,0.1359
walking,2,6575,0.7614,10.0556,1.9106,0.1103,-0.1498,-0.025
walking,2,6628,1.2354,7.3334,1.9513,-0.1641,0.2094,-0.036
walking,2,6681,0.419,7.1467,1.7597,0.0703,0.1066,0.319
walking,2,6734,0.4381,8.2456,2.3104,-0.0456,0.0008,0.2358
walking,2,6787,-0.1748,8.3366,3.237,-0.1511,0.2124,-0.0496
walking,2,6840,0.0287,8.6479,3.7445,-0.0874,0.1386,-0.0373
walking,2,6893,0.5004,9.4715,3.6559,-0.0759,0.2539,0.0858
walking,2,6946,0.5698,10.6805,4.446,-0.2044,0.303,0.0941
walking,2,6999,1.0056,12.2272,3.9816,-0.5518,0.582,0.0163
walking,2,7052,1.6496,10.8697,0.8045,-0.0544,0.4008,-0.069
walking,2,7105,1.7885,9.2512,1.8531,0.1767,0.3134,-0.1745
walking,2,7158,1.8842,9.5481,2.1308,0.0408,0.1815,-0.0109
walking,2,7211,1.2689,10.6398,2.7749,0.0296,0.0269,-0.0171
walking,2,7264,1.3216,7.5633,2.6959,0.1236,0.0184,-0.0871
walking,2,7317,1.2617,7.0174,2.3583,0.2638,-0.0115,-0.0626
walking,2,7370,1.2043,8.327,2.7821,-0.0147,0.1631,-0.0797
walking,2,7423,1.0151,8.2935,3.3543,-0.1124,-0.1135,-0.1335
walking,2,7476,1.0942,8.6957,3.9313,-0.0735,-0.1311,-0.1236
walking,2,7529,0.6057,9.5912,4.4101,-0.0224,-0.2228,-0.1026
walking,2,7582,1.3384,9.8234,4.5274,0.0011,0.02,-0.0056
walking,2,7635,0.0862,11.9016,4.4484,-0.3712,-0.368,-0.1426
walking,2,7688,2.2625,12.4068,1.8364,0.0709,0.2761,0.0029
walking,2,7741,0.5171,7.8602,1.3479,0.1799,-0.1687,0.0813
walking,2,7794,0.261,9.5457,0.9242,-0.2044,-0.3738,0.145
walking,2,7847,1.1205,10.8577,2.0087,-0.1188,-0.1396,-0.0432
walking,2,7900,1.2163,9.0022,2.7366,-0.0711,0.2241,-0.1108
walking,2,7953,-0.0814,7.1826,2.4301,-0.0133,-0.0125,0.1002
walking,2,8006,0.067,8.09,2.7892,-0.0663,-0.1807,0.0642
walking,2,8059,0.5124,8.4036,2.8922,-0.0498,0.1351,-0.129
walking,2,8112,0.3496,8.6048,3.62,-0.0216,0.0634,0.0037
walking,2,8165,0.3735,9.1818,3.9193,-0.1444,0.1764,0.0666
walking,2,8218,0.2777,10.4914,4.1707,-0.1593,0.2894,0.0869
walking,2,8271,0.0168,10.0652,4.956,-0.1681,0.4487,-0.0458
walking,2,8324,1.4389,11.406,2.7892,-0.5492,0.6667,0.0562
walking,2,8377,2.5522,10.2185,0.589,0.1756,0.5545,0.037
walking,2,8430,1.9776,9.6055,1.8938,0.3978,0.3136,0.0242
walking,2,8483,0.8595,10.635,2.3511,0.0677,0.4098,0.0666
walking,2,8536,1.063,9.3134,2.7629,0.0749,0.1138,0.02
walking,2,8589,1.3384,6.8977,2.0806,-0.0091,-0.1124,-0.0986
walking,2,8642,1.1325,7.5274,2.4157,0.1775,0.0885,-0.0648
walking,2,8695,0.8284,8.5617,3.4117,-0.0085,-0.0698,-0.0765
walking,2,8748,0.8284,8.1331,3.7086,-0.1572,-0.2489,-0.0962
walking,2,8801,0.7446,8.5066,3.4285,0.0336,-0.4066,-0.0874
walking,2,8854,1.1971,10.2807,4.4604,0.194,-0.2366,-0.1354
walking,2,8907,1.2881,10.3884,5.2768,-0.219,-0.0613,-0.0605
walking,2,8960,0.8356,13.7547,3.0598,-0.5481,-0.3712,-0.1252
walking,2,9013,1.391,9.7612,1.0223,-0.0005,0.2462,0.1132
walking,2,9066,-0.1365,9.7013,0.668,-0.0088,-0.4426,-0.0309
walking,2,9119,1.2043,10.5536,1.8579,0.0549,-0.348,0.1055
walking,2,9172,1.5467,9.5768,2.4253,0.0554,-0.0871,-0.0687
walking,2,9225,0.6512,7.3334,2.1165,-0.0658,0.2281,0.0091
walking,2,9278,0.1772,7.4986,1.7789,0.0906,0.0,0.1492
walking,2,9331,1.0798,8.193,2.3511,-0.0344,0.166,0.0325
walking,2,9384,0.6273,8.9807,2.6791,-0.1668,0.3837,0.1066
walking,2,9437,0.2921,9.3134,3.7517,-0.2438,0.3936,0.1375
walking,2,9490,0.51,9.6031,3.7062,-0.2681,0.4239,0.0935
walking,2,9543,0.1197,9.7564,4.5753,-0.2433,0.3333,-0.0173
walking,2,9596,1.1325,11.2934,3.7948,-0.6105,0.6091,-0.1242
walking,2,9649,1.9561,10.6422,1.5179,-0.0554,0.6374,-0.0309
walking,2,9702,1.9728,9.0812,2.1213,0.3339,0.7083,0.0504
walking,2,9755,1.7382,10.1801,2.976,0.1234,0.4085,0.1018
walking,2,9808,0.5291,10.5441,2.7246,0.101,0.2657,0.0093
walking,2,9861,0.4932,7.7572,2.375,0.1612,0.0155,-0.0088
walking,2,9914,1.5107,7.3909,2.4325,0.2673,-0.0874,0.0232
walking,2,9967,1.2809,8.8083,2.7845,0.0021,-0.3022,-0.1018
walking,2,10020,1.1923,8.5066,3.3519,-0.1588,-0.0959,-0.2169
walking,2,10073,1.2905,8.4491,3.7733,-0.1636,-0.3078,-0.1295
walking,2,10126,1.6352,9.6079,4.0223,-0.1271,0.0775,0.029
walking,2,10179,1.1277,9.5146,4.4796,-0.3413,0.1961,0.0072
walking,2,10232,0.2897,13.0125,2.1165,-0.4975,-0.081,-0.2451
walking,2,10285,1.2139,9.7276,1.6831,0.138,0.0085,-0.0541
walking,2,10338,0.4334,9.2703,1.585,0.02,-0.2814,0.0445
walking,2,10391,1.2713,11.0995,2.1668,0.0554,-0.1087,0.0594
walking,2,10444,0.8116,9.5457,2.6408,0.1215,-0.0346,-0.1013
walking,2,10497,0.4429,7.6112,2.4157,0.0104,0.0863,0.0304
walking,2,10550,0.5507,8.4515,2.3727,0.0741,-0.0938,0.0674
walking,2,10603,0.3208,9.0477,2.7629,-0.0842,0.0951,-0.1252
walking,2,10656,0.4764,8.8394,3.0813,-0.1801,0.1436,-0.0719
walking,2,10709,0.3903,9.1459,3.8595,-0.1394,0.0325,-0.0024
walking,2,10762,0.1532,8.9495,3.6224,-0.1924,0.1652,0.0213
walking,2,10815,-0.6536,9.6079,3.9025,-0.1748,0.0189,-0.1303
walking,2,10868,0.5746,10.2185,3.9528,-0.2814,0.32,-0.0941
walking,2,10921,0.9649,10.659,2.6288,-0.3693,0.3142,0.0813
walking,2,10974,1.3288,8.418,1.7142,0.1378,0.5436,0.2092
walking,2,11027,1.0104,9.7588,2.66,0.1079,0.3078,0.1495
walking,2,11080,0.2897,10.7117,3.146,0.0413,-0.0197,0.0352
walking,2,11133,0.8619,9.165,3.4453,0.0722,-0.0898,0.0096
walking,2,11186,1.0463,7.8817,3.2705,0.0983,-0.1207,-0.0738
walking,2,11239,0.419,8.2815,3.2058,0.032,-0.304,-0.0394
walking,2,11292,1.1636,9.0668,3.4261,0.0024,-0.3509,-0.0759
walking,2,11345,1.4988,8.4324,4.2569,0.0357,-0.1665,-0.0581
walking,2,11398,1.3479,7.9966,4.3551,-0.0384,-0.1641,0.0429
walking,2,11451,1.0774,8.825,4.6759,-0.1191,-0.2185,0.0136
walking,2,11504,0.9553,9.6726,4.5179,-0.1218,-0.0882,-0.1572
walking,2,11557,1.2785,9.6223,5.1715,-0.1849,-0.1284,-0.1927
walking,2,11610,0.7973,11.9207,3.9959,-0.5508,-0.3637,-0.222
walking,2,11663,0.7494,9.7492,0.9697,0.121,-0.0762,-0.1455
walking,2,11716,-0.9433,8.2887,1.1851,0.2593,-0.6358,-0.2395
walking,2,11769,1.1564,11.066,1.8316,0.0917,-0.4367,-0.1495
walking,2,11822,0.8763,10.3693,2.8611,0.2446,-0.0981,-0.0698
walking,2,11875,0.4238,7.5441,2.4732,0.113,0.089,0.0994
walking,2,11928,0.3136,7.2688,1.8004,0.194,-0.3139,0.1804
walking,2,11981,1.3192,10.058,2.6839,0.0618,0.0072,0.0232
walking,2,12034,0.5578,9.5984,3.067,0.0677,0.0674,0.0187
walking,2,12087,0.3855,8.5497,3.6033,0.0322,0.037,0.0871
walking,2,12140,0.7302,8.2193,3.5099,-0.0829,0.1553,0.1106
walking,2,12193,0.6776,9.4403,3.6895,-0.288,0.4266,0.0218
walking,2,12246,0.5004,10.2256,4.0797,-0.3781,0.453,-0.0488
walking,2,12299,0.7997,11.5496,3.1125,-0.8092,0.5409,-0.2065
walking,2,12352,1.8555,10.6087,0.6081,-0.0922,0.4477,-0.2289
walking,2,12405,2.2122,9.1985,2.0159,0.2966,0.5217,-0.1114
walking,2,12458,1.1612,10.4291,2.399,0.133,0.2683,0.2148
walking,2,12511,0.6177,10.1945,2.5786,0.113,0.3182,0.0786
walking,2,12564,0.9385,7.4196,2.5115,0.1087,0.2947,-0.2395
walking,2,12617,1.0894,8.1116,2.7078,0.0093,-0.0925,-0.1815
walking,2,12670,1.3767,10.094,2.7318,0.0829,-0.1974,0.1705
walking,2,12723,1.1253,9.0046,3.4884,-0.1239,-0.0512,0.0394
walking,2,12776,0.8643,8.0732,2.7916,-0.23,-0.21,-0.1788
walking,2,12829,0.9098,9.5241,3.7158,-0.3216,-0.4002,-0.2462
walking,2,12882,1.3886,11.4012,3.0239,-0.4402,-0.3136,-0.2801
walking,2,12935,0.7973,10.003,2.399,-0.2188,-0.2891,-0.2036
walking,2,12988,0.759,8.4587,2.4493,0.1436,-0.1599,-0.0821
walking,2,13041,-0.1796,8.9543,1.4293,-0.1383,-0.3952,-0.1215
walking,2,13094,0.1867,10.987,2.5426,-0.1287,-0.1071,-0.1071
walking,2,13147,0.7638,9.6941,2.7629,0.1284,-0.0109,-0.0594
walking,2,13200,0.589,8.5832,2.8371,0.1831,-0.0093,0.1122
walking,2,13253,0.2179,9.3206,2.6312,-0.0839,-0.1927,0.0839
walking,2,13306,0.2945,9.5792,2.5546,0.0085,0.0053,-0.0293
walking,2,13359,0.3519,9.1746,2.7629,0.0805,0.0488,-0.0624
walking,2,13412,0.3448,8.9615,2.5187,-0.0957,0.0378,-0.0061
walking,2,13465,0.407,9.9647,2.8635,-0.1106,0.1772,0.0003
walking,2,13518,0.4334,9.596,2.8252,-0.0978,0.2198,-0.0669
walking,2,13571,0.2993,9.6391,2.9497,-0.0682,0.1969,0.0112
walking,2,13624,0.656,9.6031,2.8419,0.0394,0.1585,0.0226
walking,2,13677,0.6249,9.3278,2.569,0.0885,0.1612,0.0293
walking,2,13730,0.577,9.2081,2.5762,0.0799,0.174,-0.0013
walking,2,13783,0.7638,9.3948,2.5809,0.056,0.1703,-0.0306
walking,2,13836,0.8571,9.3398,2.6145,0.028,0.1812,-0.0269
walking,2,13889,0.7374,9.6462,2.6791,-0.0168,0.1756,0.0389
walking,2,13942,0.6536,9.4619,2.6121,-0.0083,0.19,0.0328
walking,2,13995,0.7111,9.244,2.5618,0.0,0.1759,-0.0112
walking,2,14048,0.7494,9.2656,2.6671,-0.0661,0.1431,0.0003
walking,2,14101,0.5866,9.4906,2.6791,-0.1092,0.1508,0.0203
walking,2,14154,0.4764,9.4236,2.8252,-0.1439,0.1042,-0.0211
walking,2,14207,0.5866,9.5648,2.9161,-0.0965,0.0357,-0.0573
walking,2,14260,0.7111,9.6654,3.0694,-0.0581,0.0546,-0.0474
walking,2,14313,0.6728,9.2344,2.9425,-0.1178,0.0967,-0.0288
walking,2,14366,0.6153,9.0908,3.0598,-0.1183,0.0975,-0.0088
walking,2,14419,0.4453,9.3829,3.1484,-0.1298,0.045,-0.048
walking,2,14472,0.4501,9.517,3.225,-0.0608,0.0456,-0.0442
walking,2,14525,0.5459,9.2919,3.1125,-0.0658,0.0229,-0.0261
walking,2,14578,0.4549,9.2201,3.2034,-0.0671,0.0309,-0.0144
walking,2,14631,0.5698,9.1746,3.1747,-0.0917,0.0285,-0.0456
walking,2,14684,0.4142,9.4188,3.3591,-0.1023,0.0232,-0.0338
walking,2,14737,0.5387,9.4092,3.3375,-0.0661,0.0557,-0.0309
walking,2,14790,0.4645,9.1051,3.2777,-0.0679,0.0426,-0.0165
walking,2,14843,0.4453,9.2249,3.2441,-0.0594,0.0773,-0.0077
walking,2,14896,0.407,9.2847,3.3016,-0.0818,0.0416,-0.0376
walking,2,14949,0.4022,9.2584,3.371,-0.0754,0.0496,-0.0312
walking,3,2,0.2562,9.8545,2.9544,-0.0421,0.0917,-0.0384
walking,3,56,0.158,9.2967,2.9712,0.0346,0.0261,-0.0242
walking,3,109,0.4334,9.1937,3.0837,0.0906,0.0666,0.0282
walking,3,162,0.6273,9.2392,3.3591,0.1013,0.0743,0.0304
walking,3,215,0.5626,9.5768,3.3447,-0.0168,-0.0384,0.0349
walking,3,268,0.4286,9.3733,3.3351,0.0858,-0.0935,0.016
walking,3,321,0.5291,8.7987,3.3639,0.1284,-0.1386,0.0003
walking,3,374,0.6273,9.1937,3.3399,0.15,-0.142,0.02
walking,3,427,0.6153,9.0549,3.3279,0.1689,-0.1551,-0.0163
walking,3,480,0.4956,9.0237,3.1891,0.2268,-0.1982,-0.0576
walking,3,533,0.6057,8.9735,3.304,0.1815,-0.1607,-0.1023
walking,3,586,0.5411,9.2895,3.2968,0.109,-0.1761,-0.1439
walking,3,639,0.4525,9.2488,3.371,0.0882,-0.1354,-0.1681
walking,3,692,0.7518,9.2656,3.3208,0.0621,-0.1375,-0.1498
walking,3,745,0.759,9.6678,3.3495,-0.0077,-0.0157,-0.146
walking,3,798,0.7566,9.6031,3.5386,-0.1308,0.0179,-0.1553
walking,3,851,0.4286,10.635,2.9999,-0.3677,-0.0253,-0.2254
walking,3,904,0.7566,11.0253,2.4948,-0.3134,0.1711,-0.1087
walking,3,957,0.1269,9.584,1.6783,-0.1977,-0.2358,-0.1516
walking,3,1010,-0.249,8.4827,0.4669,0.053,-0.3344,0.0099
walking,3,1063,0.0838,10.6111,2.1859,0.0821,-0.029,0.0898
walking,3,1116,0.6895,10.0126,2.1955,0.0266,0.2419,-0.0941
walking,3,1169,-0.1197,7.7859,2.1907,0.0536,0.1548,0.0048
walking,3,1222,-0.5243,8.3199,1.9968,-0.0296,0.243,0.0941
walking,3,1275,-0.2083,8.8442,2.2146,0.1436,0.1958,-0.0855
walking,3,1328,-0.3735,8.9495,2.8084,0.1596,0.1844,-0.0802
walking,3,1381,-0.2993,8.7436,3.3639,0.0296,0.3397,0.0203
walking,3,1434,-0.5483,9.2081,2.6647,-0.0544,0.3048,0.0141
walking,3,1487,-0.4836,10.4435,2.9281,-0.016,0.4485,0.0013
walking,3,1540,-0.7207,10.9008,2.806,-0.1322,0.3475,-0.0663
walking,3,1593,0.4262,12.0931,1.3192,-0.2449,0.6209,0.0147
walking,3,1646,0.996,9.2727,0.1987,0.4207,0.2657,-0.0637
walking,3,1699,1.7813,9.2201,1.1229,0.0061,0.7304,-0.036
walking,3,1752,0.3687,11.3581,1.2258,0.0887,0.2894,0.154
walking,3,1805,-0.146,9.3829,1.3982,0.1223,0.1679,-0.0163
walking,3,1858,0.0479,7.6207,1.2905,0.1132,0.3677,0.0264
walking,3,1911,0.237,9.2656,1.7789,-0.0786,-0.0149,0.1116
walking,3,1964,0.4741,8.7388,1.9992,-0.0669,-0.1442,0.0418
walking,3,2017,0.5986,8.8178,2.7916,-0.052,-0.0373,0.1386
walking,3,2070,0.3663,8.9184,3.1053,-0.0488,-0.0181,0.0941
walking,3,2123,0.4118,9.1459,3.7014,-0.0754,-0.0264,0.0336
walking,3,2176,1.0989,10.0533,3.4261,-0.19,-0.2348,-0.0472
walking,3,2229,0.5387,11.1474,3.8834,-0.3949,0.0863,-0.1767
walking,3,2282,0.4022,13.4746,-0.6512,-0.0344,0.0754,-0.1799
walking,3,2335,0.0239,8.8873,0.2298,0.1713,0.1399,-0.0277
walking,3,2388,-0.3663,10.1586,-0.2705,-0.3389,-0.5241,0.0578
walking,3,2441,0.2227,11.552,1.5826,0.1178,-0.1482,0.2324
walking,3,2494,0.4621,8.8274,1.8938,-0.0352,0.1982,-0.2555
walking,3,2547,-0.0766,7.7644,1.6783,-0.101,-0.1143,0.1252
walking,3,2600,-0.2203,8.0517,1.7478,-0.207,-0.0783,0.1476
walking,3,2653,-0.0024,7.7907,2.2434,0.0541,-0.033,-0.0544
walking,3,2706,-0.0168,8.0709,2.9928,-0.0493,0.1047,0.0269
walking,3,2759,-0.3256,8.7173,2.7845,-0.2118,0.2859,0.1103
walking,3,2812,-0.6057,10.7093,2.9401,-0.3834,0.2811,0.0621
walking,3,2865,-0.5291,11.801,4.0869,-0.4301,0.4034,-0.2246
walking,3,2918,1.6544,12.2559,1.0271,-0.5689,0.732,-0.1282
walking,3,2971,1.2522,10.1514,1.0798,0.0879,0.2627,-0.0373
walking,3,3024,1.4748,10.8816,1.5395,0.2643,0.3059,0.0085
walking,3,3077,0.012,10.4291,1.7286,0.3075,0.1354,-0.0133
walking,3,3130,0.261,7.9009,1.6328,0.4482,-0.1247,-0.0986
walking,3,3183,1.0415,5.8778,1.2139,0.0648,0.0104,-0.0797
walking,3,3236,0.9074,7.5082,1.3767,0.0775,-0.2928,0.064
walking,3,3289,0.838,9.4547,2.648,0.0453,-0.1876,-0.0059
walking,3,3342,0.747,9.2536,3.5602,-0.2353,-0.2217,-0.0389
walking,3,3395,0.8188,10.0317,3.4524,-0.4016,-0.048,-0.0735
walking,3,3448,0.2945,10.9966,4.4819,-0.5404,0.0376,-0.203
walking,3,3501,-0.8475,13.0628,2.0111,-0.6851,-0.0986,-0.4138
walking,3,3554,0.735,10.2113,0.4022,0.2334,-0.4362,0.1026
walking,3,3607,-0.5195,9.9623,0.7207,0.0109,-0.664,0.0285
walking,3,3660,0.1604,10.7236,1.2617,0.0493,-0.1863,0.0325
walking,3,3713,0.7901,9.1674,1.8004,0.2558,-0.0408,0.101
walking,3,3766,-0.1101,6.8211,1.6927,-0.0738,0.3405,0.0815
walking,3,3819,-0.4741,7.6902,1.6759,-0.1111,0.125,0.2771
walking,3,3872,0.34,8.667,2.4038,-0.1399,0.2619,0.1132
walking,3,3925,-0.5195,8.6095,3.4046,-0.2212,0.3003,0.0813
walking,3,3978,-0.6536,9.4427,3.0023,-0.1522,0.3589,0.1388
walking,3,4031,-0.1748,10.4148,3.4931,-0.2337,0.2369,0.0461
walking,3,4084,0.656,12.6917,3.3399,-0.4914,0.7536,-0.0727
walking,3,4137,1.075,10.6398,0.7183,0.21,0.1996,-0.0181
walking,3,4190,1.4581,9.6869,1.9537,0.3038,0.4375,-0.0003
walking,3,4243,1.063,10.8122,1.6257,-0.0328,0.3448,0.0957
walking,3,4296,0.577,9.6702,1.8148,0.32,0.0136,-0.118
walking,3,4349,0.838,6.8187,2.1428,0.2433,0.0528,-0.1332
walking,3,4402,0.7015,6.5769,1.9297,0.2843,-0.0786,0.1077
walking,3,4455,0.8021,9.165,2.7102,-0.0581,-0.0264,0.0759
walking,3,4508,0.9601,9.4212,3.0502,-0.2076,-0.1775,-0.1135
walking,3,4561,0.8571,9.651,3.5602,-0.3198,-0.1338,-0.0879
walking,3,4614,0.5315,10.3022,4.0941,-0.4503,0.0717,-0.1311
walking,3,4667,-0.5076,12.8521,2.3918,-0.7658,-0.122,-0.3142
walking,3,4720,0.7925,10.4244,0.8859,0.2715,-0.4946,0.1649
walking,3,4773,-0.3376,9.5768,1.4102,0.0946,-0.4924,0.0845
walking,3,4826,1.1037,10.1514,1.5706,0.1719,0.0304,0.211
walking,3,4879,0.8739,8.8538,2.0279,0.114,-0.1436,0.0823
walking,3,4932,-0.079,6.7157,1.7406,-0.0935,0.3512,0.0328
walking,3,4985,-0.1389,8.3893,2.2721,-0.13,0.0352,0.1948
walking,3,5038,-0.0479,9.1435,3.0694,-0.0805,0.1911,-0.0621
walking,3,5091,-0.0455,9.0237,3.1101,-0.227,0.2846,-0.0298
walking,3,5144,0.079,9.8138,2.9975,-0.2726,0.3509,-0.0298
walking,3,5197,0.1724,12.1482,3.5817,-0.5087,0.5526,-0.1668
walking,3,5250,1.5275,11.6526,1.6472,0.0338,0.5041,-0.2078
walking,3,5303,2.0877,9.4332,2.1093,0.2662,0.352,-0.1034
walking,3,5356,1.2234,10.1754,2.1572,-0.0632,0.38,0.0277
walking,3,5409,0.3496,9.4332,1.913,0.3491,-0.012,-0.0554
walking,3,5462,1.2043,7.0054,2.4157,0.2939,0.0376,-0.1338
walking,3,5515,0.9146,7.2089,2.2697,0.0866,-0.0959,0.037
walking,3,5568,0.7518,9.0477,2.9161,-0.0429,-0.1071,0.0837
walking,3,5621,0.68,8.6191,3.4022,0.0632,-0.122,-0.0733
walking,3,5674,0.5052,8.5928,3.474,-0.1647,-0.178,-0.1476
walking,3,5727,0.7757,11.0971,4.3958,-0.3333,0.0032,-0.1138
walking,3,5780,-0.2274,14.6932,2.0614,-0.5359,-0.1364,-0.3467
walking,3,5833,0.6871,10.1562,1.336,0.412,-0.3182,0.0909
walking,3,5886,-0.1077,9.6534,0.8643,-0.0104,-0.6142,0.0458
walking,3,5939,0.4764,10.8625,1.5251,0.0855,-0.1402,0.1434
walking,3,5992,1.0822,9.1147,1.8747,0.1676,0.0293,0.0306
walking,3,6045,0.3065,6.7852,1.8148,0.0679,0.2188,0.0136
walking,3,6098,-0.8739,7.7093,1.7142,-0.0541,-0.045,0.1625
walking,3,6151,-0.249,8.5425,2.5331,-0.0602,0.2012,-0.0373
walking,3,6204,0.2059,8.4156,2.9281,-0.1628,0.1865,-0.0717
walking,3,6257,-0.5866,9.5265,3.055,-0.1793,0.2731,0.0496
walking,3,6310,-0.577,11.5736,4.3239,-0.3368,0.3898,0.0211
walking,3,6363,0.2849,12.9502,2.8012,-0.643,0.7,-0.1564
walking,3,6416,1.2522,9.651,0.4405,0.4895,0.089,0.0136
walking,3,6469,2.3966,10.149,1.81,0.162,0.267,0.0626
walking,3,6522,0.3903,11.631,1.4174,-0.1061,0.1759,-0.0035
walking,3,6575,0.7302,9.5074,1.8483,0.4578,-0.1641,-0.1164
walking,3,6628,1.1372,6.7181,1.6975,0.1516,-0.1415,-0.1388
walking,3,6681,0.3328,7.1012,1.6185,0.1767,-0.4538,0.0719
walking,3,6734,0.3998,8.7197,2.4205,0.0266,-0.3347,-0.0733
walking,3,6787,0.7685,7.7476,3.2394,-0.0765,-0.3611,-0.1903
walking,3,6840,0.7494,8.7197,3.1603,-0.0997,-0.4842,0.0131
walking,3,6893,1.2641,12.0764,3.9935,-0.2646,-0.2257,-0.2284
walking,3,6946,-0.656,12.0644,4.1731,-0.3845,0.0104,-0.4743
walking,3,6999,0.5531,12.038,-0.4717,0.2947,-0.2681,-0.2809
walking,3,7052,0.6656,9.9096,0.8667,0.0474,-0.7416,0.041
walking,3,7105,0.1053,10.7404,0.1413,-0.0056,-0.1796,0.1053
walking,3,7158,0.8452,10.5321,1.5874,0.125,-0.2579,0.1199
walking,3,7211,0.5076,7.9918,1.415,-0.0741,0.4064,-0.1692
walking,3,7264,-0.5938,6.778,1.1396,-0.0402,0.2012,0.13
walking,3,7317,0.1628,7.5082,1.2019,-0.0693,0.1375,0.1244
walking,3,7370,0.2993,8.1092,2.308,-0.2473,0.3837,-0.0203
walking,3,7423,0.1149,8.8226,3.1005,-0.5177,0.5281,0.0392
walking,3,7476,-0.7542,10.6326,3.7781,-0.2025,0.3957,0.0738
walking,3,7529,-1.0463,11.564,5.0302,-0.2318,0.712,-0.0032
walking,3,7582,0.644,12.7204,2.5642,-0.3765,0.8164,0.0685
walking,3,7635,0.8045,9.4715,0.9337,0.4639,0.2595,0.1428
walking,3,7688,2.2386,8.9208,0.7829,0.1055,0.6587,0.1348
walking,3,7741,0.6057,11.6406,1.4389,0.0232,0.2316,-0.0155
walking,3,7794,0.8523,9.414,2.0542,0.214,0.15,-0.1316
walking,3,7847,0.9457,7.3957,1.9752,0.1703,0.1871,-0.0085
walking,3,7900,0.17,7.3717,1.8196,0.1287,-0.0229,0.0618
walking,3,7953,0.3136,7.6638,2.4181,-0.0051,-0.1785,-0.0855
walking,3,8006,0.4429,8.5521,2.9497,-0.0139,-0.2571,-0.0909
walking,3,8059,0.7015,9.9623,3.0981,-0.0469,-0.3906,-0.0735
walking,3,8112,0.9864,11.8968,4.5035,-0.251,-0.0224,-0.1569
walking,3,8165,-0.5219,13.0723,3.0502,-0.6014,-0.0037,-0.263
walking,3,8218,0.0479,10.5943,-0.9218,0.15,-0.4309,-0.0405
walking,3,8271,-0.4477,10.0173,0.6153,-0.0893,-0.785,0.1092
walking,3,8324,0.3639,11.5305,0.7494,0.0594,-0.1695,0.1423
walking,3,8377,0.8332,9.6271,1.6472,0.1487,-0.2113,0.028
walking,3,8430,0.1844,6.9671,1.4102,0.069,0.2915,0.0005
walking,3,8483,-0.656,6.6463,0.8882,-0.0429,-0.0288,0.2092
walking,3,8536,0.0694,7.7524,1.6712,-0.0408,0.089,0.0714
walking,3,8589,-0.249,8.904,2.9712,-0.2753,0.1218,-0.0437
walking,3,8642,-0.5363,9.5768,2.9951,-0.2038,0.1817,-0.0109
walking,3,8695,-0.6728,11.2288,3.6152,-0.3296,0.2454,0.0168
walking,3,8748,-0.0503,11.8968,4.0486,-0.336,0.4165,-0.1026
walking,3,8801,1.2067,11.0995,0.4142,0.0509,0.3275,0.0525
walking,3,8854,2.1045,9.9527,1.3336,0.2558,0.0245,0.0685
walking,3,8907,1.0606,10.6159,1.1205,0.1085,0.2494,-0.0791
walking,3,8960,0.182,9.6726,1.4461,0.2987,0.1545,-0.0831
walking,3,9013,1.3024,8.023,1.8938,0.1676,0.0938,-0.0813
walking,3,9066,0.5148,6.5936,1.3479,0.0544,-0.1223,-0.0368
walking,3,9119,0.4717,8.2624,2.1045,0.0815,-0.0501,0.1124
walking,3,9172,0.8356,9.517,3.0789,-0.0069,-0.2467,-0.0365
walking,3,9225,1.0199,9.3877,3.1005,-0.0962,-0.2777,-0.081
walking,3,9278,0.9074,10.9415,3.4165,-0.235,-0.1164,-0.0698
walking,3,9331,0.0934,11.8609,3.4596,-0.4077,0.0592,-0.2006
walking,3,9384,1.0295,12.0428,0.0646,-0.1601,-0.1751,-0.2084
walking,3,9437,0.4884,9.6774,0.6943,-0.0671,-0.6491,0.032
walking,3,9490,-0.5578,10.228,0.4142,0.0203,-0.2326,0.2446
walking,3,9543,1.1037,10.5297,1.9154,0.1623,-0.1596,0.3088
walking,3,9596,0.8547,8.2049,1.6592,-0.0011,0.2078,-0.0629
walking,3,9649,-0.6177,6.462,1.075,-0.1026,0.0653,0.1212
walking,3,9702,-0.0192,7.6351,1.4581,0.0333,0.0306,0.1825
walking,3,9755,0.0359,9.0956,2.4948,-0.0991,0.008,-0.04
walking,3,9808,0.079,9.3661,2.9521,-0.2393,0.2529,-0.0735
walking,3,9861,-0.0072,10.5632,3.1244,-0.243,0.292,0.0008
walking,3,9914,-0.3376,11.0014,4.0294,-0.2372,0.4461,-0.1244
walking,3,9967,0.9697,12.3661,1.7406,-0.453,0.5468,-0.1647
walking,3,10020,1.9273,9.2919,0.3424,0.2667,-0.0767,-0.048
walking,3,10073,2.1189,10.331,1.3815,0.1564,0.2406,-0.0211
walking,3,10126,0.4142,10.8745,1.6137,-0.0107,0.1895,-0.0917
walking,3,10179,0.8284,8.9854,2.1859,0.3365,0.126,-0.0741
walking,3,10232,1.0104,7.1299,1.798,-0.0634,0.0392,-0.1362
walking,3,10285,0.5315,6.8905,1.731,0.0653,-0.2209,0.0389
walking,3,10338,0.9744,8.5976,2.6935,0.0682,-0.1567,0.0386
walking,3,10391,1.1708,9.1051,2.9856,-0.0653,-0.2739,-0.0258
walking,3,10444,1.233,10.3477,3.4644,-0.2467,-0.0386,-0.0885
walking,3,10497,0.2873,11.4156,4.0941,-0.2928,0.1252,-0.2302
walking,3,10550,-0.1221,13.3716,2.2482,-0.4349,-0.0632,-0.3845
walking,3,10603,1.1277,10.3406,0.0096,0.2169,-0.5089,-0.0426
walking,3,10656,-0.5818,9.6295,0.4597,-0.1777,-0.6419,-0.0914
walking,3,10709,1.0032,10.7308,0.7063,-0.0005,-0.0229,0.1607
walking,3,10762,1.6041,9.3877,1.7119,-0.0317,-0.1188,0.0264
walking,3,10815,-0.0622,7.1395,1.4054,-0.1516,0.4647,-0.0698
walking,3,10868,-0.656,7.8171,1.5107,-0.0322,-0.0099,0.2662
walking,3,10921,0.2969,8.9519,2.071,-0.0514,0.1236,0.0458
walking,3,10974,0.4286,9.1961,2.4277,-0.3094,0.2998,-0.0155
walking,3,11027,0.2658,9.4092,2.0949,-0.2753,0.619,0.0461
walking,3,11080,0.0263,10.3501,3.2298,-0.4295,0.6307,-0.0061
walking,3,11133,1.087,12.8617,2.0614,-0.631,0.9433,-0.0746
walking,3,11186,1.0511,10.0963,1.7813,0.2747,0.3043,-0.0861
walking,3,11239,2.0901,8.6191,2.0446,0.1551,0.6771,0.1567
walking,3,11292,1.3695,10.2544,1.5562,-0.1788,0.6835,0.2593
walking,3,11345,0.8188,10.003,1.7933,0.2316,0.3741,0.0546
walking,3,11398,1.3862,8.6933,2.3152,0.0973,0.2907,0.0458
walking,3,11451,1.4748,9.177,1.7957,-0.049,0.3062,0.1996
walking,3,11504,1.6352,9.4571,2.162,-0.1268,0.1905,0.1122
walking,3,11557,1.6544,9.2895,2.1165,-0.1247,0.1729,0.0269
walking,3,11610,1.6448,9.1578,2.2458,-0.1607,0.1833,0.0221
walking,3,11663,1.154,10.0197,2.5043,-0.2966,0.2726,-0.0245
walking,3,11716,0.6393,9.7851,2.5211,-0.2859,0.0698,-0.1023
walking,3,11769,1.0008,9.663,2.5355,-0.1058,0.0901,-0.0248
walking,4,2,0.1676,9.256,2.794,-0.0197,0.0312,0.0149
walking,4,56,0.1413,9.2584,2.7869,-0.0429,0.0336,0.0069
walking,4,109,0.1915,9.584,2.8898,-0.0168,0.0362,0.0288
walking,4,162,0.3136,9.1794,2.7318,0.0155,0.064,0.0144
walking,4,215,0.4741,9.1411,2.7773,0.057,0.1604,0.0671
walking,4,268,0.5387,9.1746,2.8443,0.0445,0.1498,0.0434
walking,4,321,0.565,9.4739,3.1149,0.0384,0.1815,0.0322
walking,4,374,0.9026,9.3781,3.7637,0.0677,0.1761,0.0472
walking,4,427,0.6584,9.924,3.893,-0.0973,0.1372,0.0352
walking,4,480,0.4429,9.2416,3.7326,0.0791,0.0821,0.049
walking,4,533,0.7039,8.3318,3.6176,0.1322,0.0416,0.0727
walking,4,586,0.8452,8.5353,3.4931,0.1428,0.0045,0.1063
walking,4,639,0.972,8.8921,3.6751,0.0839,0.0552,0.0613
walking,4,692,0.8811,8.9447,3.8235,0.1098,0.0695,0.0216
walking,4,745,0.8021,8.8562,3.8595,0.1372,0.0807,0.0064
walking,4,798,1.0558,9.2296,3.948,0.162,0.0799,0.0053
walking,4,851,1.257,10.0963,3.9768,0.0925,0.0155,-0.04
walking,4,904,1.2977,10.252,4.1348,-0.036,-0.0914,-0.1439
walking,4,957,0.5842,11.2336,3.7254,-0.4847,-0.2507,-0.3309
walking,4,1010,0.9673,11.2958,2.1548,-0.2425,-0.1593,-0.1543
walking,4,1063,-0.419,7.5968,0.2251,-0.0248,-0.5356,-0.1857
walking,4,1116,-0.747,10.0892,0.589,-0.3131,-0.2388,0.0133
walking,4,1169,0.8452,11.3868,1.8818,0.004,-0.1708,-0.0978
walking,4,1222,0.1963,8.3797,2.715,0.0568,0.2542,-0.3832
walking,4,1275,-0.7374,8.1882,2.387,-0.1948,0.2649,0.0059
walking,4,1328,-0.6177,8.5497,2.5379,0.1284,0.2483,-0.0911
walking,4,1381,-0.3926,8.2169,2.4325,0.0879,-0.0197,-0.1069
walking,4,1434,0.0479,7.9918,3.0119,0.1966,0.1964,0.1303
walking,4,1487,-0.249,8.3582,2.9521,-0.0016,0.3589,0.162
walking,4,1540,-1.1277,9.074,3.0478,0.0823,0.243,0.1849
walking,4,1593,-0.5028,10.8074,3.2394,-0.142,0.2633,0.0719
walking,4,1646,-0.0694,10.9176,4.0797,-0.1932,0.3203,0.0179
walking,4,1699,1.166,11.6933,1.1779,-0.692,0.9222,-0.0538
walking,4,1752,0.4621,10.8194,0.565,-0.0466,0.0557,-0.2044
walking,4,1805,0.3615,10.5297,1.9968,0.5023,0.1247,-0.2675
walking,4,1858,0.431,10.0916,1.9201,0.1764,0.0179,-0.1849
walking,4,1911,0.5483,9.0477,2.0877,0.1218,0.1114,-0.0147
walking,4,1964,0.103,6.9935,1.2689,-0.0903,-0.1823,-0.0959
walking,4,2017,0.1149,7.1515,1.5538,0.0933,-0.376,-0.0432
walking,4,2070,1.0127,8.6,2.8635,-0.0338,-0.3296,-0.0144
walking,4,2123,0.3998,8.3222,3.5913,-0.2225,-0.2132,-0.0189
walking,4,2176,0.3424,9.3661,3.6296,-0.1836,-0.1231,0.0317
walking,4,2229,0.4956,11.5305,4.6615,-0.0837,-0.0671,-0.0189
walking,4,2282,-0.4334,11.825,3.3615,-0.3659,0.0328,-0.3008
walking,4,2335,0.7207,12.8928,0.2394,0.2838,-0.1447,-0.0493
walking,4,2388,-0.2131,9.4882,0.3232,-0.1069,-0.5945,0.0488
walking,4,2441,0.0215,10.7763,0.7446,0.0461,-0.0096,0.3717
walking,4,2494,0.6009,10.058,1.5562,0.0112,-0.2467,0.2134
walking,4,2547,0.1317,7.7644,1.154,0.0469,0.2262,-0.0203
walking,4,2600,-0.0575,6.5003,1.3838,0.0815,-0.1471,0.1932
walking,4,2653,0.3615,6.936,1.6616,-0.0528,0.1194,0.0997
walking,4,2706,0.2562,7.8985,2.399,-0.1865,0.4072,-0.0248
walking,4,2759,-0.2873,9.2608,3.6129,-0.1164,0.3848,0.028
walking,4,2812,-0.079,10.1754,3.3662,-0.1596,0.4799,0.0109
walking,4,2865,-0.6177,10.4651,4.1228,-0.0981,0.4716,-0.0877
walking,4,2918,0.1341,10.4722,2.7988,-0.2374,0.9806,-0.0997
walking,4,2971,2.4205,14.358,-0.0934,-0.1897,0.9265,0.296
walking,4,3024,1.834,12.5001,1.7238,0.3459,-0.5233,-0.1737
walking,4,3077,-0.8811,9.4164,1.3934,0.4069,0.2907,-0.2425
walking,4,3130,1.5778,8.3965,1.5921,0.1423,0.3262,0.1132
walking,4,3183,1.3408,6.8474,1.5802,-0.2912,0.1572,-0.0941
walking,4,3236,0.0694,6.4811,1.3719,-0.0504,-0.3837,-0.0981
walking,4,3289,0.261,8.1379,3.0143,-0.2356,-0.0426,-0.1236
walking,4,3342,0.5602,7.5034,3.4764,-0.2678,-0.2793,-0.1913
walking,4,3395,0.0,8.9567,3.735,-0.1316,-0.2777,-0.0871
walking,4,3448,0.4166,11.9542,4.5346,-0.1655,-0.0362,-0.1663
walking,4,3501,-0.4118,10.8386,5.4468,-0.2097,-0.061,-0.3416
walking,4,3554,-0.5315,13.3213,1.652,-0.4149,-0.5764,-0.324
walking,4,3607,0.5626,9.5313,-0.6536,0.2758,-0.5614,0.1631
walking,4,3660,-0.6536,11.406,0.984,-0.1732,0.0005,0.0629
walking,4,3713,1.7909,11.6909,1.4964,0.0839,-0.1308,0.2713
walking,4,3766,0.0144,7.9104,2.0423,0.1612,0.2017,-0.0813
walking,4,3819,-0.6464,5.8802,1.6089,0.0083,0.3957,0.0655
walking,4,3872,-0.2586,6.7325,1.336,0.0909,-0.1623,0.2729
walking,4,3925,-0.0622,7.8578,2.7533,-0.1178,-0.0051,0.004
walking,4,3978,-0.2514,8.8992,3.45,-0.1927,0.2161,0.0282
walking,4,4031,-0.5243,10.8002,3.4093,-0.2172,0.3062,0.0258
walking,4,4084,-0.4453,11.3389,4.7333,-0.288,0.4429,-0.0658
walking,4,4137,0.1101,10.3717,4.3455,-0.308,0.748,-0.0959
walking,4,4190,1.2665,11.8106,0.2969,-0.3565,0.6646,0.3022
walking,4,4243,1.2546,11.1211,1.731,0.4066,0.0005,0.2193
walking,4,4296,0.8978,11.0804,1.7741,0.2995,0.2944,-0.1836
walking,4,4349,0.1628,9.5074,2.1284,0.4493,0.546,0.0232
walking,4,4402,0.5052,7.9871,1.9872,0.1663,0.1873,-0.0365
walking,4,4455,0.316,5.6838,1.0343,0.0981,-0.1639,-0.0269
walking,4,4508,0.3448,7.9631,2.5905,0.0485,-0.2089,-0.0216
walking,4,4561,0.7494,8.6933,3.0406,-0.0557,-0.211,-0.1092
walking,4,4614,0.7159,8.6095,3.553,-0.1929,-0.1391,-0.0224
walking,4,4667,0.498,11.3677,4.0941,-0.2036,-0.0093,-0.0789
walking,4,4720,-0.4764,12.0261,4.2138,-0.4565,0.1511,-0.3541
walking,4,4773,0.4334,11.7531,0.0359,0.0767,-0.3549,-0.1593
walking,4,4826,0.0503,10.149,0.5052,-0.2987,-0.8148,-0.0011
walking,4,4879,-0.8571,12.3062,1.1013,0.0813,-0.1945,0.1852
walking,4,4932,1.2785,10.1538,1.7478,0.2174,-0.2627,0.0392
walking,4,4985,0.4381,7.1658,1.64,0.0815,0.1092,-0.049
walking,4,5038,-0.4166,6.5194,1.1061,-0.0442,0.0648,0.1649
walking,4,5091,0.1365,6.8067,1.6376,0.1007,0.0,0.0786
walking,4,5144,-0.2251,7.7476,2.9497,-0.2038,0.2182,-0.0653
walking,4,5197,-0.5986,9.3063,3.6919,-0.2641,0.2723,0.0053
walking,4,5250,-0.9385,10.8888,3.8116,-0.2971,0.3,-0.0322
walking,4,5303,-0.3974,11.5927,5.6575,-0.3507,0.5457,-0.1431
walking,4,5356,1.4437,13.0915,0.6009,-0.5415,0.6427,-0.0485
walking,4,5409,1.4653,10.2951,2.083,0.0021,0.1439,-0.0029
walking,4,5462,0.9242,10.9439,1.3815,0.1689,0.6816,0.0522
walking,4,5515,0.0862,10.2137,1.7789,0.364,0.4096,0.0991
walking,4,5568,0.4693,8.4539,2.1715,0.2502,-0.0794,0.0552
walking,4,5621,0.5842,5.1739,1.5443,0.1607,-0.1761,0.045
walking,4,5674,0.1939,7.027,2.2697,0.2148,-0.2281,0.0067
walking,4,5727,0.7494,8.3151,3.2801,-0.1095,-0.0402,-0.1801
walking,4,5780,0.5052,8.679,3.3279,-0.3107,-0.0152,-0.2318
walking,4,5833,0.1245,10.9439,4.0725,-0.1982,-0.0746,-0.2025
walking,4,5886,-0.723,11.0492,5.272,-0.4149,-0.0072,-0.3944
walking,4,5939,-0.3783,13.9103,0.5842,-0.49,-0.6574,-0.3957
walking,4,5992,0.1987,11.0301,0.395,-0.0525,-0.5199,-0.0181
walking,4,6045,1.1277,9.3518,1.4581,-0.194,0.3581,-0.2875
walking,4,6098,-1.1061,11.6478,1.7238,-0.028,-0.4509,-0.0429
walking,4,6151,-0.3112,7.7883,2.7773,0.1194,0.0637,-0.0743
walking,4,6204,-0.3017,5.3486,1.6041,0.1159,-0.2918,0.2587
walking,4,6257,-0.1724,6.3997,1.7382,0.2177,-0.0464,0.3288
walking,4,6310,0.0144,7.3837,2.2505,-0.0426,0.1383,0.0943
walking,4,6363,-0.8978,9.1698,3.2609,0.1604,0.2345,0.2188
walking,4,6416,-0.9768,10.9726,3.5458,0.0048,0.461,0.1639
walking,4,6469,-0.9026,11.6909,4.0534,-0.0099,0.3856,0.0248
walking,4,6522,-0.431,11.9878,2.7533,-0.4143,0.6347,-0.057
walking,4,6575,1.4365,10.1754,0.2705,0.3858,0.056,0.1284
walking,4,6628,2.4062,10.2017,1.4605,0.0863,0.3088,-0.0978
walking,4,6681,0.1077,9.9479,0.7278,0.1977,0.6142,-0.0464
walking,4,6734,0.5674,9.5792,1.968,0.2276,0.2188,0.0408
walking,4,6787,0.826,7.2113,2.0183,-0.1151,0.0568,-0.1375
walking,4,6840,0.3831,6.4356,1.719,0.0954,-0.0898,0.0298
walking,4,6893,0.5267,8.1858,2.5307,-0.0578,-0.0655,-0.0035
walking,4,6946,0.4046,8.9926,3.2106,-0.0655,-0.1932,-0.052
walking,4,6999,0.5004,9.9072,3.158,-0.0501,-0.2864,-0.016
walking,4,7052,0.2586,11.904,4.0534,-0.1327,-0.1018,-0.1127
walking,4,7105,-0.2346,11.3533,4.0989,-0.2459,0.0109,-0.2766
walking,4,7158,0.7949,12.2751,-0.5962,-0.2073,-0.2806,-0.1836
walking,4,7211,-0.0263,9.9192,0.2131,-0.2473,-0.8985,-0.0029
walking,4,7264,-0.0455,10.5177,0.7949,0.2414,-0.1114,0.1612
walking,4,7317,1.5131,9.5624,1.6616,0.3059,-0.0914,0.1428
walking,4,7370,0.3591,7.3406,1.506,0.0288,0.3957,-0.0029
walking,4,7423,-0.4812,6.1316,0.9313,-0.0565,0.3323,0.1745
walking,4,7476,0.0742,7.2664,1.5993,0.1146,0.1657,0.1924
walking,4,7529,-0.261,8.9998,2.8778,-0.1095,0.4021,0.0205
walking,4,7582,-0.1484,9.5936,3.067,-0.1268,0.5329,0.0003
walking,4,7635,-0.7039,10.9343,3.4285,-0.2787,0.4986,-0.0059
walking,4,7688,-0.6249,12.3852,3.8906,-0.4437,0.6427,-0.1039
walking,4,7741,1.2977,11.8441,0.395,-0.0922,0.1908,0.004
walking,4,7794,2.5043,10.2687,1.5419,0.2089,0.1298,0.0807
walking,4,7847,1.1684,10.4866,1.0894,0.0951,0.8308,-0.0059
walking,4,7900,0.2035,9.9335,1.0319,0.5028,0.3182,0.0711
walking,4,7953,1.0008,7.8075,1.6927,0.3373,0.0338,-0.0282
walking,4,8006,0.5578,5.7988,1.1061,0.1982,-0.0879,0.0093
walking,4,8059,0.4453,8.3246,2.047,0.0671,0.0218,0.065
walking,4,8112,0.6177,9.3422,2.5474,-0.1156,-0.0879,-0.105
walking,4,8165,0.4836,9.1985,3.5314,-0.2062,-0.0485,-0.1676
walking,4,8218,1.7166,10.8218,3.3136,-0.4423,0.037,0.0317
walking,4,8271,-0.9074,12.8617,3.5865,-0.8489,0.3728,-0.2659
walking,4,8324,0.2801,11.8681,-0.3639,0.0629,-0.1785,-0.0061
walking,4,8377,0.3017,9.3541,0.9218,-0.0237,-0.4732,0.1319
walking,4,8430,-0.1915,10.6303,0.316,0.0695,0.033,0.239
walking,4,8483,1.2043,9.9407,1.2498,0.307,-0.057,0.1753
walking,4,8536,0.4549,7.8123,1.3886,0.0533,0.3552,-0.1098
walking,4,8589,-0.7111,6.6128,1.0918,0.0016,0.1522,0.1684
walking,4,8642,-0.1796,7.331,1.3934,0.0493,0.0496,0.1058
walking,4,8695,0.0838,8.7245,2.8683,-0.2513,0.1919,-0.0261
walking,4,8748,-0.2107,9.8713,3.0406,-0.3259,0.4191,0.0085
walking,4,8801,-1.2689,11.0636,3.0933,-0.4434,0.4002,0.0133
walking,4,8854,-1.1085,11.3318,4.6232,-0.5105,0.603,-0.1471
walking,4,8907,1.5682,12.7635,0.4166,-0.4455,0.4786,0.0061
walking,4,8960,2.5977,11.0588,1.6927,0.0978,-0.0466,0.1186
walking,4,9013,1.6496,10.2592,0.8835,0.1468,0.4048,-0.0733
walking,4,9066,0.6033,9.4523,1.3384,0.3531,0.5055,0.1327
walking,4,9119,0.4645,8.6718,1.9106,0.2641,-0.0946,0.056
walking,4,9172,0.8452,6.6152,1.6472,0.0171,-0.004,-0.0072
walking,4,9225,0.7781,7.6231,1.6352,0.0029,-0.1911,0.0839
walking,4,9278,0.5363,8.5401,2.727,0.012,-0.0853,-0.0064
walking,4,9331,0.5171,8.3342,3.1699,-0.1585,-0.2475,-0.0759
walking,4,9384,0.8595,8.9878,3.6464,-0.3597,-0.2052,-0.113
walking,4,9437,-0.3328,10.4435,4.6735,-0.6563,-0.4242,-0.2907
walking,4,9490,0.8619,10.9104,4.5346,-0.8167,-0.5596,-0.2795
walking,4,9543,0.8906,15.4211,-0.929,0.3712,-1.0485,0.1148
walking,4,9596,0.0622,9.2368,1.8675,0.1423,-0.5172,0.0783
walking,4,9649,0.182,11.8752,1.4317,0.0733,-0.1921,0.142
walking,4,9702,0.9816,10.3238,2.0614,0.3683,-0.0655,-0.1196
walking,4,9755,0.3998,7.1347,1.6328,0.1298,0.3794,-0.3488
walking,4,9808,0.5076,6.1794,1.0558,0.1077,-0.324,0.1423
walking,4,9861,0.0096,8.1618,1.7549,-0.0749,-0.1263,0.0384
walking,4,9914,0.4166,9.2847,2.6001,-0.2811,0.0386,-0.126
walking,4,9967,0.2514,8.7173,3.2322,-0.2073,0.2846,-0.0965
walking,4,10020,-0.3759,9.2201,3.8618,-0.4623,0.3872,-0.0048
walking,4,10073,-0.6129,10.6877,4.063,-0.5263,0.34,-0.0061
walking,4,10126,0.3304,13.2663,2.6695,-0.8167,0.6694,-0.1444
walking,4,10179,1.3815,9.8593,0.8667,0.4778,-0.1399,-0.0155
walking,4,10232,2.8395,9.1746,2.1955,0.2763,0.6267,-0.0149
walking,4,10285,0.4142,10.6853,1.7502,-0.0048,0.789,0.1303
walking,4,10338,-0.3041,9.5265,2.3176,0.388,0.2979,0.0128
walking,4,10391,0.6871,7.3478,1.8866,0.1167,-0.1796,-0.093
walking,4,10444,0.395,8.7364,2.1787,0.2265,-0.2172,0.0064
walking,4,10497,1.5897,10.0604,2.9137,-0.0125,-0.1585,-0.0003
walking,4,10550,0.9218,8.4707,2.4421,-0.1207,0.0927,-0.122
walking,4,10603,0.2729,8.1211,2.6959,-0.4018,-0.2878,-0.2004
walking,4,10656,0.6273,10.9463,2.7102,-0.7091,-0.3709,-0.3014
walking,4,10709,0.17,12.1003,1.6568,-0.5838,-0.3206,-0.3126
walking,4,10762,0.893,9.7707,2.0614,0.1156,-0.2196,0.024
walking,4,10815,0.4597,9.3182,1.0391,-0.1196,-0.2414,-0.0224
walking,4,10868,0.1053,10.5608,1.6903,-0.053,0.0317,0.0192
walking,4,10921,0.3304,9.1195,2.0159,0.0863,-0.0187,-0.1383
walking,4,10974,0.4238,8.5832,2.1332,-0.0597,-0.0482,0.0328
walking,4,11027,-0.0072,9.3853,2.0542,-0.1569,0.0863,0.1143
walking,4,11080,0.1006,9.3015,2.4325,-0.0994,-0.0157,-0.0432
walking,4,11133,0.1365,9.2249,2.308,-0.0975,0.0165,-0.0264
walking,5,2,0.0431,9.323,2.7102,0.0757,-0.0549,-0.0187
walking,5,56,-0.0599,9.1506,2.8347,0.0957,-0.0568,-0.0256
walking,5,109,-0.0646,9.4284,3.1173,0.0051,-0.016,-0.0418
walking,5,162,-0.0599,9.5241,3.4213,-0.0552,0.0296,-0.048
walking,5,215,-0.1796,9.1913,3.1603,0.0464,-0.0655,-0.0245
walking,5,268,-0.3567,8.7652,3.0861,0.0965,-0.1106,0.0152
walking,5,321,-0.1987,8.9088,3.0526,0.1042,-0.1503,0.0336
walking,5,374,-0.067,8.8753,3.2992,0.0789,-0.0733,0.057
walking,5,427,0.0407,8.9663,3.4572,-0.0336,0.0901,0.0877
walking,5,480,-0.4453,9.663,3.7062,-0.1471,0.1458,0.0826
walking,5,533,-0.3304,10.2879,3.723,-0.2044,0.1913,-0.0304
walking,5,586,-0.3017,9.6869,3.553,-0.1631,0.3064,-0.1561
walking,5,639,-0.3807,9.8761,2.9137,-0.1092,0.4138,-0.1487
walking,5,692,-0.4214,10.319,2.1117,-0.0845,0.5121,-0.2843
walking,5,745,0.8188,9.6103,2.4253,0.0514,0.6869,-0.2782
walking,5,798,1.5419,8.7676,1.3791,0.1442,0.5345,-0.0874
walking,5,851,1.3958,9.8569,2.4229,0.0437,0.6411,0.1743
walking,5,904,0.6129,10.2065,2.32,0.1671,0.312,0.1801
walking,5,957,0.8787,8.8681,2.4253,0.3118,0.1916,0.2236
walking,5,1010,0.9122,8.3151,2.3583,0.3291,0.1641,0.2976
walking,5,1063,1.0511,9.0046,2.3032,0.1825,0.2185,0.2372
walking,5,1116,1.5203,9.0884,2.9185,0.1394,0.3627,0.2033
walking,5,1169,0.9673,9.0022,3.0287,-0.0536,0.466,0.1407
walking,5,1222,0.759,8.9088,2.897,0.0861,0.4892,0.1825
walking,5,1275,1.0965,9.4619,3.2034,-0.1226,0.2947,0.0669
walking,5,1328,1.2115,11.1785,3.3639,-0.3389,0.4202,0.0493
walking,5,1381,0.4932,13.781,1.3743,-0.4775,0.328,-0.1681
walking,5,1434,0.6728,10.2879,1.2139,0.1029,-0.0735,-0.0237
walking,5,1487,0.2945,9.0597,0.0982,-0.0898,-0.3797,-0.0152
walking,5,1540,0.0551,11.3222,1.1301,-0.0338,-0.1729,0.1338
walking,5,1593,1.2641,9.4882,1.4796,0.028,-0.0112,-0.1191
walking,5,1646,-0.0814,7.592,1.8579,0.04,-0.0237,-0.1506
walking,5,1699,-0.1245,7.3526,1.3168,-0.174,0.0093,0.1055
walking,5,1752,0.2179,8.4851,1.9393,-0.1471,-0.0733,-0.041
walking,5,1805,-0.0215,8.7484,2.6863,-0.2148,-0.064,-0.1034
walking,5,1858,-0.4118,9.0429,3.2274,-0.2281,0.1042,0.0171
walking,5,1911,0.0,9.8521,3.8164,-0.3552,0.397,0.064
walking,5,1964,-0.5674,10.9774,3.2441,-0.3445,0.4519,-0.0568
walking,5,2017,0.9457,14.0372,2.1931,-0.3557,0.7416,-0.0533
walking,5,2070,1.1085,9.5337,1.8364,0.5481,-0.4221,-0.3144
walking,5,2123,3.1244,7.6758,0.6105,0.0288,0.9705,0.0381
walking,5,2176,0.1269,11.6286,1.9106,0.0376,0.3848,0.1729
walking,5,2229,0.7733,10.0078,1.8076,0.1055,-0.2049,-0.2619
walking,5,2282,0.9122,7.7021,1.7286,0.3246,-0.2566,-0.0637
walking,5,2335,0.5818,7.8123,2.071,0.2721,0.0621,0.121
walking,5,2388,0.9361,7.8602,1.9393,-0.0112,0.0301,-0.0264
walking,5,2441,0.759,8.8705,2.8659,0.0392,0.0829,-0.045
walking,5,2494,0.6919,8.8657,3.0215,0.016,0.0381,-0.0037
walking,5,2547,0.6225,9.4044,2.8946,-0.1692,-0.0096,-0.0208
walking,5,2600,0.8859,11.0397,3.9433,-0.1937,-0.0013,0.0285
walking,5,2653,-0.237,12.7922,2.9305,-0.692,0.0341,-0.2238
walking,5,2706,0.3041,11.9734,-0.2466,0.1074,-0.1932,0.0552
walking,5,2759,0.929,9.1051,0.929,0.0203,-0.7645,0.0927
walking,5,2812,0.0742,9.9527,0.4693,0.0538,-0.1367,0.2577
walking,5,2865,1.1085,10.5943,1.2522,0.1148,-0.2038,0.0669
walking,5,2918,0.5507,7.2856,1.4557,0.1055,0.3363,-0.13
walking,5,2971,-0.5507,7.4603,1.2091,-0.0181,-0.0839,0.1924
walking,5,3024,0.1293,8.442,2.1931,-0.0458,0.0237,0.0226
walking,5,3077,0.1389,8.6167,2.9497,-0.1029,0.0536,-0.0698
walking,5,3130,0.1604,8.5042,2.7007,-0.1687,0.4437,0.036
walking,5,3183,-0.2203,10.5441,3.0765,-0.4386,0.5135,-0.0069
walking,5,3236,0.0575,13.2375,3.4141,-0.6142,0.8026,-0.2188
walking,5,3289,2.0063,11.157,-0.4094,0.0179,0.1831,-0.1148
walking,5,3342,2.3798,10.5177,1.9297,0.2571,0.2212,-0.0277
walking,5,3395,1.2234,10.8912,1.1851,0.0104,0.8242,0.0687
walking,5,3448,0.0287,8.8729,1.585,0.5476,0.0895,0.061
walking,5,3501,0.7374,6.2082,1.6616,0.2451,-0.1039,0.0093
walking,5,3554,0.7542,6.3303,1.2234,0.117,-0.295,0.073
walking,5,3607,1.0702,8.3318,2.4469,0.025,-0.2979,0.0791
walking,5,3660,0.6656,8.5545,3.3447,-0.0933,-0.2976,-0.0994
walking,5,3713,1.087,9.0309,3.3016,-0.211,-0.2286,-0.129
walking,5,3766,0.8499,12.3421,4.4173,-0.5145,-0.0155,-0.3131
walking,5,3819,-0.3926,12.6653,3.3854,-0.5985,-0.0253,-0.5505
walking,5,3872,0.8595,12.378,-1.9728,0.182,-0.6891,-0.3091
walking,5,3925,-0.6464,11.6598,1.4557,-0.1785,-0.5934,-0.048
walking,5,3978,-0.2705,11.643,0.747,0.1809,0.1889,0.0997
walking,5,4031,0.814,8.8035,1.5874,0.5015,-0.1244,0.1423
walking,5,4084,-0.1724,6.4524,1.0391,0.1724,0.4397,-0.1077
walking,5,4137,-0.8691,6.0382,0.5578,0.0919,-0.0384,0.2334
walking,5,4190,0.2059,7.5657,1.6855,-0.0216,-0.1274,0.2324
walking,5,4243,-0.1245,8.9328,2.5786,-0.3102,0.1543,0.0211
walking,5,4296,-0.4166,10.5704,3.0047,-0.2721,0.5465,0.0458
walking,5,4349,-0.3472,11.9016,3.7876,-0.4698,0.5428,-0.0365
walking,5,4402,-0.0718,13.1035,2.4972,-0.5902,0.7869,-0.117
walking,5,4455,1.9393,10.2113,0.3783,-0.0709,0.4162,0.0139
walking,5,4508,2.5666,10.4531,1.9273,0.1122,0.1961,-0.1007
walking,5,4561,-0.6416,10.252,1.4605,0.2292,0.5239,0.0794
walking,5,4614,0.4621,8.8562,2.1165,0.3126,0.1985,0.1391
walking,5,4667,1.1947,6.4548,2.2841,0.0013,0.0048,-0.0621
walking,5,4720,0.1652,6.6056,1.8771,-0.0381,-0.5265,0.0141
walking,5,4773,0.6871,9.1195,2.6935,0.1892,-0.5425,0.0336
walking,5,4826,1.0774,8.7317,3.3782,0.1159,-0.3816,-0.1884
walking,5,4879,1.3503,9.4332,3.3495,-0.1423,-0.2036,-0.1559
walking,5,4932,0.2059,11.5209,4.7022,-0.4021,0.1255,-0.203
walking,5,4985,-0.759,14.121,0.3591,-0.6765,-0.3741,-0.4098
walking,5,5038,-0.486,10.1682,-0.0742,-0.1559,-0.9912,0.0738
walking,5,5091,-0.5291,12.2009,0.8906,0.0512,-0.5457,0.0847
walking,5,5144,1.494,10.6518,1.7789,0.3184,-0.1255,0.0485
walking,5,5197,0.498,7.1156,1.6281,0.3104,-0.1671,0.0354
walking,5,5250,-0.8739,6.1842,1.2953,0.0149,0.433,0.0925
walking,5,5303,-0.3711,7.1299,1.1444,0.1111,-0.2057,0.194
walking,5,5356,0.1365,8.4946,2.32,-0.0349,-0.0834,-0.0179
walking,5,5409,-0.3496,9.1267,3.1125,-0.1596,0.1625,-0.0266
walking,5,5462,-0.5171,11.0205,2.9497,-0.3781,0.3842,-0.0304
walking,5,5515,-0.7709,11.6717,4.5897,-0.4013,0.6089,-0.1604
walking,5,5568,1.5251,12.6342,-0.0599,-0.486,0.5838,-0.0597
walking,5,5621,1.968,10.6566,1.5586,0.158,-0.222,0.1007
walking,5,5674,1.2809,11.4826,1.3862,0.0434,0.4096,-0.1244
walking,5,5727,0.0694,9.5648,1.3599,0.457,0.3445,0.041
walking,5,5780,0.6297,8.0493,2.0327,0.3262,-0.1023,0.0117
walking,5,5833,0.5626,5.8873,1.4317,-0.0853,-0.0136,-0.1508
walking,5,5886,0.1556,7.3047,2.2458,0.0568,-0.17,0.0133
walking,5,5939,0.5076,8.6215,3.1867,0.0477,-0.1327,-0.037
walking,5,5992,0.8212,8.7053,3.0957,-0.1444,-0.2958,-0.0514
walking,5,6045,1.2258,11.6909,4.1324,-0.3872,0.0392,-0.0986
walking,5,6098,-1.0223,13.8122,2.2051,-0.4842,-0.0301,-0.3882
walking,5,6151,0.929,10.9726,-0.7661,0.3035,-0.2577,-0.0296
walking,5,6204,-0.1963,10.6063,0.4453,-0.2004,-0.8239,-0.1335
walking,5,6257,-0.2777,11.169,0.2873,0.1604,-0.1863,0.0855
walking,5,6310,1.1516,9.7133,1.7573,0.2118,-0.3206,0.0919
walking,5,6363,0.5124,7.0222,1.6735,-0.1031,0.263,-0.0626
walking,5,6416,-0.6943,6.1268,0.8475,0.0706,-0.1951,0.2092
walking,5,6469,-0.0622,7.6662,1.7023,0.1274,0.0346,0.0895
walking,5,6522,-0.079,9.0381,2.9928,-0.1964,0.1324,-0.0624
walking,5,6575,0.0622,10.4172,2.9736,-0.1434,0.2742,-0.0184
walking,5,6628,-0.7302,11.959,3.7613,-0.4445,0.5697,-0.0397
walking,5,6681,0.419,13.7451,1.8076,-0.5977,0.7994,-0.1713
walking,5,6734,1.7478,9.505,0.4357,0.4519,-0.1476,0.0093
walking,5,6787,2.7054,9.7971,1.1109,0.1154,0.5582,0.0522
walking,5,6840,0.2131,11.2192,1.0104,-0.0285,0.6584,0.0067
walking,5,6893,0.5507,9.0788,1.664,0.3704,0.1055,-0.02
walking,5,6946,1.0463,6.7732,1.7717,0.1327,0.0717,-0.0951
walking,5,6999,0.5171,6.4308,1.5036,-0.0053,0.0288,-0.0141
walking,5,7052,0.6632,8.4755,2.399,-0.0781,-0.0402,0.0197
walking,5,7105,0.7685,9.7779,3.2753,-0.1572,-0.0685,-0.1391
walking,5,7158,0.8523,10.3621,3.4477,-0.2022,-0.1548,-0.1362
walking,5,7211,0.2993,11.6238,4.1659,-0.2284,-0.0493,-0.1809
walking,5,7264,-0.6393,13.2208,1.9417,-0.32,-0.1287,-0.2787
walking,5,7317,0.589,10.3406,-0.6369,0.1247,-0.7024,0.0682
walking,5,7370,-0.486,10.307,0.0886,0.0538,-0.6536,0.0402
walking,5,7423,1.0822,10.6925,0.6488,0.2169,-0.1258,0.1442
walking,5,7476,1.0774,8.6239,1.0199,0.1082,-0.0309,0.0629
walking,5,7529,-0.3208,6.8043,0.9457,-0.0189,0.412,-0.0224
walking,5,7582,-0.4238,7.1754,0.9864,0.101,0.1095,0.2523
walking,5,7635,0.0886,8.3917,2.1524,0.0277,0.1929,0.0163
walking,5,7688,-0.1939,9.1291,2.7461,-0.2419,0.3616,-0.0229
walking,5,7741,-0.395,9.8881,2.4349,-0.3661,0.2918,-0.008
walking,5,7794,-1.3527,11.8369,3.8283,-0.4002,0.385,-0.1026
walking,5,7847,0.1197,13.7858,2.3128,-0.587,0.3765,-0.0989
walking,5,7900,1.7645,9.9359,0.5626,0.2635,-0.3877,0.0301
walking,5,7953,3.1244,9.9527,0.9266,-0.033,0.5057,0.1498
walking,5,8006,0.079,10.8625,0.838,0.0866,0.4327,0.0941
walking,5,8059,0.8045,8.7197,1.5921,0.5095,0.0709,-0.0616
walking,5,8112,1.3431,6.5553,1.5036,0.1935,0.1969,-0.1111
walking,5,8165,0.5339,7.1419,1.585,-0.0021,0.11,0.0429
walking,5,8218,0.6201,9.0668,2.4469,0.052,0.0568,0.029
walking,5,8271,0.5938,9.2033,3.0191,-0.0773,-0.1996,-0.1402
walking,5,8324,1.4365,10.5058,3.2298,-0.1873,-0.1527,-0.0677
walking,5,8377,0.2538,12.0117,4.4963,-0.4541,0.1071,-0.1306
walking,5,8430,-0.9768,13.6829,0.7709,-0.3499,-0.3533,-0.1607
walking,5,8483,-0.0599,9.5888,-0.0551,0.0965,-0.833,0.1652
walking,5,8536,0.0718,9.924,-0.3926,0.0687,-0.5486,0.1162
walking,5,8589,1.6496,10.8074,0.747,0.1607,-0.2515,0.194
walking,5,8642,0.8404,8.5928,1.4317,0.057,-0.0317,0.0248
walking,5,8695,-0.3041,6.6415,1.2258,-0.1828,0.3275,0.0045
walking,5,8748,-0.158,6.9456,0.814,0.0216,0.0325,0.1943
walking,5,8801,0.2442,8.8562,2.1332,-0.0091,0.0903,0.0309
walking,5,8854,-0.2035,9.5696,2.7581,-0.2769,0.2044,0.0051
walking,5,8907,-0.1676,10.3693,2.7294,-0.2302,0.2465,0.012
walking,5,8960,-0.3735,11.4467,3.9744,-0.376,0.4519,-0.0661
walking,5,9013,0.8356,13.611,2.1045,-0.6331,0.5841,-0.126
walking,5,9066,1.1923,9.9264,0.644,0.1178,-0.2497,-0.0554
walking,5,9119,2.3224,8.9423,0.9936,0.0405,0.3675,0.0179
walking,5,9172,0.8212,10.635,1.1516,0.0341,0.4261,0.0064
walking,5,9225,0.5674,9.4164,1.5251,0.2164,0.0951,-0.1362
walking,5,9278,0.8332,7.5202,1.5131,0.1236,-0.0032,-0.1652
walking,5,9331,0.4381,7.0437,1.8124,0.1652,-0.1271,-0.04
walking,5,9384,0.5171,8.2791,2.2482,0.0637,-0.2574,-0.0133
walking,5,9437,0.6464,8.746,2.8084,-0.0397,-0.2457,-0.0794
walking,5,9490,0.893,9.7923,2.8156,-0.2161,-0.1442,-0.04
walking,5,9543,0.5171,11.9902,4.0749,-0.2958,-0.207,-0.1801
walking,5,9596,-0.6823,13.465,2.9305,-0.6544,-0.0783,-0.4128
walking,5,9649,0.3184,11.0468,-0.8236,-0.069,-0.5564,-0.2158
walking,5,9702,-0.103,8.8945,0.8739,0.0157,-0.9009,-0.1063
walking,5,9755,0.9002,9.9455,0.9864,0.0762,-0.2305,0.0781
walking,5,9808,1.2139,9.6343,1.6448,0.065,-0.2182,0.0011
walking,5,9861,-0.0024,7.3358,1.7837,-0.1183,0.2084,-0.1569
walking,5,9914,-0.3591,7.2856,1.391,-0.0021,-0.012,0.1601
walking,5,9967,-0.1915,8.7364,2.1117,0.1196,0.0685,0.0677
walking,5,10020,0.0239,9.1267,2.5235,-0.2534,0.1511,-0.0083
walking,5,10073,0.3328,9.5648,2.794,-0.2635,0.4543,0.0498
walking,5,10126,-0.5124,10.7141,3.4046,-0.3976,0.6094,0.0003
walking,5,10179,0.8068,14.4418,2.1452,-0.6062,0.9505,-0.0141
walking,5,10232,1.8914,10.1634,1.3384,0.559,-0.0245,0.0562
walking,5,10285,2.2673,8.7771,1.6568,0.1831,0.6995,0.1617
walking,5,10338,0.7087,10.2711,1.221,0.2217,0.7581,0.2811
walking,5,10391,1.0008,8.9208,1.4437,0.5087,0.1791,0.1037
walking,5,10444,1.6017,6.9863,1.3719,0.3158,0.1996,0.0115
walking,5,10497,1.3336,8.6622,1.47,0.0925,0.2667,0.2388
walking,5,10550,1.5921,9.8617,1.6975,0.0056,0.198,0.0424
walking,5,10603,1.5155,9.0405,2.3008,-0.1199,0.2491,-0.1583
walking,5,10656,0.9601,10.1011,2.5402,-0.3746,0.1143,-0.1034
walking,5,10709,0.5866,10.6279,2.2098,-0.3475,0.0024,-0.1623
walking,5,10762,0.6728,11.4179,-0.2131,-0.2212,0.0743,-0.222
walking,5,10815,1.6041,9.5912,0.8164,0.1764,-0.1879,0.0741
walking,5,10868,0.6393,10.0628,0.1125,-0.0754,0.319,0.0408
walking,5,10921,1.166,10.7811,0.7949,0.1015,0.441,0.2302
walking,5,10974,0.4597,9.8186,0.929,0.045,0.3698,-0.0037
walking,5,11027,0.2514,9.1459,0.917,0.025,0.3373,0.1148
walking,5,11080,0.4645,9.7468,0.6464,0.0176,0.2217,0.1788
walking,5,11133,0.8787,9.5672,0.8452,-0.1748,0.2721,0.0155
walking,5,11186,0.7422,9.4092,1.0032,-0.2745,0.4346,0.0445
walking,5,11239,0.7757,9.9575,1.3671,-0.2742,0.5716,0.044
walking,5,11292,0.9361,9.912,1.7047,-0.2385,0.4146,0.0576
walking,5,11345,0.9266,9.6343,1.743,-0.2001,0.4173,0.0402
running,1,2,1.1588,9.3518,2.6408,-0.0373,0.0608,-0.0187
running,1,56,1.2163,9.4619,2.7198,-0.0357,0.0608,-0.0107
running,1,109,1.1756,9.4092,2.6264,-0.0626,0.053,-0.0245
running,1,162,1.1923,9.4571,2.7126,-0.0445,0.053,-0.016
running,1,215,1.2282,9.3757,2.6959,-0.0509,0.0477,-0.0256
running,1,268,1.154,9.3996,2.6624,-0.0477,0.0368,-0.0221
running,1,321,1.2354,9.4332,2.7102,-0.0488,0.0336,-0.0237
running,1,374,1.1779,9.4451,2.727,-0.0496,0.0448,-0.0173
running,1,427,1.2234,9.426,2.6911,-0.0392,0.0381,-0.0131
running,1,480,1.1923,9.3374,2.6839,-0.0298,0.0346,-0.0144
running,1,533,1.1588,9.2727,2.8084,-0.0189,0.049,-0.0016
running,1,586,0.9601,9.1961,2.7342,-0.025,0.0352,-0.0037
running,1,639,1.1756,9.6654,3.0239,0.0064,0.0237,0.0045
running,1,692,1.3336,9.1554,3.1316,0.1082,-0.0085,0.0514
running,1,745,1.2665,8.9519,3.067,0.0954,0.0173,0.0786
running,1,798,1.4246,9.6941,3.1651,0.1055,0.0253,0.0586
running,1,851,1.3791,9.3182,3.2992,0.1284,0.0011,0.0171
running,1,904,1.2522,9.0501,3.2777,0.0909,0.0344,0.0386
running,1,957,1.3312,9.153,3.1532,0.1543,0.0032,-0.0091
running,1,1010,1.4653,9.2009,3.0981,0.1671,-0.0232,-0.0645
running,1,1063,1.3072,9.1985,3.0143,0.1865,0.037,-0.0738
running,1,1116,1.0391,9.0214,3.0502,0.2196,0.0973,-0.061
running,1,1169,1.312,9.0477,3.1987,0.251,0.0663,-0.1146
running,1,1222,1.2953,9.165,3.2034,0.2145,-0.0131,-0.1844
running,1,1275,1.1732,9.7875,3.225,0.2236,0.06,-0.1977
running,1,1328,1.1588,9.8306,3.1292,0.2028,0.02,-0.1503
running,1,1381,0.9673,9.6869,2.8036,0.1346,-0.0711,-0.2164
running,1,1434,0.8906,11.4419,1.9058,-0.0061,-0.1671,-0.2742
running,1,1487,0.8356,10.5465,1.8723,0.1671,0.0624,-0.1974
running,1,1540,-0.2418,7.9296,-0.3376,0.8098,-0.2699,-0.1332
running,1,1593,-0.2538,9.2656,1.0918,0.4812,-0.1724,-0.0949
running,1,1646,0.3639,11.1977,1.0965,0.2393,0.1998,0.0083
running,1,1699,0.249,8.7915,1.4198,0.3059,0.2872,0.0613
running,1,1752,-1.0487,7.422,1.4629,0.1212,-0.279,0.1471
running,1,1805,-0.6823,9.4188,1.1684,0.0978,-0.1737,-0.1298
running,1,1858,-0.6512,11.0923,1.9896,0.2422,-0.1274,-0.2433
running,1,1911,-1.4078,12.4475,2.1644,-0.1263,-0.1167,-0.0538
running,1,1964,-0.3543,9.0429,0.9457,0.0197,0.5915,0.0312
running,1,2017,3.7493,6.2321,-2.5259,0.1455,0.7504,0.3976
running,1,2070,4.7022,8.4084,-0.7614,0.1982,0.8711,0.4946
running,1,2123,2.3631,14.7196,0.1484,-0.1356,1.0403,0.3746
running,1,2176,-0.2658,12.5169,0.8811,0.5177,0.9518,0.4397
running,1,2229,1.5251,12.0189,1.5802,0.1935,0.7133,-0.1388
running,1,2282,0.8332,11.2911,1.4796,0.4756,0.121,-0.4159
running,1,2335,1.0295,9.5265,0.5028,0.5753,0.0117,-0.239
running,1,2388,1.2857,5.0063,0.668,0.2257,0.0821,-0.146
running,1,2441,1.7693,0.8404,-2.6839,-0.1082,-0.3491,-0.1005
running,1,2494,0.9529,2.2889,-4.5035,-0.2635,-0.7797,-0.2686
running,1,2547,-2.1308,19.5726,-0.5531,-0.3219,-0.7008,-0.1252
running,1,2600,2.0806,18.2462,1.2474,0.0464,0.1186,0.3091
running,1,2653,0.2634,14.7291,2.5977,-0.0997,-1.4061,0.5694
running,1,2706,-1.245,12.4379,1.075,-0.4112,-1.0648,0.0805
running,1,2759,0.3639,6.8378,0.6345,0.0674,-0.5553,-0.1252
running,1,2812,2.0111,-0.0431,-2.0016,-0.0719,0.1511,-0.0376
running,1,2865,5.4061,-5.2289,-0.6536,-0.7266,1.622,0.405
running,1,2918,4.9536,6.019,-0.5818,-0.396,1.6433,-0.1799
running,1,2971,-1.8459,34.3999,-3.134,0.789,0.8647,0.5705
running,1,3024,3.055,14.03,2.7749,0.6161,1.6036,0.2212
running,1,3077,0.2634,12.5672,2.5091,0.2268,0.7554,-0.048
running,1,3130,0.0024,5.6288,0.0335,0.1711,0.3675,-0.6448
running,1,3183,1.3001,2.5259,-2.1189,0.3645,-0.0333,-0.6171
running,1,3236,1.4916,-0.5459,-1.4892,-0.647,0.0192,-0.214
running,1,3289,4.2665,8.6239,-5.1619,-0.2049,-0.3112,0.6968
running,1,3342,-4.4796,29.1135,2.727,-0.316,-1.3971,0.1383
running,1,3395,-2.2194,13.5344,-0.4741,0.3264,-1.9313,-0.372
running,1,3448,0.1987,13.0843,0.8404,-0.5412,-1.3925,-0.6552
running,1,3501,3.7469,7.7764,0.2538,-0.4759,-0.4722,0.3608
running,1,3554,0.9912,2.1021,-0.6129,-0.1572,-0.417,0.6153
running,1,3607,1.9321,-1.2378,0.2538,-0.2742,1.0229,0.1783
running,1,3660,5.7437,-2.9209,-2.8347,0.029,0.9992,-0.1196
running,1,3713,5.7078,43.7181,-2.3008,0.1164,-0.2257,0.5167
running,1,3766,1.8914,16.0292,3.4165,0.4271,1.8842,0.4351
running,1,3819,1.2019,13.7379,1.1995,0.2049,0.3395,-0.4351
running,1,3872,-0.5363,3.802,0.5124,0.3365,0.4285,-0.7951
running,1,3925,0.8523,-0.2658,-2.5235,0.1061,0.1548,-0.5598
running,1,3978,2.217,0.9529,-1.4006,-0.5889,-0.0874,-0.3613
running,1,4031,0.6967,2.8084,-3.7924,0.057,-2.1437,-0.1839
running,1,4084,-5.8466,47.1155,-4.2329,-0.4788,-1.2907,-0.773
running,1,4137,-0.5626,13.2758,1.8579,0.2854,-1.9825,-0.3317
running,1,4190,1.5179,10.4148,0.9792,-0.8247,-1.3363,-0.1108
running,1,4243,1.8866,1.3862,0.6919,-0.4365,-1.2652,0.5929
running,1,4296,2.7725,-0.0646,-2.1452,-0.1356,-0.0669,0.7845
running,1,4349,2.2386,0.0838,0.1556,-0.3174,1.5284,-0.2289
running,1,4402,4.9416,9.6678,-1.5897,0.218,1.3288,-0.8735
running,1,4455,1.2306,24.6292,-0.0862,0.1633,1.6864,0.9169
running,1,4508,-0.0646,14.3125,3.4931,0.5961,1.9167,0.323
running,1,4561,-0.1652,9.1578,-0.5746,-0.2998,1.5047,-0.1916
running,1,4614,0.0646,0.1125,-0.3855,0.2928,0.7171,-0.7853
running,1,4667,0.3567,-0.1963,-2.8323,-0.0477,-0.0189,-0.6022
running,1,4720,1.4198,2.0638,-3.3639,-0.219,-0.7155,0.1308
running,1,4773,-2.9185,26.0848,-2.8539,-1.0904,-0.753,0.1175
running,1,4826,0.1389,19.7234,1.8052,0.3821,-0.9902,0.061
running,1,4879,-1.5107,14.528,3.486,-0.0653,-1.7757,-0.0783
running,1,4932,1.3024,5.9017,-0.1772,-0.4426,-1.4221,0.3341
running,1,4985,0.5195,1.6879,-0.0934,-0.445,-0.5268,0.6294
running,1,5038,3.5219,-0.8787,-1.7502,-0.3733,0.5063,0.3136
running,1,5091,4.5729,-2.2051,-2.2505,-0.895,1.3011,-0.3
running,1,5144,2.6576,21.0738,0.8212,-0.5087,0.53,0.0837
running,1,5197,0.2179,19.6779,2.4948,0.5828,1.8319,0.8074
running,1,5250,-0.3543,13.1681,3.2825,0.3363,1.0096,-0.0352
running,1,5303,-1.5371,5.2672,0.4836,-0.238,0.7735,-0.5534
running,1,5356,0.5746,-0.1437,-0.8978,0.2348,0.1316,-0.785
running,1,5409,2.059,0.5578,-1.403,0.0131,-0.2425,-0.5225
running,1,5462,1.2186,2.1524,-2.5067,-0.5566,-1.3366,-0.008
running,1,5515,-7.5992,39.1811,-6.8666,-0.3587,-0.4378,0.0237
running,1,5568,1.4317,16.5511,2.9425,0.5753,-1.0072,-0.3333
running,1,5621,-0.8164,13.1537,2.5331,0.0037,-1.63,0.0192
running,1,5674,1.2258,5.43,-0.0599,-0.4735,-0.6504,0.7472
running,1,5727,1.3168,3.5745,0.3663,-0.101,0.8047,1.0485
running,1,5780,2.7078,1.0846,0.2753,-0.4735,0.9217,0.0605
running,1,5833,1.8507,-2.4588,-3.237,-0.7746,0.9883,-1.1266
running,1,5886,1.6209,29.475,2.6959,-0.8684,-0.591,-0.2499
running,1,5939,1.3144,16.8743,2.308,0.8583,1.425,1.0339
running,1,5992,-1.6328,10.1921,2.8419,0.0325,0.9398,-0.3323
running,1,6045,-0.4429,2.1859,0.8236,0.122,0.8495,-0.8564
running,1,6098,2.9018,-0.5459,-1.2282,-0.1841,-0.4263,-0.5287
running,1,6151,2.0087,2.3008,-3.0694,-0.6051,0.1399,-0.3264
running,1,6204,-1.0798,29.0153,0.0048,-1.3334,1.0547,-0.186
running,1,6257,-1.1325,14.6549,2.6719,0.947,1.6092,0.0637
running,1,6310,-1.4174,9.0788,4.5921,0.1985,-0.2809,0.5023
running,1,6363,-0.1077,6.9168,0.2131,-0.4061,0.0506,-0.1812
running,1,6416,0.917,10.4244,1.3431,-0.3222,1.0214,-0.1951
running,1,6469,1.7406,9.596,1.1061,-0.1903,1.3161,0.5732
running,1,6522,0.1077,8.9399,0.3136,-0.4077,1.9183,-0.2531
running,1,6575,2.1213,12.7587,1.5036,-0.0397,0.6997,-0.0549
running,1,6628,2.9808,12.1123,0.9792,0.0253,0.9601,0.4277
running,1,6681,0.7949,9.481,1.0726,0.295,1.1487,0.299
running,1,6734,0.4118,8.6814,1.0942,0.118,0.5644,-0.033
running,1,6787,1.743,8.1954,0.9002,0.129,0.2835,0.0757
running,1,6840,1.7047,8.916,0.7949,0.0144,0.3123,0.2811
running,1,6893,0.7135,9.4858,1.1827,-0.2489,0.1615,0.1815
running,1,6946,0.5315,9.7037,1.3096,-0.0003,0.1039,0.1191
running,1,6999,-0.0168,8.509,1.3168,0.0253,0.2188,0.0205
running,1,7052,0.6871,9.9,0.7877,0.0613,0.1431,0.1364
running,1,7105,1.1803,9.4475,0.9912,0.0719,0.0141,0.2955
running,1,7158,0.7925,9.9695,1.1875,-0.1516,-0.0176,0.2276
running,1,7211,0.3208,9.9311,1.4078,-0.0309,0.2894,0.1162
running,1,7264,0.6632,9.4643,1.2905,-0.0573,0.2118,0.0266
running,1,7317,0.826,9.8234,1.3503,-0.1378,-0.1092,0.0911
running,1,7370,0.8284,10.058,1.3791,-0.0616,0.0421,0.1063
running,1,7423,0.6943,9.5313,1.4916,-0.064,0.1876,-0.0024
running,1,7476,0.3903,9.6438,1.4341,-0.0781,0.1431,-0.0189
running,1,7529,0.5363,9.8497,1.4892,-0.1311,0.069,-0.0083
running,1,7582,0.5794,9.7205,1.5897,-0.11,0.0693,0.0
running,1,7635,0.3926,9.754,1.561,-0.0874,0.0378,-0.0037
running,1,7688,0.5124,9.6845,1.6616,-0.0802,0.0477,-0.0016
running,1,7741,0.4046,9.6223,1.6831,-0.0837,0.0282,-0.0181
running,1,7794,0.4022,9.5768,1.6664,-0.053,-0.0115,-0.0346
running,1,7847,0.5435,9.6558,1.6568,-0.0861,-0.0221,-0.0496
running,1,7900,0.3496,9.6223,1.9058,-0.0903,0.0248,-0.0432
running,1,7953,0.419,9.7923,1.8292,-0.0493,0.0466,-0.0354
running,1,8006,0.2969,9.6151,1.8411,-0.04,0.0421,-0.0408
running,1,8059,0.2298,9.6199,1.8124,-0.029,0.0469,-0.0512
running,1,8112,0.3304,9.6079,1.8579,-0.0576,0.0477,-0.0405
running,1,8165,0.3687,9.6869,1.8148,-0.0648,0.073,-0.0344
running,1,8218,0.2155,9.7205,1.7645,-0.0328,0.0834,-0.0117
running,1,8271,0.2634,9.6079,1.8435,-0.045,0.1252,-0.0317
running,1,8324,0.1963,9.6582,1.834,-0.0666,0.1207,-0.0253
running,1,8377,0.2131,9.6319,1.7382,-0.0429,0.1079,-0.0216
running,2,2,0.4262,9.3158,2.6169,-0.0296,0.0416,-0.0429
running,2,56,0.4142,9.3877,2.5426,-0.0328,0.037,-0.0397
running,2,109,0.4094,9.4523,2.6624,0.0237,0.0418,-0.028
running,2,162,0.3424,9.3709,2.6624,0.0506,0.0951,-0.0128
running,2,215,0.4166,9.2967,2.7725,0.0831,0.0698,0.0314
running,2,268,0.6345,9.3446,2.8347,0.0408,0.1476,0.04
running,2,321,0.5267,9.2225,3.0239,0.1077,0.1452,0.0858
running,2,374,0.6847,9.3494,2.9975,0.1268,0.1649,0.0789
running,2,427,0.5626,9.3015,3.2154,0.1244,0.1151,0.0362
running,2,480,0.7254,9.2919,3.2537,0.1394,0.0869,0.0277
running,2,533,0.68,9.3087,3.1292,0.1796,0.0973,0.0061
running,2,586,0.759,9.0668,3.0718,0.267,0.0842,-0.0085
running,2,639,0.8212,9.1913,3.0478,0.3139,0.1276,-0.0322
running,2,692,0.9529,9.007,2.9592,0.3456,0.13,-0.0416
running,2,745,0.9744,9.2464,3.0239,0.3904,0.105,-0.0679
running,2,798,0.838,9.6534,3.2657,0.417,0.0869,-0.1029
running,2,851,0.8954,9.8952,3.2489,0.3355,0.0677,-0.1932
running,2,904,0.8595,9.8928,3.3662,0.3046,0.024,-0.2278
running,2,957,0.6943,9.9024,1.9489,0.231,-0.0514,-0.2145
running,2,1010,0.3448,8.1594,0.3759,0.5502,-0.1431,-0.1061
running,2,1063,-0.3448,6.2848,-2.1261,0.9057,-0.0187,-0.032
running,2,1116,-0.7087,8.0349,-0.7638,0.6315,-0.2467,-0.0869
running,2,1169,-2.3487,14.5304,-0.0335,0.5105,0.2814,-0.2707
running,2,1222,-1.0343,14.2216,1.4317,0.5351,-0.2467,-0.0019
running,2,1275,-1.3288,11.904,1.2809,0.19,-0.288,0.296
running,2,1328,-2.0997,13.6972,0.6656,0.1428,-0.6915,0.1847
running,2,1381,-1.3575,9.4643,0.7183,0.5036,-0.6502,-0.3826
running,2,1434,0.972,2.7078,-0.091,0.6371,0.6757,-0.3592
running,2,1487,5.4779,-1.4605,-2.0087,-0.2252,1.2036,0.3408
running,2,1540,4.5011,4.4436,-3.9193,-0.4759,1.3118,0.2084
running,2,1593,-0.9888,30.1598,-2.976,-0.3184,1.7693,0.5817
running,2,1646,0.7901,14.3461,0.0599,0.93,1.3643,-0.037
running,2,1699,0.5171,14.4275,1.8172,0.0594,1.1021,-0.1724
running,2,1752,0.1269,8.8274,-1.1157,0.0349,0.1124,-0.2976
running,2,1805,0.3089,4.5107,1.1468,0.1532,0.7027,-0.1985
running,2,1858,2.2075,-0.0622,-3.3519,-0.5668,-0.2372,-0.2052
running,2,1911,3.5314,0.3687,-6.9264,-0.4847,-0.109,-0.138
running,2,1964,-7.2353,28.5916,-0.7853,-0.9545,-0.5844,0.486
running,2,2017,-2.2242,15.1864,0.3903,0.016,-1.6004,-0.2846
running,2,2070,-0.3807,12.2296,2.1931,-0.5092,-1.7421,-0.3272
running,2,2123,2.6911,7.5226,-1.5682,-0.5265,-1.3344,0.3693
running,2,2176,0.0335,4.4173,1.1516,-0.2537,-0.5033,0.5292
running,2,2229,2.6839,1.4365,-2.0351,-0.2491,0.85,0.2675
running,2,2282,4.81,-2.5187,-3.7613,-0.368,1.7166,-0.2302
running,2,2335,4.1061,18.6652,-2.7533,-0.1631,0.9571,-0.441
running,2,2388,-0.7422,18.8998,0.3041,0.6011,2.5439,0.7008
running,2,2441,-0.3663,13.9486,2.9329,0.263,1.4285,-0.118
running,2,2494,-1.8771,5.7245,0.6393,-0.2811,1.0944,-0.6816
running,2,2547,-0.2777,0.5914,-0.6488,0.222,0.462,-0.8394
running,2,2600,1.3599,-0.0263,-1.8818,-0.0141,-0.2353,-0.1756
running,2,2653,1.4676,-1.8675,-4.3311,-0.125,-1.5942,0.162
running,2,2706,-2.0949,26.3793,-4.039,-1.5279,-0.3704,0.109
running,2,2759,-1.7119,18.4354,-0.656,0.5764,-2.14,-0.3589
running,2,2812,-3.1699,13.2016,3.1125,0.118,-2.0033,-0.3904
running,2,2865,1.4629,6.9097,-1.5658,-0.5737,-1.8146,0.1567
running,2,2918,1.233,4.719,-0.2466,0.2718,-0.1751,0.8569
running,2,2971,3.5554,0.8859,0.2346,-0.0573,0.6789,0.57
running,2,3024,5.0925,-0.7829,-5.43,-0.5012,1.0669,0.2886
running,2,3077,4.2641,31.2012,-1.0223,-0.6134,0.9473,-0.5044
running,2,3130,-1.2809,17.5208,1.4341,0.7296,2.4581,0.4943
running,2,3183,-1.4748,12.7587,1.6855,-0.1548,0.6462,0.0666
running,2,3236,0.0431,2.4517,0.9744,0.1567,1.3725,-0.7328
running,2,3289,0.5698,-2.0806,-2.4541,0.3024,0.0216,-0.842
running,2,3342,0.9242,-1.9848,-2.3224,-0.316,-0.4762,-0.2673
running,2,3395,2.6456,6.8953,-1.7406,-0.3088,-1.4722,0.0757
running,2,3448,-8.1235,36.6624,-4.118,-0.0837,-0.3158,0.0346
running,2,3501,-1.1732,15.1433,2.7174,0.5508,-1.1791,-0.38
running,2,3554,-0.5387,11.4347,1.415,-0.2926,-1.7027,0.2619
running,2,3607,-1.0487,3.5674,-0.182,-0.3722,-0.8311,0.5622
running,2,3660,1.7262,-0.6656,-1.7262,0.0671,0.2478,0.3331
running,2,3713,5.4731,-2.1787,0.1269,-0.4114,1.3835,0.0496
running,2,3766,7.6327,2.7222,-4.5873,-0.4397,1.3174,-0.3301
running,2,3819,-2.7677,49.0524,-1.9609,0.6947,1.1842,0.8657
running,2,3872,-0.1221,15.2223,4.7094,0.6235,1.9729,-0.0304
running,2,3925,-0.0096,11.9638,-0.091,0.3083,0.4343,-0.243
running,2,3978,-1.0511,2.5019,1.7166,0.0925,0.5108,-0.8516
running,2,4031,0.4884,-0.1628,-3.0335,-0.1148,-0.6494,-0.9198
running,2,4084,2.1763,0.9098,-0.1556,-0.3778,-0.0301,-0.2971
running,2,4137,1.561,0.1772,-3.6871,-0.765,-1.3944,0.2358
running,2,4190,-6.3398,26.8103,-1.0487,-1.0024,-0.947,0.1154
running,2,4243,-0.9744,19.3044,0.8068,0.9313,-0.6651,-0.5545
running,2,4296,0.1628,13.4722,4.1132,-0.1135,-1.3131,0.0474
running,2,4349,-0.2873,5.2074,0.067,-0.3627,-1.5103,1.0011
running,2,4402,-0.2442,2.2075,-0.7254,-0.3299,-0.0264,0.5271
running,2,4455,3.6703,0.0646,-1.561,-0.149,0.9627,0.1612
running,2,4508,4.8411,1.0989,-1.743,-0.6491,0.7013,-0.1756
running,2,4561,4.4293,40.6942,-4.5825,-0.0608,1.3142,0.8426
running,2,4614,1.3551,16.6349,1.2498,0.7442,1.7213,0.2284
running,2,4667,1.2498,12.4163,2.2482,0.1364,1.1748,0.0818
running,2,4720,-0.5746,4.1922,0.0024,-0.2148,0.3496,-0.4151
running,2,4773,-0.6488,-0.4693,-2.2314,0.0325,-0.215,-0.8788
running,2,4826,0.6225,-0.9313,-2.0279,-0.5033,-0.4133,-0.4016
running,2,4879,0.9361,0.8332,-4.4891,-0.2942,-1.1634,-0.0125
running,2,4932,-4.1348,41.2066,0.3903,-0.7767,0.5899,0.3296
running,2,4985,-0.9697,13.8361,3.9744,0.7506,-0.6147,-0.6137
running,2,5038,-1.0798,11.4634,2.7414,-0.1287,-1.2143,0.0504
running,2,5091,1.8651,10.5848,-0.2107,-0.4181,-0.3994,0.5761
running,2,5144,0.7925,6.9815,0.4788,0.3166,0.3246,0.7914
running,2,5197,-0.0982,-0.4094,-1.2737,-0.7437,1.7195,0.1431
running,2,5250,3.213,-7.039,-2.4445,-0.8415,0.716,-0.3432
running,2,5303,-0.1987,22.3427,4.4652,-1.0872,-0.2286,-0.069
running,2,5356,2.5402,17.0276,-0.8116,1.1743,0.3054,1.0501
running,2,5409,-1.8076,9.5481,3.9193,0.6107,0.2974,-0.6323
running,2,5462,-0.8021,3.6033,0.9697,-0.1082,0.6656,-0.8495
running,2,5515,1.3934,7.0054,2.332,-0.4018,-0.3738,-0.3757
running,2,5568,0.9337,8.2815,1.6161,-0.2502,-0.6081,-0.3214
running,2,5621,1.3886,4.774,0.1101,-0.1402,-0.0965,-0.3395
running,2,5674,1.3527,4.5562,-4.2473,-1.1532,-0.8679,-0.1599
running,2,5727,-3.067,25.8981,-4.0534,0.1106,0.0767,0.1871
running,2,5780,-0.9912,13.8313,0.3591,0.8633,0.2942,-0.0328
running,2,5833,1.5682,12.7779,1.3886,0.2156,0.2028,0.3648
running,2,5886,0.2705,8.521,0.6776,0.186,-0.3331,0.5007
running,2,5939,1.4964,8.3414,0.9457,0.0477,0.4175,0.2028
running,2,5992,1.0894,9.1267,0.4573,0.02,0.502,0.1053
running,2,6045,0.6321,6.0669,-0.0982,-0.1503,0.8844,0.0115
running,2,6098,-0.3376,6.6559,0.2466,-0.7261,0.9641,-0.1535
running,2,6151,-0.7853,9.5792,0.7709,-0.6083,1.1727,-0.247
running,2,6204,0.7494,13.5248,0.3879,-0.3696,0.6936,-0.2052
running,2,6257,1.2617,10.9654,0.6057,0.4373,0.4399,0.0581
running,2,6310,0.5962,9.4667,1.5419,0.2004,0.4266,0.04
running,2,6363,0.2873,9.4978,1.2905,-0.029,0.1839,0.0024
running,2,6416,0.9002,9.754,1.2402,0.0799,0.2209,-0.0461
running,2,6469,0.7805,8.691,1.087,0.0994,-0.065,-0.0288
running,2,6522,0.3926,9.3901,0.905,-0.1426,-0.0509,-0.02
running,2,6575,0.9433,11.0684,1.7214,-0.2054,-0.3275,0.0722
running,2,6628,0.103,10.3956,1.4724,-0.077,-0.3019,0.1172
running,2,6681,-0.4621,9.2584,1.3982,-0.0101,-0.0285,-0.025
running,2,6734,0.1365,9.1985,1.3958,0.1402,-0.1103,-0.0554
running,2,6787,0.5219,9.5074,1.4533,-0.065,-0.231,0.0013
running,2,6840,0.0694,10.2663,1.1588,-0.0887,-0.0914,-0.0056
running,2,6893,-0.1628,9.675,1.5107,0.0735,0.0871,-0.057
running,2,6946,0.1748,9.3781,1.6113,-0.0288,0.0546,-0.0408
running,2,6999,-0.1413,9.9575,1.2809,-0.1929,-0.0624,0.016
running,2,7052,-0.1245,9.73,1.4365,-0.045,0.0445,0.0096
running,2,7105,-0.1963,9.6175,1.4102,-0.105,0.0131,-0.0384
running,2,7158,0.0287,9.7755,1.47,-0.0701,-0.0448,-0.0245
running,2,7211,0.1987,9.5768,1.4964,-0.1063,-0.0791,-0.0171
running,2,7264,-0.0239,9.6103,1.7119,-0.0802,0.0213,-0.0344
running,2,7317,0.0192,9.7779,1.7717,-0.0533,0.024,-0.0218
running,2,7370,0.1173,9.6295,1.7286,-0.077,0.0786,0.0
running,2,7423,0.0287,9.7181,1.7023,-0.0989,0.0402,0.0128
running,2,7476,0.0287,9.5792,1.7166,-0.0989,0.0378,-0.0005
running,2,7529,0.0551,9.6702,1.8627,-0.0885,0.0141,0.004
running,2,7582,0.1053,9.675,1.968,-0.1018,0.0029,0.0053
running,2,7635,0.1652,9.6845,1.9201,-0.0925,0.0059,-0.0104
running,2,7688,0.1101,9.5098,2.0423,-0.0887,0.0128,-0.0091
running,2,7741,0.1484,9.6007,1.9944,-0.0981,0.0242,-0.0173
running,2,7794,0.158,9.6007,2.2003,-0.1196,0.0091,-0.0498
running,2,7847,0.1604,9.6271,2.0039,-0.0234,0.0448,-0.0298
running,2,7900,0.1365,9.481,2.0542,-0.0376,0.0552,-0.0429
running,2,7953,0.079,9.6319,2.0399,-0.0512,0.0458,-0.041
running,2,8006,0.1197,9.5385,2.0734,-0.0536,0.0357,-0.0453
running,2,8059,0.1413,9.6103,2.0446,-0.0384,0.0671,-0.0357
running,2,8112,0.0982,9.5936,2.0758,-0.049,0.053,-0.0285
running,2,8165,0.1341,9.5577,2.0063,-0.0221,0.0629,-0.0157
running,3,2,0.0814,9.596,2.3703,0.0248,0.0661,0.004
running,3,56,0.1628,9.4523,2.4277,-0.0133,0.0754,-0.012
running,3,109,0.0263,9.4739,2.3367,-0.0253,0.0514,-0.0053
running,3,162,0.0,9.4978,2.3391,-0.0184,0.0317,-0.0037
running,3,215,0.0527,9.5672,2.3631,-0.0029,0.0328,0.0109
running,3,268,0.1532,9.4571,2.2745,0.0155,0.0573,0.0109
running,3,321,0.0239,9.2967,2.2625,0.0048,0.0775,-0.0053
running,3,374,-0.0263,9.6175,2.241,-0.0195,0.0823,-0.024
running,3,427,0.0718,9.3518,2.2984,0.0946,0.0805,-0.0149
running,3,480,-0.0024,8.7149,2.1404,0.1503,0.0885,-0.0005
running,3,533,0.2083,8.8107,2.2841,0.1148,0.1148,0.0155
running,3,586,0.6752,9.7061,2.8036,0.0778,0.1111,0.0008
running,3,639,0.5698,10.2951,3.3112,0.1327,0.0911,-0.0043
running,3,692,-0.0886,10.0485,3.4165,0.1007,0.194,-0.0088
running,3,745,0.2729,9.019,3.0981,0.247,0.2193,0.0584
running,3,798,0.2897,8.5114,2.9951,0.2766,0.0067,0.0362
running,3,851,0.4573,8.8753,2.8228,0.2806,0.0549,0.0035
running,3,904,0.6776,9.5337,2.8659,0.2345,0.1108,0.0104
running,3,957,0.5531,9.4332,2.9257,0.2625,0.2614,-0.0131
running,3,1010,0.3807,9.0429,2.8802,0.2801,0.2928,-0.0749
running,3,1063,0.5363,9.5385,2.964,0.2094,0.2739,-0.2081
running,3,1116,0.0862,10.7404,3.1029,0.1074,0.1591,-0.2707
running,3,1169,-0.0886,11.6717,1.7047,-0.012,0.073,-0.2577
running,3,1222,-0.1221,9.2225,0.51,0.6342,-0.2286,-0.0402
running,3,1275,-0.838,7.106,-0.8499,0.9209,-0.3155,-0.0189
running,3,1328,-1.3096,11.5113,1.7645,0.3645,0.0274,-0.138
running,3,1381,0.0096,13.7427,0.8835,0.283,0.1724,0.0211
running,3,1434,0.5674,8.8178,1.7454,0.6025,0.2038,0.3429
running,3,1487,-1.1181,6.1723,0.5004,-0.0133,-0.3973,0.3683
running,3,1540,-3.1795,12.9,1.6783,-0.2417,0.0117,-0.1402
running,3,1593,-1.0008,9.8952,0.8906,0.1772,0.0935,-0.5489
running,3,1646,2.0686,4.1084,-0.4334,0.3371,0.8223,0.0735
running,3,1699,3.0119,3.1987,-4.5801,-0.5822,1.0648,0.7112
running,3,1752,3.5554,16.1465,1.9848,-0.4314,1.0456,0.6512
running,3,1805,-0.5531,16.9821,1.1325,0.267,1.408,0.1556
running,3,1858,1.0199,13.9103,2.7725,0.1697,1.1538,0.2886
running,3,1911,0.0599,13.7523,1.2977,0.2635,0.1503,-0.2539
running,3,1964,0.0072,8.0828,0.9553,0.4906,0.11,-0.8212
running,3,2017,2.2793,3.0478,0.237,0.0632,1.0368,-0.4311
running,3,2070,2.8946,-2.4134,-4.6088,-0.5915,-0.4197,0.0509
running,3,2123,-0.0646,-0.0886,-2.9928,-0.6696,-0.1399,-0.033
running,3,2176,-5.7221,21.871,-4.6088,-0.2022,-0.4509,-0.0674
running,3,2229,0.8188,16.6349,0.6129,0.6563,-0.3523,-0.0362
running,3,2282,-0.5387,14.8704,3.7445,0.0093,-1.1564,0.0226
running,3,2335,-1.4006,12.481,0.5938,-0.093,-0.8439,0.3693
running,3,2388,0.4262,8.4324,1.3503,-0.0565,-0.9246,0.5327
running,3,2441,1.3767,2.7677,-1.3695,0.1151,0.6328,0.5534
running,3,2494,4.1348,-4.9297,-1.6712,-0.8937,1.3312,0.2537
running,3,2547,3.5626,3.6775,-2.9664,-0.2209,0.8223,-0.3648
running,3,2600,1.0989,36.6983,-1.4581,0.3842,0.7799,0.5809
running,3,2653,2.7773,13.2351,2.0782,0.4199,1.3973,-0.1671
running,3,2706,1.8483,12.9646,2.4038,-0.1665,0.3624,-0.0831
running,3,2759,-0.4118,6.9097,0.1365,0.0754,-0.0967,-0.7413
running,3,2812,0.0982,3.1077,-0.5674,0.2009,0.4738,-0.8599
running,3,2865,1.6376,0.8787,-4.8578,-0.5153,-0.1367,-0.2958
running,3,2918,0.5914,4.9464,1.8747,-0.251,-0.9022,0.4056
running,3,2971,-5.1547,27.7009,-2.6767,-1.3121,-0.4588,-0.1077
running,3,3024,0.2945,16.3668,1.968,0.5225,-1.3161,-0.5364
running,3,3077,-0.0862,10.3549,1.5323,-0.5391,-1.8722,0.0605
running,3,3130,-0.9577,5.217,1.1612,-0.3336,-0.8921,0.3158
running,3,3183,2.1835,1.0965,-3.043,0.0738,0.1945,0.5167
running,3,3236,4.8459,-0.0718,-1.2258,-0.4802,0.9169,-0.0618
running,3,3289,5.3965,10.4627,-0.8619,0.5822,0.4378,-0.118
running,3,3342,-2.3822,28.7807,4.5394,0.2942,1.5156,0.7077
running,3,3395,1.6113,14.6405,4.2114,0.2017,1.7336,-0.0072
running,3,3448,-0.7015,8.3079,0.8188,0.0376,0.6768,-0.4407
running,3,3501,-0.3567,-0.7374,-1.0989,-0.1258,1.1151,-0.7298
running,3,3554,1.2761,-2.411,-3.1316,0.0821,-0.194,-0.5212
running,3,3607,0.3017,1.6999,-2.3463,-0.0482,-1.085,-0.1226
running,3,3660,-5.0015,31.1964,-4.6615,-0.87,-1.1229,0.1439
running,3,3713,-0.0239,18.5287,1.4916,0.3728,-1.3057,-0.4986
running,3,3766,0.1077,14.054,3.6847,0.024,-1.8818,-0.2585
running,3,3819,0.7278,6.4979,-0.2849,-0.4565,-1.6062,0.7789
running,3,3872,0.4741,1.8364,-0.6129,0.057,-0.1484,0.91
running,3,3925,3.9744,-1.64,-1.4413,-0.3107,1.0131,0.2254
running,3,3978,3.6799,-1.9513,-2.9999,-0.6933,1.348,-0.3946
running,3,4031,2.7677,26.7696,-0.814,-0.5822,0.7887,0.2145
running,3,4084,2.6983,18.9717,1.9225,0.7186,2.2743,0.4141
running,3,4137,-0.2155,13.1466,3.7469,0.0613,1.3755,0.0589
running,3,4190,-1.4533,3.4093,0.3831,-0.0109,1.4754,-0.7168
running,3,4243,0.2274,-1.4772,-2.4852,0.4199,0.3845,-0.7464
running,3,4296,1.8076,-1.1109,-1.2522,-0.0261,-0.1055,-0.3408
running,3,4349,2.1045,4.4029,-2.4205,0.2286,-1.2255,0.4588
running,3,4402,-13.7691,45.5401,-2.4493,-0.5694,-0.6289,0.1356
running,3,4455,1.9369,16.1297,-0.7398,0.3501,-1.3214,-0.4586
running,3,4508,0.2658,10.9223,2.8204,-0.3142,-1.6888,0.0346
running,3,4561,-0.4549,0.9792,0.7733,-0.6435,-1.2177,1.1495
running,3,4614,3.2657,0.2346,-1.9537,-0.3277,0.3984,0.7117
running,3,4667,5.6096,-0.9553,-2.229,-0.7171,1.2047,-0.4903
running,3,4720,1.6975,14.0157,0.9337,0.2891,1.3547,-0.6235
running,3,4773,0.6608,24.1024,1.3312,-0.122,1.2209,1.1234
running,3,4826,-0.5698,15.4713,3.6057,0.3046,1.096,0.1247
running,3,4879,-1.1947,4.9464,0.5986,-0.1935,0.6885,-0.716
running,3,4932,-0.3591,-3.7397,-2.5905,-0.3496,0.028,-1.3102
running,3,4985,0.0263,-1.7238,-1.9968,-0.0839,-1.2894,-0.7895
running,3,5038,2.4469,6.1435,-1.3551,-0.429,-1.4336,-0.2686
running,3,5091,-5.7748,39.0111,-1.9656,-0.2651,-1.0107,-0.0778
running,3,5144,-2.9233,13.9247,3.4884,0.377,-0.8186,-0.6694
running,3,5197,1.0008,10.3789,1.743,-0.2923,-1.5564,0.0946
running,3,5250,1.1756,2.5379,-0.7829,-0.029,-0.061,0.7053
running,3,5303,4.1755,-0.2418,-0.6584,-0.2486,1.2841,0.9334
running,3,5356,3.948,-0.079,-3.2992,-1.1567,1.0765,-0.2382
running,3,5409,-1.0822,22.7258,2.5187,-0.1599,0.8252,-0.49
running,3,5462,1.3455,17.6213,-2.1644,0.7288,0.5849,0.6273
running,3,5515,0.0072,9.6271,4.4604,0.7208,1.8554,0.2566
running,3,5568,-0.3232,3.3112,0.4669,0.1282,0.7887,-0.1895
running,3,5621,-0.51,-2.2769,-3.0765,-0.2619,-0.1458,-0.6185
running,3,5674,1.822,1.6568,-4.6591,-0.441,-0.2084,-0.5449
running,3,5727,-2.5594,34.3137,0.7374,-1.2228,0.5284,0.3611
running,3,5780,-2.7342,14.9853,1.549,0.4349,0.55,0.2968
running,3,5833,-2.569,9.1866,2.5235,0.1061,-0.227,0.0823
running,3,5886,1.0534,7.1922,0.1413,-0.5529,-0.0005,-0.5385
running,3,5939,0.9313,11.461,0.814,-0.6984,0.5132,-0.2257
running,3,5992,1.6233,8.9807,-0.0718,-0.4439,1.3672,0.2931
running,3,6045,0.4214,8.2576,0.929,-0.1434,1.4869,-0.0229
running,3,6098,1.2163,11.8561,2.0255,-0.0093,0.3688,-0.0346
running,3,6151,1.3599,11.9159,0.4669,0.3248,1.0107,0.1985
running,3,6204,-0.1484,10.0748,1.7071,0.3627,0.6888,0.3011
running,3,6257,0.2346,8.1738,0.6967,-0.0586,0.3088,0.1495
running,3,6310,0.9697,7.6638,0.5124,0.0389,0.0709,0.0464
running,3,6363,0.8499,9.9862,0.9601,-0.1295,-0.0448,0.1649
running,3,6416,1.0223,9.7348,1.4054,-0.1753,-0.1801,0.1961
running,3,6469,-0.1413,9.572,1.0271,-0.1844,-0.1924,0.0791
running,3,6522,-0.0239,9.9742,1.1037,0.0029,0.1812,0.061
running,3,6575,0.7542,9.3111,1.2833,0.1633,0.0437,0.1292
running,3,6628,1.1995,9.4068,1.3001,-0.1202,-0.1974,0.2558
running,3,6681,-0.0766,9.809,1.7358,-0.2148,-0.1426,0.1167
running,3,6734,-0.0479,9.3494,1.4389,0.0469,-0.114,-0.0176
running,3,6787,0.9792,9.5361,1.6065,0.0442,0.129,0.0277
running,3,6840,0.723,10.094,1.7669,-0.0533,-0.0746,0.0759
running,3,6893,0.091,9.7013,1.6688,-0.0562,-0.0269,0.0208
running,3,6946,0.4214,9.6462,1.7573,-0.0099,0.0746,-0.0077
running,3,6999,0.2394,9.73,1.7837,-0.04,0.0091,0.0181
running,3,7052,0.0886,9.6989,1.5562,-0.1124,0.0304,0.0176
running,3,7105,-0.0192,9.5529,1.7789,-0.0714,-0.0165,-0.0525
running,3,7158,0.2035,9.7923,1.6376,-0.1271,-0.0069,-0.0488
running,3,7211,0.2011,9.5768,2.0327,-0.0751,-0.0392,-0.0312
running,3,7264,0.091,9.6462,1.8435,-0.0783,0.0072,-0.0133
running,3,7317,0.0646,9.6319,1.9704,-0.0645,0.025,-0.0378
running,3,7370,0.0048,9.6151,1.9752,-0.0738,0.0184,-0.0517
running,3,7423,0.2083,9.5696,1.9896,-0.0581,0.0517,-0.0514
running,3,7476,0.1844,9.6438,1.968,-0.0394,0.0397,-0.0522
running,3,7529,0.0694,9.5984,1.968,-0.0413,0.0751,-0.0432
running,3,7582,0.0694,9.584,1.9249,-0.0602,0.0757,-0.0645
running,3,7635,-0.0024,9.6127,1.9273,-0.0226,0.0632,-0.0581
running,4,2,-0.067,9.6486,2.6384,-0.0538,-0.0336,-0.0141
running,4,56,0.0359,9.8665,2.7461,0.0738,0.032,-0.0037
running,4,109,0.1101,9.4834,2.4181,0.0586,0.1514,-0.0109
running,4,162,-0.0072,9.2799,2.3679,0.0288,-0.033,-0.0504
running,4,215,0.091,9.153,2.5953,0.0229,-0.0951,0.0141
running,4,268,0.1867,9.402,2.8323,0.0536,-0.0362,-0.0152
running,4,321,0.1748,9.153,2.715,0.0282,0.049,-0.045
running,4,374,0.0359,9.5146,3.0239,0.0773,0.0693,-0.0456
running,4,427,-0.0192,9.517,2.8587,0.129,0.045,-0.049
running,4,480,-0.067,9.1339,3.0071,0.1585,-0.0069,-0.0277
running,4,533,0.0886,9.0812,2.8683,0.1974,-0.0131,-0.0277
running,4,586,0.0694,9.3015,2.7773,0.2777,0.0141,-0.033
running,4,639,0.1867,9.572,3.0933,0.3357,0.0333,-0.0125
running,4,692,0.2514,9.3015,2.8539,0.3701,0.0781,-0.0005
running,4,745,0.2873,9.1219,2.8587,0.3309,0.0746,0.0195
running,4,798,0.4501,9.7396,2.7126,0.4029,0.0011,-0.0013
running,4,851,0.6105,9.742,2.6983,0.3856,0.025,-0.0887
running,4,904,0.2562,9.8785,2.4157,0.2411,-0.0032,-0.11
running,4,957,-0.2227,10.1801,1.5443,0.1042,-0.0717,-0.2001
running,4,1010,-0.4166,8.2696,-0.7111,0.8223,-0.4988,-0.0304
running,4,1063,-1.6999,8.2217,-0.68,0.7376,-0.5153,-0.1599
running,4,1116,-1.9656,12.0476,0.668,0.4767,-0.0509,-0.1053
running,4,1169,0.0096,13.7595,0.7757,0.385,-0.1466,0.085
running,4,1222,-0.6895,9.7731,1.3168,0.2803,-0.2673,0.1804
running,4,1275,-2.9425,11.2384,0.4717,-0.2294,-0.5947,0.1226
running,4,1328,-2.0351,11.0061,0.3328,0.0458,-0.1391,-0.5788
running,4,1381,0.5962,4.8339,1.5395,0.8151,0.3541,-0.4245
running,4,1434,3.9385,0.0742,-3.0335,-0.5383,0.9942,0.1761
running,4,1487,4.6208,3.8834,-1.3144,-0.6504,1.3267,0.4935
running,4,1540,0.1269,31.0121,-0.4046,-0.8135,1.1655,0.9033
running,4,1593,0.1293,13.2112,3.1268,0.8628,1.5855,0.2454
running,4,1646,0.2849,11.9159,3.3662,0.2148,1.1295,-0.0208
running,4,1699,-1.3288,9.7875,0.2298,0.4626,0.4762,-0.0317
running,4,1752,0.1556,4.9225,0.3879,0.5095,0.7957,-0.3984
running,4,1805,2.8922,0.7207,-3.6559,-0.1775,-0.1087,-0.453
running,4,1858,1.5993,0.0886,-5.9089,-0.4946,-0.6275,-0.3328
running,4,1911,-6.8594,21.6627,-2.4708,-0.6419,-0.5361,0.125
running,4,1964,-2.7102,17.9302,-0.996,0.4317,-0.9523,-0.3171
running,4,2017,-1.3551,14.8919,2.8659,-0.0312,-1.7131,-0.3395
running,4,2070,-1.8387,11.1498,-0.2705,-0.4146,-1.5026,0.3262
running,4,2123,-0.565,5.2409,0.6177,0.1775,-0.9198,0.7711
running,4,2176,2.2003,0.5291,-1.5562,-0.0293,0.2403,0.4626
running,4,2229,5.6072,-4.2737,-2.818,-0.5529,1.2998,-0.2854
running,4,2282,3.3279,11.7412,-4.4341,-0.5806,1.3129,-0.8045
running,4,2335,-2.7054,22.2134,-1.5874,0.5089,1.8551,0.8159
running,4,2388,-1.8771,13.5296,3.1244,0.2174,1.421,-0.1577
running,4,2441,-1.2019,5.2146,0.6153,-0.0629,1.3845,-0.5292
running,4,2494,0.6488,-0.431,-1.6783,0.1282,0.837,-0.4623
running,4,2547,-0.0694,-1.6017,-2.9353,-0.2467,-1.0227,-0.1324
running,4,2600,1.1708,3.8523,-6.0358,-0.1386,-1.7544,0.0925
running,4,2653,-9.1075,36.083,2.0853,-0.8812,-0.3866,0.5207
running,4,2706,-2.1715,16.204,0.0479,0.6089,-2.1839,-0.506
running,4,2759,-2.3822,13.7643,2.1739,-0.3128,-1.4333,-0.2694
running,4,2812,0.1939,6.8043,-0.3687,-0.332,-1.5308,0.6161
running,4,2865,0.723,2.1596,-1.3455,-0.1175,-0.2678,0.6534
running,4,2918,3.9696,-2.5474,-0.3926,-0.392,0.5529,-0.2177
running,4,2971,6.541,-2.047,-3.7517,-0.7631,0.7061,0.0035
running,4,3024,1.4126,35.6688,0.8835,-1.1226,1.5223,0.4914
running,4,3077,1.3575,19.1967,2.5522,0.2675,2.6279,0.8114
running,4,3130,-2.6456,12.6103,1.2594,-0.4575,1.0523,-0.3405
running,4,3183,-3.0143,-0.7853,1.2019,-0.0053,2.3827,-1.1738
running,4,3236,1.1277,-3.5506,-4.3215,0.5015,0.0029,-0.975
running,4,3289,1.245,0.6967,1.0151,0.199,-0.5188,-0.0394
running,4,3342,0.5626,9.7061,-0.2107,-0.1116,-2.5008,0.5654
running,4,3395,-11.722,36.2793,-0.7781,-0.0717,0.2691,-0.6035
running,4,3448,-0.8475,14.0372,1.889,0.3091,-1.6252,-0.8732
running,4,3501,-0.6297,9.9264,2.3894,-0.412,-1.6531,0.0802
running,4,3554,-0.3232,0.8787,-0.7183,-0.2625,-0.74,0.9294
running,4,3607,5.0949,-0.6967,-0.7997,0.1833,0.644,0.5319
running,4,3660,7.9033,1.8842,-5.4205,-0.733,1.6963,-0.0733
running,4,3713,4.8818,40.948,-4.7501,0.1545,1.7717,1.1812
running,4,3766,-2.9568,17.3101,3.122,0.554,2.14,0.8037
running,4,3819,-2.9784,11.1235,2.7845,0.1058,0.894,-0.1018
running,4,3872,0.1796,1.4676,0.0838,0.6448,0.8391,-0.8308
running,4,3925,-0.4118,-3.6176,-3.2729,-0.0152,-1.2433,-1.0576
running,4,3978,-0.0431,0.158,-1.2617,-0.1823,-0.9513,-0.3059
running,4,4031,1.4054,7.7955,-0.2394,-0.1956,-1.8298,-0.0136
running,4,4084,-9.912,39.6312,-1.5299,-0.0706,-0.5004,-0.2097
running,4,4137,-1.2163,15.2319,4.2856,0.7163,-1.1111,-0.652
running,4,4190,-1.9082,8.8394,1.7645,-0.3808,-1.6926,0.2206
running,4,4243,-0.2035,1.2163,0.6081,-0.0679,-0.7293,1.0168
running,4,4296,3.2154,-0.7063,-2.4684,-0.089,0.1455,0.6145
running,4,4349,5.6814,-1.6712,-1.2809,-0.6702,1.2793,0.1244
running,4,4402,4.2018,9.9934,-1.008,-0.4485,1.1181,-0.4786
running,4,4455,-2.1428,27.6506,1.6017,0.9393,1.7192,0.9832
running,4,4508,0.3998,14.6477,5.0661,0.4042,1.9785,0.4199
running,4,4561,0.4118,8.9256,1.0367,-0.3933,0.6203,0.1641
running,4,4614,-1.5083,1.0654,0.0886,0.2662,0.5641,-1.3558
running,4,4667,-0.9505,-1.6544,-3.1795,-0.1599,-0.8338,-1.108
running,4,4720,1.9345,-1.8244,-2.6312,-0.5207,-0.992,0.1276
running,4,4773,1.5347,10.5153,-2.3176,-0.5905,-0.9222,0.3619
running,4,4826,-2.6815,30.04,-2.0207,1.4344,-0.2697,-0.4623
running,4,4879,-2.8252,14.8033,4.604,0.6965,-1.339,-0.5569
running,4,4932,-1.2977,8.5928,0.261,-0.4836,-1.7171,0.1444
running,4,4985,1.1899,12.299,1.0582,-0.4623,0.1095,0.9238
running,4,5038,1.063,6.4931,2.2242,0.1018,0.1729,0.6059
running,4,5091,-1.0534,-1.4222,-2.3056,-1.6411,0.5836,-0.5111
running,4,5144,4.7956,-7.4364,-4.1539,-1.1423,-0.1306,-0.5716
running,4,5197,-2.5211,27.9643,7.6638,-1.4501,0.546,0.4485
running,4,5250,-0.747,15.0236,1.4413,1.2484,0.6336,0.6075
running,4,5303,-1.834,11.2551,4.774,-0.1023,1.077,-0.6147
running,4,5356,-1.3695,7.1946,2.0159,0.0504,-0.284,-0.0045
running,4,5409,0.5243,6.5194,1.5682,0.2944,-0.1135,-0.4914
running,4,5462,2.0901,3.1819,0.4956,0.5188,-0.1919,-0.8711
running,4,5515,1.7406,0.3759,-3.462,-0.5782,-0.9084,-0.0749
running,4,5568,1.8292,4.9033,-1.4341,-1.1183,-0.0424,-0.0911
running,4,5621,-10.398,42.126,-8.3821,1.1479,-0.0043,-1.2239
running,4,5674,-0.5962,11.722,6.0693,0.8982,-0.3152,-0.607
running,4,5727,1.3575,9.9168,1.4533,-0.1191,-0.6877,0.2113
running,4,5780,-0.103,8.0948,0.6225,-0.3944,0.3235,0.5095
running,4,5833,-0.0455,9.9072,0.838,-0.081,0.5636,0.4479
running,4,5886,-0.2179,7.2927,1.3671,0.1055,1.2071,0.13
running,4,5939,-1.0439,1.7717,-0.3136,-0.7178,0.9625,-0.105
running,4,5992,-0.8499,8.691,1.6759,-1.084,1.0746,0.0538
running,4,6045,-0.1867,18.6676,0.1532,0.064,0.1785,0.4237
running,4,6098,-0.0455,8.1714,1.3192,0.68,0.5931,-0.0245
running,4,6151,-0.6536,8.7317,1.5826,-0.1314,0.3182,-0.1852
running,4,6204,0.0407,10.9702,1.6185,0.1343,-0.1439,0.0874
running,4,6257,0.6464,8.5665,1.0463,0.0711,0.0,0.0863
running,4,6310,0.2562,8.2887,0.8547,0.0357,-0.0549,-0.0751
running,4,6363,0.0814,11.169,1.573,-0.1721,-0.5089,-0.114
running,4,6416,-0.5052,11.2647,1.0654,0.0562,-0.1857,0.0895
running,4,6469,-1.1612,8.8609,1.561,0.2947,0.1993,0.0432
running,4,6522,-0.8452,8.3222,1.008,0.1284,0.1204,-0.0805
running,4,6575,-0.929,9.7683,1.2689,-0.1015,-0.1194,-0.0035
running,4,6628,-0.7805,10.4363,1.3503,-0.0861,0.0373,0.052
running,4,6681,-1.0654,9.4954,1.4222,-0.0184,0.0131,0.0314
running,4,6734,-0.9744,9.2967,1.7478,-0.2086,0.0794,-0.012
running,4,6787,-0.6919,9.8785,1.585,-0.2702,-0.0336,-0.0027
running,4,6840,-1.0439,9.56,1.6376,-0.2529,-0.0301,0.0163
running,4,6893,-0.8021,9.1722,1.901,-0.1532,0.0117,0.0187
running,4,6946,-0.6728,9.1195,2.2338,-0.1844,-0.0823,-0.0482
running,4,6999,-0.9074,9.7612,2.4205,-0.0887,-0.0445,-0.0125
running,4,7052,-0.8739,9.8593,2.2793,-0.0978,-0.0264,0.0093
running,4,7105,-0.6081,9.2536,2.1596,-0.0448,0.0312,-0.0024
running,4,7158,-0.6129,9.3733,2.2075,-0.0882,0.0453,-0.0139
running,4,7211,-0.6512,9.6031,2.2601,-0.0778,0.0754,-0.0226
running,4,7264,-0.656,9.505,2.1332,-0.0786,0.0855,-0.0144
running,4,7317,-0.5219,9.4164,2.3391,-0.053,0.0943,-0.0189
running,4,7370,-0.6081,9.4427,2.1883,-0.0781,0.0544,-0.0224
running,4,7423,-0.5626,9.4379,2.2601,-0.0522,0.0935,-0.0232
running,4,7476,-0.5171,9.3326,2.3727,-0.1146,0.0861,-0.0285
running,4,7529,-0.6464,9.4834,2.4995,-0.0237,0.1047,-0.0013
running,4,7582,-0.5267,9.5098,2.6408,0.0008,0.109,-0.0083
running,4,7635,-0.5363,9.402,2.4181,0.0024,0.0778,-0.0205
running,4,7688,-0.6393,9.4236,2.3846,-0.0192,0.109,-0.0016
running,5,2,-0.2993,9.0884,2.0255,-0.0208,0.0421,-0.0077
running,5,56,-0.1006,9.6199,2.2745,-0.0384,0.1268,-0.0064
running,5,109,0.0838,9.6558,2.5714,-0.0123,0.1362,0.0083
running,5,162,-0.1317,9.6199,2.7031,0.0573,0.2185,0.0325
running,5,215,-0.0263,9.4379,2.7773,0.1428,0.3147,0.0429
running,5,268,-0.2753,9.4308,2.9616,0.1045,0.2356,-0.0216
running,5,321,-0.0934,9.493,2.8252,0.1116,0.1785,-0.0016
running,5,374,-0.1149,9.0022,2.6887,0.1913,0.1913,0.037
running,5,427,-0.1125,8.9471,2.6336,0.1258,0.2092,0.0061
running,5,480,-0.0407,9.1554,2.7605,0.1769,0.2118,0.0019
running,5,533,-0.067,9.5146,3.0406,0.1924,0.2281,-0.0165
running,5,586,0.2035,9.5098,3.0957,0.0525,0.3672,-0.0941
running,5,639,0.1484,9.5361,2.9305,0.089,0.2627,-0.1418
running,5,692,0.0239,9.1794,3.0598,0.028,0.304,-0.1836
running,5,745,0.1413,11.0325,2.1596,-0.3541,0.1148,-0.2777
running,5,798,-0.4501,12.2511,1.8435,-0.2033,0.0829,-0.2614
running,5,851,-0.984,8.2265,0.2155,0.7194,-0.2944,-0.2268
running,5,904,-2.1261,7.9727,1.5658,0.356,0.0759,-0.3238
running,5,957,-0.6033,12.0787,2.2218,0.2017,0.308,-0.2238
running,5,1010,-0.158,9.3278,1.5419,0.3435,0.3395,0.1029
running,5,1063,-1.4581,5.4755,1.6065,0.4277,0.2771,0.2046
running,5,1116,-2.1668,6.6679,1.4389,0.1332,0.23,-0.1452
running,5,1169,-2.6121,11.7771,2.2577,0.2928,0.1436,-0.2465
running,5,1222,-2.1811,11.8728,3.067,0.162,-0.1492,0.0869
running,5,1275,-2.6073,9.754,2.6025,0.324,0.299,0.1607
running,5,1328,0.7805,7.0413,-1.075,0.3086,1.1767,0.4754
running,5,1381,3.2657,4.7429,-3.0239,0.5449,0.5257,0.8876
running,5,1434,2.4301,9.1195,-0.3184,0.3834,0.6667,0.5812
running,5,1487,0.3136,20.8703,0.6129,0.477,1.2713,0.401
running,5,1540,-0.0072,15.1816,1.731,0.4445,0.9563,0.1319
running,5,1593,-0.8045,14.6094,0.7805,0.4612,0.3091,-0.4874
running,5,1646,-0.6153,9.165,0.5459,0.7645,0.118,-0.7256
running,5,1699,1.9944,3.7972,0.6201,0.3989,0.8785,-0.182
running,5,1752,1.3144,-2.3918,-3.7445,-0.5393,-0.5433,-0.3118
running,5,1805,-0.3065,-1.6281,-5.3534,-0.3419,-0.5921,-0.6384
running,5,1858,-5.8203,20.1855,-3.8499,-0.4397,-0.4666,-0.2934
running,5,1911,-2.2075,20.7817,-2.3846,0.6161,-0.6371,0.0666
running,5,1964,-3.3854,14.6812,2.6839,-0.38,-1.5452,0.2513
running,5,2017,-4.0103,10.963,-0.0455,-0.5764,-0.6851,0.5428
running,5,2070,-0.8475,4.956,0.4884,-0.178,-0.7394,0.6027
running,5,2123,2.1452,-0.1484,-2.1955,-0.0869,0.149,0.6528
running,5,2176,5.2744,-4.2904,-4.7836,-0.6757,0.5532,0.4791
running,5,2229,4.2186,13.0388,-0.431,-0.2273,0.9022,-0.0456
running,5,2282,-1.2354,27.5884,-1.7765,0.5404,1.8098,0.5558
running,5,2335,-0.3759,14.5472,2.7701,-0.0232,1.4925,-0.1895
running,5,2388,0.7709,6.9695,0.3567,-0.0885,0.7512,-0.9979
running,5,2441,0.4956,1.0582,0.1628,-0.3728,0.2915,-1.007
running,5,2494,-0.0192,-2.8635,-4.5226,-0.3624,-0.7815,-0.7893
running,5,2547,0.7207,1.6951,-3.5434,-0.4509,-0.7434,-0.3315
running,5,2600,-7.7141,27.6099,-2.7653,-1.2526,-0.0983,0.8002
running,5,2653,-2.0279,19.3643,0.8499,0.6592,-1.3147,-0.526
running,5,2706,-1.9585,11.6262,3.8738,-0.1391,-1.9772,-0.3408
running,5,2759,-1.3288,4.0917,-0.1867,-0.4349,-1.3318,0.7242
running,5,2812,0.5459,0.8164,-2.0542,-0.0592,-0.029,0.7448
running,5,2865,5.6958,-1.2402,-0.5411,-0.2832,0.8721,0.1908
running,5,2918,5.4133,0.7901,-4.7357,-0.4,1.0411,-0.1932
running,5,2971,0.0551,40.9145,0.8212,-0.5907,1.8026,0.7115
running,5,3024,0.3687,18.2438,1.8651,0.2537,2.1677,0.2049
running,5,3077,-0.4262,11.9782,2.7126,-0.0282,0.9289,0.1783
running,5,3130,-0.9026,2.5187,0.9218,-0.1348,1.4234,-0.7837
running,5,3183,-0.5171,-2.6169,-3.9121,-0.3517,-0.0794,-0.9332
running,5,3236,1.822,-0.3352,0.5507,-0.3637,0.3413,-0.0083
running,5,3289,2.0255,4.2784,0.4525,-0.6387,-1.0176,0.291
running,5,3342,-10.4507,43.6511,-2.2721,-0.2779,-0.8122,0.064
running,5,3395,-2.1668,15.2295,3.9696,0.833,-1.3059,-1.0624
running,5,3448,2.1811,12.6486,2.7366,-0.1343,-1.9508,0.1868
running,5,3501,0.0958,3.4668,1.0487,-0.4378,-1.2215,1.1215
running,5,3554,0.7159,0.6512,-2.4445,0.1823,-0.1921,0.8402
running,5,3607,4.1994,-2.2505,-0.8811,0.3333,1.89,-0.4293
running,5,3660,5.0757,5.1547,-1.4078,0.4666,0.5761,-0.7496
running,5,3713,-1.1444,44.0413,0.644,0.0991,1.9454,0.619
running,5,3766,-0.3519,15.6461,3.2513,0.2505,1.8679,0.5713
running,5,3819,-1.1325,9.572,1.889,-0.5441,0.6931,-0.0887
running,5,3872,-1.5419,0.7111,-0.0766,0.4301,0.4668,-1.2854
running,5,3925,0.2011,-4.3311,-3.3686,-0.0594,-0.8772,-1.145
running,5,3978,2.557,0.9122,-5.4564,0.3946,-0.7922,0.1684
running,5,4031,-1.7166,33.1741,2.8515,-1.2425,-0.4844,0.6616
running,5,4084,-8.6167,16.2207,-0.1053,1.1714,-1.282,-1.2073
running,5,4137,-0.6919,12.8904,2.2769,-0.2995,-1.8663,-0.0043
running,5,4190,1.2498,2.5331,-1.6352,-0.3115,-1.7336,1.8167
running,5,4243,1.6352,-0.0215,-1.8316,-0.2385,0.7453,1.4048
running,5,4296,4.1779,-0.0479,-1.8459,-0.5377,0.8146,-0.1916
running,5,4349,4.9608,2.2649,-1.8411,-0.57,1.1525,-1.4717
running,5,4402,1.1325,42.8203,-4.3263,-0.271,1.2857,0.7802
running,5,4455,-1.0199,16.5224,0.17,0.5825,1.1258,0.6488
running,5,4508,-3.1173,8.0302,3.7876,0.408,0.7157,-1.0214
running,5,4561,0.68,-0.1053,-1.6951,-0.0509,0.1908,-1.4493
running,5,4614,2.5809,-4.8722,-2.3631,-0.7381,-1.5463,-0.6483
running,5,4667,0.4501,0.9601,-5.1882,-0.7136,-1.5521,0.2092
running,5,4720,-3.3758,38.7717,1.8196,-1.4786,-0.1506,1.0144
running,5,4773,-3.7613,13.5632,1.8747,0.0386,-0.7581,-1.2113
running,5,4826,-2.8036,11.6215,3.5817,0.1471,-1.3206,-0.3776
running,5,4879,0.7614,4.6663,-0.9553,-0.558,-0.9566,0.2377
running,5,4932,4.1683,1.5179,-0.8236,-0.1116,1.7253,0.8151
running,5,4985,6.5266,2.6193,-5.3558,-1.0954,0.9665,-0.0909
running,5,5038,-1.6616,31.2898,-1.4198,0.364,0.2068,-0.2742
running,5,5091,-2.0997,14.1306,2.4062,0.2795,1.5295,0.6851
running,5,5144,-2.4517,8.2815,3.2729,0.3227,0.8223,0.2209
running,5,5197,0.2658,5.5067,-0.261,-0.2707,1.2604,-0.9308
running,5,5250,0.5315,3.9073,-0.4214,0.0168,-0.898,-1.101
running,5,5303,1.5969,4.2042,-4.9895,-0.8628,-0.2622,0.0975
running,5,5356,0.5986,13.9941,3.3758,-1.2441,1.0062,0.3451
running,5,5409,-2.4445,21.0786,-1.5347,-0.3392,2.0819,0.0887
running,5,5462,-3.2968,6.2584,3.7278,0.7426,-0.4005,0.0298
running,5,5515,-0.0694,6.4787,1.822,-0.5641,-0.3832,-0.1919
running,5,5568,0.4118,10.5512,0.7901,0.0357,0.2862,-0.0504
running,5,5621,0.4214,8.5258,1.4724,0.1037,1.0174,0.3698
running,5,5674,-1.1636,5.1787,-0.237,-0.6211,1.1911,-0.1005
running,5,5727,-0.2658,12.3948,1.4485,-0.9355,1.3574,-0.3254
running,5,5780,0.9888,15.8783,0.8547,0.4106,-0.0016,0.47
running,5,5833,-1.2234,7.7093,2.138,0.2638,0.4882,0.591
running,5,5886,0.0694,6.2776,1.0726,-0.1884,0.7727,-0.0485
running,5,5939,0.3998,10.5417,1.5658,-0.0536,0.0895,-0.1772
running,5,5992,0.1341,9.9311,1.3455,0.085,0.052,0.3877
running,5,6045,-0.1676,9.2584,1.5036,-0.0522,0.1751,0.4085
running,5,6098,-0.2873,9.7971,1.5897,-0.2846,0.2166,0.15
running,5,6151,-0.4573,10.0987,1.8962,-0.0949,0.251,0.1551
running,5,6204,-0.3926,9.268,1.9201,0.0011,0.421,0.2321
running,5,6257,0.1293,9.007,1.8196,-0.1535,0.0338,0.311
running,5,6310,-0.079,9.9719,1.8316,-0.2649,0.2254,0.2902
running,5,6363,-0.8691,9.9982,1.8651,-0.1567,0.2284,0.0917
running,5,6416,-0.3711,9.3158,2.047,-0.1314,0.1164,0.0051
running,5,6469,-0.146,9.0477,2.1691,-0.1135,0.0581,0.0525
running,5,6522,-0.158,9.8282,2.2913,-0.1196,0.0533,0.0866
running,5,6575,-0.3136,9.6414,2.375,-0.1367,0.0472,-0.0093
running,5,6628,-0.5555,9.347,2.2721,-0.1631,0.0272,-0.1047
running,5,6681,-0.4429,9.402,2.5043,-0.0842,0.04,-0.1183
running,5,6734,-0.4669,9.5433,2.3798,-0.0642,0.0258,-0.041
running,5,6787,-0.4286,9.3111,2.3631,-0.0544,0.0077,-0.0863
running,5,6840,-0.5243,9.3709,2.5857,0.0149,0.0195,-0.0871
running,5,6893,-0.3543,9.3757,2.4062,-0.0701,0.0141,-0.0805
running,5,6946,-0.6297,9.3901,2.6959,-0.0304,-0.0032,-0.0877
running,5,6999,-0.7326,9.5217,2.5211,0.0144,0.0296,-0.0661
running,5,7052,-0.5507,9.3326,2.7126,0.0362,0.0386,-0.0578
running,5,7105,-0.6177,9.4116,2.5809,-0.0139,0.0037,-0.024
running,5,7158,-0.5602,9.3063,2.4588,0.0253,0.0061,-0.0109
running,5,7211,-0.6728,9.4595,2.5259,0.0256,0.0213,0.0216
running,5,7264,-0.7159,9.4379,2.49,0.008,-0.0091,0.012
running,5,7317,-0.6249,9.3829,2.4924,-0.0064,0.0658,0.0157
running,5,7370,-0.5171,9.4882,2.5163,-0.041,0.0741,0.033
running,5,7423,-0.6632,9.5002,2.5043,-0.0829,-0.0037,0.0341
running,5,7476,-0.68,9.5193,2.32,0.0203,0.0738,0.0285
running,5,7529,-0.4525,9.4044,2.4636,0.0099,0.085,0.0253
running,5,7582,-0.3855,9.5624,2.3966,-0.0456,0.1029,0.0226
running,5,7635,-0.3974,9.5002,2.3774,-0.0719,0.1391,0.0101
running,5,7688,-0.3998,9.4523,2.308,-0.0602,0.1474,-0.0016
running,5,7741,-0.4214,9.5816,2.3798,-0.073,0.1455,-0.0269
running,5,7794,-0.4142,9.505,2.3176,-0.105,0.1612,-0.041
running,5,7847,-0.5219,9.4954,2.2027,-0.0909,0.1607,-0.0418
running,5,7900,-0.4429,9.4284,2.2769,-0.1255,0.1431,-0.0392
running,5,7953,-0.4788,9.4308,2.2482,-0.0298,0.1676,-0.0229
running,5,8006,-0.4956,9.402,2.2362,-0.0218,0.1319,-0.0064
running,5,8059,-0.5507,9.481,2.3296,-0.0203,0.1431,-0.016
running,5,8112,-0.5531,9.4906,2.3056,-0.0432,0.1617,0.0005
running,5,8165,-0.565,9.5409,2.2003,-0.0115,0.1015,0.0035
running,5,8218,-0.5387,9.4906,2.15,0.0203,0.114,0.0077
running,5,8271,-0.5148,9.402,2.0566,-0.0064,0.1114,-0.0008
running,5,8324,-0.4621,9.6031,1.9656,0.0128,0.0917,0.0024
running,5,8377,-0.395,9.3972,2.083,-0.0645,0.1151,-0.0059
running,5,8430,-0.4741,9.5481,2.1883,-0.0759,0.0669,-0.0187
running,5,8483,-0.5291,9.6438,2.2003,-0.028,0.121,-0.0088
running,5,8536,-0.4501,9.4643,2.2505,-0.1292,0.1116,-0.0333
running,5,8589,-0.4717,9.5098,2.2577,-0.1498,0.1005,-0.0512
running,5,8642,-0.5555,9.4595,2.1979,-0.1324,0.0791,-0.0624
running,5,8695,-0.5387,9.5074,2.3607,-0.06,0.1119,-0.0682
running,5,8748,-0.5124,9.4834,2.3463,-0.061,0.093,-0.069
running,5,8801,-0.6369,9.4308,2.4277,-0.0565,0.0882,-0.0616
running,5,8854,-0.7422,9.4739,2.4349,-0.0946,0.0911,-0.061
running,5,8907,-0.6776,9.6199,2.3846,-0.0687,0.0741,-0.0557
running,5,8960,-0.6632,9.4427,2.32,-0.0037,0.1244,-0.0381
running,5,9013,-0.7781,9.3589,2.3559,-0.0397,0.0903,-0.0133
running,5,9066,-0.8045,9.4667,2.3056,-0.0389,0.0959,-0.0168
running,5,9119,-0.6704,9.5193,2.3152,-0.0184,0.0653,-0.0099
running,5,9172,-0.6728,9.414,2.3224,-0.0128,0.0855,0.0053
running,5,9225,-0.7542,9.4379,2.308,-0.036,0.0935,0.0053
running,5,9278,-0.8021,9.4092,2.32,-0.0666,0.1346,-0.0093
running,5,9331,-0.7422,9.5505,2.3008,-0.0903,0.0914,-0.0197
running,5,9384,-0.7326,9.3709,2.3248,-0.1098,0.0381,-0.0037
down-stairs,1,2,-0.4597,9.3685,2.6288,0.0376,0.0312,-0.0099
down-stairs,1,56,-0.3783,9.3158,2.6647,-0.0021,0.0717,-0.0067
down-stairs,1,109,-0.4477,9.4236,2.727,-0.0394,0.0288,-0.0187
down-stairs,1,162,-0.4645,9.4523,2.6456,0.0067,0.0386,-0.0197
down-stairs,1,215,-0.4764,9.347,2.6647,-0.0333,0.0648,-0.0261
down-stairs,1,268,-0.4908,9.3853,2.7126,-0.0394,0.0525,-0.0274
down-stairs,1,321,-0.4836,9.5648,2.5881,0.0373,0.0131,-0.0091
down-stairs,1,374,-0.2705,9.3972,2.648,0.1399,0.0823,0.0088
down-stairs,1,427,-0.1724,9.3757,2.7964,0.2068,0.1159,0.0229
down-stairs,1,480,-0.0862,9.2177,3.0071,0.1332,0.1825,0.0717
down-stairs,1,533,-0.4357,9.5265,2.8587,0.0773,0.0613,0.0296
down-stairs,1,586,-0.2011,9.2775,2.9209,0.1439,-0.1212,0.0394
down-stairs,1,639,0.2035,9.1554,2.8826,0.1871,-0.0242,0.0762
down-stairs,1,692,0.2801,9.3589,2.7174,0.0719,0.0048,0.0951
down-stairs,1,745,0.3304,9.5505,2.5355,-0.0168,-0.0091,0.0072
down-stairs,1,798,0.0383,9.3278,2.3774,-0.0632,0.0679,-0.1002
down-stairs,1,851,0.0072,9.2105,2.5402,-0.1487,0.0671,-0.2414
down-stairs,1,904,-0.8571,10.0293,1.743,-0.1937,-0.1825,-0.2771
down-stairs,1,957,-0.9313,10.9607,2.32,-0.0301,-0.3147,-0.1713
down-stairs,1,1010,-0.5195,9.0381,2.0566,0.3701,-0.4517,-0.0831
down-stairs,1,1063,-0.668,9.1985,2.4948,-0.0056,-0.0863,-0.0951
down-stairs,1,1116,-0.8404,10.1825,2.399,-0.1167,-0.0695,-0.0394
down-stairs,1,1169,-0.6033,8.8562,2.3296,0.0762,-0.1186,-0.1018
down-stairs,1,1222,-1.2809,7.3239,1.9824,0.1303,0.1359,-0.0461
down-stairs,1,1275,-0.8882,7.3023,1.7047,0.0749,0.1114,0.036
down-stairs,1,1328,-0.51,7.0342,1.7933,0.0554,0.0061,0.045
down-stairs,1,1381,-1.0415,7.4244,1.8914,-0.1783,0.283,0.0735
down-stairs,1,1434,-0.9984,8.3773,1.8986,-0.2681,0.1649,0.0903
down-stairs,1,1487,-1.1851,9.6774,2.1931,-0.2782,0.1188,0.097
down-stairs,1,1540,-0.8691,10.477,2.5163,-0.3262,0.3493,0.0791
down-stairs,1,1593,-0.2155,10.1754,2.4469,-0.307,0.4879,0.0869
down-stairs,1,1646,0.5004,13.0077,2.3152,-0.4996,0.4932,-0.0552
down-stairs,1,1699,-0.2753,12.8736,2.2075,0.1087,-0.8873,-0.2966
down-stairs,1,1752,-0.7566,8.5353,2.0901,0.7669,0.3168,-0.1591
down-stairs,1,1805,0.8212,8.1882,1.834,0.0821,0.6635,0.2574
down-stairs,1,1858,0.419,11.9351,2.6049,0.0053,-0.3962,0.0266
down-stairs,1,1911,-0.0287,8.995,1.9656,-0.1218,-0.5865,-0.2984
down-stairs,1,1964,0.4022,7.1419,2.3727,0.0445,0.5265,0.1338
down-stairs,1,2017,0.3136,8.2696,2.6791,-0.2118,0.2046,-0.0997
down-stairs,1,2070,0.0359,7.0342,2.1117,-0.2169,-0.1687,-0.2419
down-stairs,1,2123,0.3591,6.7301,1.9776,-0.0149,-0.3635,-0.1673
down-stairs,1,2176,0.6536,8.5641,2.557,-0.1069,-0.0392,-0.1116
down-stairs,1,2229,-0.6512,10.896,1.6735,-0.2809,1.5124,-0.47
down-stairs,1,2282,-2.9999,12.8186,0.486,-0.0687,0.0669,-0.0981
down-stairs,1,2335,-1.6185,13.1178,2.9856,0.0402,0.1346,-0.0898
down-stairs,1,2388,-2.873,13.1514,1.4724,0.0005,0.125,-0.1593
down-stairs,1,2441,-1.1444,8.7173,2.7246,0.3445,-0.3435,0.2022
down-stairs,1,2494,-0.2131,7.6974,1.573,0.138,-0.1372,0.2633
down-stairs,1,2547,-1.4246,7.1204,1.3743,-0.1444,-0.405,0.215
down-stairs,1,2600,-0.8068,7.5154,1.6783,-0.0637,0.0109,0.182
down-stairs,1,2653,-0.4812,7.7931,1.6879,-0.2068,0.1474,0.048
down-stairs,1,2706,-0.8811,8.442,1.8268,-0.0053,0.0322,0.1548
down-stairs,1,2759,-0.7494,8.9567,1.8411,-0.146,0.283,0.0989
down-stairs,1,2812,-0.747,10.07,2.1093,-0.4469,0.3464,-0.0642
down-stairs,1,2865,-0.7446,11.5831,1.5299,-0.142,0.1676,-0.1745
down-stairs,1,2918,0.4166,12.469,2.7174,0.0123,-0.271,-0.211
down-stairs,1,2971,-0.7302,13.3285,3.3686,-0.2041,0.243,-0.3262
down-stairs,1,3024,-0.0455,11.2863,2.9975,0.2417,-0.287,-0.0807
down-stairs,1,3077,-0.4046,8.9974,2.1476,0.3192,0.0336,-0.1452
down-stairs,1,3130,0.2993,6.1076,1.1875,0.3323,0.0405,0.1047
down-stairs,1,3183,0.6225,7.695,1.3168,0.0397,-0.2707,0.1311
down-stairs,1,3236,0.5243,7.7189,1.7789,-0.0365,-0.3011,-0.2228
down-stairs,1,3289,0.4956,7.8123,2.0782,0.0512,-0.0525,-0.1026
down-stairs,1,3342,0.0862,8.2672,2.7031,-0.125,0.0648,0.0565
down-stairs,1,3395,-0.1269,8.442,0.8547,-0.292,0.4277,-0.0344
down-stairs,1,3448,-1.549,10.6255,0.3735,-0.4383,-0.3062,-0.1753
down-stairs,1,3501,-2.7797,14.0995,1.6233,-0.1953,-0.4112,-0.1103
down-stairs,1,3554,-0.4046,10.5105,3.5626,0.1927,0.4394,-0.234
down-stairs,1,3607,-0.9649,13.1777,3.6895,-0.8865,-0.2329,-0.0176
down-stairs,1,3660,-2.4852,9.833,2.988,0.1868,-0.2531,0.2947
down-stairs,1,3713,0.6177,8.6359,2.2697,0.3826,0.1111,0.2406
down-stairs,1,3766,-0.6201,6.1483,1.324,0.0176,0.2675,0.0791
down-stairs,1,3819,-1.6735,7.7165,2.2697,-0.2481,0.3408,0.3251
down-stairs,1,3872,-0.4214,8.4755,1.6807,-0.1596,0.3706,0.1458
down-stairs,1,3925,-1.1205,7.2472,1.1803,0.0248,0.2276,0.0378
down-stairs,1,3978,-0.5028,8.9328,1.9585,-0.243,0.3128,0.0866
down-stairs,1,4031,0.2442,11.2599,2.5738,-0.615,0.4535,0.0064
down-stairs,1,4084,-0.2825,12.6701,1.9776,-0.4684,0.6315,-0.1569
down-stairs,1,4137,1.2402,11.2599,2.9137,0.1753,-0.0357,0.0887
down-stairs,1,4190,-0.9074,13.9175,2.9497,-0.052,0.8519,-0.0469
down-stairs,1,4243,-0.7685,9.5433,2.8467,0.2153,-0.1903,0.0027
down-stairs,1,4296,0.2921,9.4643,3.3543,0.2185,0.2467,-0.0821
down-stairs,1,4349,0.2538,8.7364,2.3343,-0.0706,-0.3571,-0.0234
down-stairs,1,4402,0.4166,8.0134,1.9513,0.2515,-0.2316,0.145
down-stairs,1,4455,0.6656,7.3574,2.387,0.0397,-0.1055,-0.0794
down-stairs,1,4508,0.4788,7.2856,2.1596,0.0757,-0.2766,-0.1519
down-stairs,1,4561,0.3184,7.3071,1.8172,-0.0442,-0.3896,-0.1511
down-stairs,1,4614,0.7326,8.5353,1.8723,-0.1066,-0.4764,-0.1588
down-stairs,1,4667,-0.9122,10.3908,1.6424,-0.3158,-0.2014,-0.2153
down-stairs,1,4720,-2.5618,13.0604,0.7877,-0.0874,-0.211,0.1274
down-stairs,1,4773,0.4357,11.169,3.2154,0.0482,-0.1183,0.1482
down-stairs,1,4826,-1.7023,12.7635,1.7597,-0.0485,0.2182,-0.1148
down-stairs,1,4879,-1.3001,9.6893,2.7581,0.1639,-0.1748,0.053
down-stairs,1,4932,0.1939,8.8346,2.5857,0.0592,-0.1127,0.255
down-stairs,1,4985,-0.6991,8.0613,1.7813,-0.1178,-0.1404,0.0013
down-stairs,1,5038,-0.2274,7.355,1.9178,0.0024,0.1956,0.1069
down-stairs,1,5091,0.0239,8.0661,2.1237,-0.2862,0.2859,0.11
down-stairs,1,5144,-0.9026,8.9112,2.2434,-0.3168,0.5025,-0.0362
down-stairs,1,5197,-0.6919,8.9304,2.0782,-0.1697,0.5015,-0.1111
down-stairs,1,5250,-0.2634,10.1825,2.7031,-0.3643,0.2675,-0.1663
down-stairs,1,5303,0.1796,12.6534,2.2793,-0.2142,0.2473,-0.1998
down-stairs,1,5356,-0.1724,9.8426,2.32,0.2419,-0.2971,-0.2515
down-stairs,1,5409,-0.577,11.485,2.3679,0.1005,0.7573,-0.0637
down-stairs,1,5462,0.4741,11.8465,2.9233,0.239,-0.2958,-0.1679
down-stairs,1,5515,0.4693,9.0381,2.4588,0.1338,0.1447,-0.1703
down-stairs,1,5568,-0.4334,7.4915,1.8579,-0.0514,0.1106,0.1599
down-stairs,1,5621,-0.2729,8.7891,2.1213,0.0962,-0.2278,-0.0429
down-stairs,1,5674,0.2705,7.944,2.4995,0.0176,-0.2638,-0.3331
down-stairs,1,5727,0.1149,8.0302,2.4684,0.0346,-0.1836,-0.0173
down-stairs,1,5780,-0.3304,8.2073,2.3367,-0.1492,-0.1356,0.0003
down-stairs,1,5833,-0.2155,8.6383,2.2458,-0.1617,-0.0514,-0.1191
down-stairs,1,5886,-1.0223,10.2711,2.0877,-0.4082,-0.1823,-0.1783
down-stairs,1,5939,-2.3846,12.2032,1.6592,-0.2156,-0.2577,-0.0909
down-stairs,1,5992,-0.4597,11.2791,2.5929,0.0147,0.0189,0.0453
down-stairs,1,6045,-0.5794,11.0971,2.648,-0.1745,-0.2129,-0.0837
down-stairs,1,6098,-3.0933,10.6207,2.0183,0.1356,0.008,-0.0013
down-stairs,1,6151,-0.5459,8.1235,2.7557,0.4122,-0.1956,0.0237
down-stairs,1,6204,0.1317,5.8107,1.3001,0.2182,-0.0152,0.0917
down-stairs,1,6257,-1.2067,6.3614,1.8962,-0.0725,-0.0946,0.2012
down-stairs,1,6310,-0.2634,8.6886,1.8316,-0.0666,0.1572,0.2425
down-stairs,1,6363,-0.8715,9.2392,2.1213,-0.1212,0.4085,0.0325
down-stairs,1,6416,-0.6752,9.1985,2.2075,-0.1284,0.607,0.0677
down-stairs,1,6469,0.0718,11.2264,2.3942,-0.7128,0.6086,0.0059
down-stairs,1,6522,-0.3089,13.6733,1.2426,-0.2454,0.4162,-0.1615
down-stairs,1,6575,-0.1006,11.1498,2.3439,0.2984,-0.0911,-0.1905
down-stairs,1,6628,-1.2186,10.3813,2.2601,-0.2249,0.3981,-0.2419
down-stairs,1,6681,0.0,12.0309,2.2338,0.3834,-0.4088,0.0674
down-stairs,1,6734,-0.1532,10.5058,2.4972,0.3635,-0.0858,-0.3182
down-stairs,1,6787,-0.261,7.0246,1.561,0.295,0.1295,0.1641
down-stairs,1,6840,-0.2179,9.7827,1.7286,-0.0789,-0.0085,0.2369
down-stairs,1,6893,0.972,10.8481,1.5395,-0.2169,-0.2062,-0.1671
down-stairs,1,6946,0.1006,8.8202,1.8962,-0.3152,-0.008,-0.2153
down-stairs,1,6999,-0.2729,9.7013,2.1811,-0.393,0.2297,0.1575
down-stairs,1,7052,-0.8499,10.2041,1.889,-0.1063,-0.1777,0.0285
down-stairs,1,7105,-0.7254,9.4978,1.6879,0.3829,-0.2124,-0.06
down-stairs,1,7158,0.0599,8.7149,1.5778,0.3016,0.041,0.0605
down-stairs,1,7211,0.1508,9.6175,1.5036,0.0064,0.0906,0.0653
down-stairs,1,7264,-0.2562,10.3908,1.5131,-0.1529,-0.1132,0.0155
down-stairs,1,7317,-0.3926,9.4068,1.8244,-0.0171,0.0402,-0.0045
down-stairs,1,7370,-0.5363,9.153,1.7286,0.0536,0.1444,0.0242
down-stairs,1,7423,-0.3543,9.7276,1.8794,-0.1276,0.0754,-0.032
down-stairs,1,7476,-0.1796,9.9048,1.81,-0.1612,0.0224,-0.0653
down-stairs,1,7529,-0.4764,9.5529,1.8866,-0.0935,0.1295,-0.0317
down-stairs,1,7582,-0.5195,9.3901,2.0662,-0.1135,0.1002,-0.0285
down-stairs,1,7635,-0.3472,9.5433,2.0039,-0.1066,-0.0045,-0.036
down-stairs,1,7688,-0.3424,9.5433,2.1237,-0.0669,0.0602,-0.0274
down-stairs,2,2,-0.3807,9.5816,2.3727,-0.0658,0.1418,-0.0277
down-stairs,2,56,-0.1245,9.517,2.5642,0.0059,0.1474,0.0104
down-stairs,2,109,-0.0311,9.4116,2.7773,0.0424,0.2571,0.0139
down-stairs,2,162,-0.3208,9.3565,2.8132,-0.0506,0.1482,-0.0165
down-stairs,2,215,-0.2538,9.3661,2.7294,-0.0882,-0.0037,0.0083
down-stairs,2,268,-0.0694,9.1818,2.7294,-0.113,0.0173,-0.0083
down-stairs,2,321,-0.3089,9.2656,2.8491,-0.1343,-0.0011,-0.0869
down-stairs,2,374,-0.395,9.5265,2.6432,-0.1892,-0.0805,-0.1455
down-stairs,2,427,-0.2394,9.5289,2.4948,-0.1402,-0.2204,-0.2169
down-stairs,2,480,-0.8236,9.3709,2.1931,-0.1375,-0.3611,-0.2345
down-stairs,2,533,-0.8092,10.0772,2.3894,0.0133,-0.4221,-0.1356
down-stairs,2,586,-0.3855,9.0812,2.3463,0.3792,-0.6328,-0.0592
down-stairs,2,639,-0.8116,8.7987,2.1787,0.1756,-0.4407,-0.0165
down-stairs,2,692,-0.6536,10.6494,2.4876,0.0869,-0.142,-0.0589
down-stairs,2,745,-0.577,9.1818,2.399,0.2305,-0.1919,-0.1958
down-stairs,2,798,-1.4078,7.5561,1.8459,0.1679,-0.138,-0.085
down-stairs,2,851,-0.8571,7.4771,1.6424,0.0922,-0.1412,0.0096
down-stairs,2,904,-0.1101,7.0773,1.5778,0.1641,0.0192,0.0306
down-stairs,2,957,-0.5387,7.1371,1.7933,-0.1876,0.178,0.0941
down-stairs,2,1010,-1.2737,9.3015,2.2482,-0.4146,0.2806,0.0674
down-stairs,2,1063,-1.2067,10.8697,2.2889,-0.3395,0.114,-0.0195
down-stairs,2,1116,-0.9266,10.1179,2.727,-0.2145,0.4066,0.0983
down-stairs,2,1169,-1.5107,10.4483,3.2226,-0.2856,0.5375,-0.0144
down-stairs,2,1222,-0.2825,11.0301,2.5809,-0.4751,0.081,-0.0658
down-stairs,2,1275,0.328,9.6271,1.8507,0.2894,-0.1633,-0.0514
down-stairs,2,1328,0.0742,8.5808,2.5067,-0.0474,0.3317,-0.234
down-stairs,2,1381,-0.7542,15.5623,3.8499,-0.4658,0.316,-0.2974
down-stairs,2,1434,0.0982,9.8282,2.4541,0.408,-0.1063,-0.3275
down-stairs,2,1487,-0.9361,6.845,2.0327,0.3746,0.3776,0.0144
down-stairs,2,1540,0.2203,6.6894,1.652,0.1548,0.2987,0.2009
down-stairs,2,1593,0.3926,9.7971,1.8914,-0.0168,-0.2313,-0.1042
down-stairs,2,1646,-0.1413,7.1347,2.0782,0.0738,-0.2403,-0.2169
down-stairs,2,1699,0.0359,7.1299,2.1237,0.0767,-0.1092,0.0434
down-stairs,2,1752,0.103,7.7764,2.3942,-0.0663,-0.1522,0.0112
down-stairs,2,1805,0.1221,8.6335,2.5091,-0.3131,0.0005,-0.1162
down-stairs,2,1858,-0.5124,10.094,2.0686,-0.5862,0.129,-0.1585
down-stairs,2,1911,-2.0566,10.9247,0.4956,-0.1231,-0.1607,-0.0589
down-stairs,2,1964,-1.5203,12.8138,2.241,-0.0317,-0.0397,0.0562
down-stairs,2,2017,-1.6352,14.303,2.4301,-0.0434,-0.0885,-0.0304
down-stairs,2,2070,-2.0662,9.9719,2.8515,0.2627,0.0621,-0.1138
down-stairs,2,2123,-1.3503,9.4092,2.4181,-0.0933,0.0075,0.0008
down-stairs,2,2176,-1.5155,9.7205,2.3679,-0.0464,-0.2372,0.1532
down-stairs,2,2229,-0.8021,7.8003,2.1045,0.0272,-0.141,0.0671
down-stairs,2,2282,-0.2011,5.9424,1.9417,0.0786,0.1919,0.1079
down-stairs,2,2335,-0.6656,6.45,1.3958,-0.2547,0.1871,0.1106
down-stairs,2,2388,-1.1229,7.2544,1.5251,-0.1881,0.1183,0.0813
down-stairs,2,2441,-0.7997,9.177,2.5474,-0.3547,0.3605,-0.0107
down-stairs,2,2494,-1.0487,11.6095,3.158,-0.5201,0.6217,-0.0799
down-stairs,2,2547,-0.917,11.4419,3.4788,-0.2236,0.4,0.0386
down-stairs,2,2600,0.1413,10.7045,2.7031,0.0029,0.3946,0.1148
down-stairs,2,2653,-0.6321,13.3549,3.3327,-0.3962,0.2502,0.0336
down-stairs,2,2706,-0.3711,10.8529,2.9257,0.3773,-0.3331,-0.1242
down-stairs,2,2759,-0.2753,8.7867,2.399,0.3445,0.11,-0.1031
down-stairs,2,2812,0.2658,7.0964,2.2314,0.2963,0.2334,0.1972
down-stairs,2,2865,0.1484,8.758,1.7286,0.1087,-0.3147,0.0333
down-stairs,2,2918,0.4046,8.0613,2.0782,-0.0029,-0.3853,-0.1074
down-stairs,2,2971,0.3017,7.5274,2.2505,0.1402,-0.3344,-0.1295
down-stairs,2,3024,0.419,6.7947,2.1739,0.0248,-0.2867,-0.0823
down-stairs,2,3077,-0.3519,7.1563,2.2553,-0.2222,-0.3208,-0.1087
down-stairs,2,3130,-0.4669,9.754,2.2218,-0.6747,-0.4197,-0.2739
down-stairs,2,3183,-1.8316,11.7172,1.142,-0.1263,-0.5279,-0.1855
down-stairs,2,3236,-1.2809,12.1003,2.399,0.1777,-0.4053,0.0221
down-stairs,2,3289,-1.4653,16.1369,4.0582,-0.388,-0.3645,-0.1058
down-stairs,2,3342,-1.6089,11.2958,3.1316,0.3333,0.3064,0.0192
down-stairs,2,3395,0.1508,9.1267,3.0765,0.2785,-0.178,0.215
down-stairs,2,3448,-1.1995,6.6295,1.494,0.0362,0.024,0.1871
down-stairs,2,3501,-0.8116,7.8554,1.9441,0.0536,-0.2747,0.1972
down-stairs,2,3554,0.0311,6.6343,1.7119,0.0962,0.2366,0.0624
down-stairs,2,3607,-0.7685,6.4093,1.5419,-0.012,0.1607,0.0293
down-stairs,2,3660,-0.3352,8.4443,1.5802,-0.194,0.3451,0.1412
down-stairs,2,3713,0.0575,9.2225,1.9848,-0.3717,0.7226,0.1572
down-stairs,2,3766,-1.3503,11.2456,2.624,-0.6403,1.036,-0.0978
down-stairs,2,3819,-1.4748,11.9207,2.7294,-0.3267,0.2518,-0.2358
down-stairs,2,3872,0.6728,11.3772,2.6145,0.1207,-0.1314,-0.0975
down-stairs,2,3925,0.2466,12.7084,3.3543,-0.0048,0.134,-0.0131
down-stairs,2,3978,-0.0862,10.4555,2.9497,0.2382,-0.089,-0.0357
down-stairs,2,4031,-0.0862,9.5122,2.6647,0.114,0.3347,-0.1047
down-stairs,2,4084,0.7709,10.2639,2.8252,0.1609,-0.1412,-0.1764
down-stairs,2,4137,0.8571,8.3031,2.0446,0.0855,0.0003,0.0069
down-stairs,2,4190,0.4405,7.1587,1.822,0.0687,-0.0016,0.0698
down-stairs,2,4243,0.3567,7.2185,2.217,0.0469,0.0525,-0.1439
down-stairs,2,4296,-0.0024,7.082,2.1668,-0.0957,-0.2723,-0.1644
down-stairs,2,4349,-0.1891,7.367,2.162,-0.1202,-0.2217,-0.1146
down-stairs,2,4402,0.2873,8.5521,2.4469,-0.2193,-0.1625,-0.1436
down-stairs,2,4455,-0.6608,10.7164,2.569,-0.5809,-0.0258,-0.227
down-stairs,2,4508,-1.7621,11.3701,1.3647,-0.1154,0.0195,-0.049
down-stairs,2,4561,-0.2514,10.896,3.0981,0.1095,-0.0701,0.0815
down-stairs,2,4614,-1.5634,15.2511,3.9696,-0.5057,-0.1705,-0.2148
down-stairs,2,4667,-2.6097,11.9375,3.6248,0.2233,-0.1013,-0.1319
down-stairs,2,4720,0.4453,9.177,3.4309,0.2411,-0.126,0.1703
down-stairs,2,4773,-0.9218,7.5992,1.7933,-0.0123,-0.0067,0.0775
down-stairs,2,4826,-1.0606,7.7716,1.6424,0.1063,-0.2395,0.1596
down-stairs,2,4879,-0.0096,6.766,2.0111,0.0298,0.1607,0.0565
down-stairs,2,4932,-0.5842,6.8354,1.5658,-0.0269,0.1431,0.02
down-stairs,2,4985,-0.4501,7.4962,2.1452,-0.056,0.3248,-0.0133
down-stairs,2,5038,-0.0694,8.1044,2.1356,-0.1135,0.4535,0.1063
down-stairs,2,5091,-0.2969,8.9926,2.3104,-0.3784,0.6936,0.1103
down-stairs,2,5144,-1.5897,12.3948,1.9489,-0.4197,1.056,-0.0179
down-stairs,2,5197,0.2849,13.6589,3.6871,-0.3262,-0.2686,-0.0975
down-stairs,2,5250,0.146,11.5712,3.9361,-0.17,0.0056,-0.2212
down-stairs,2,5303,-0.1867,12.9598,2.6743,0.0083,0.2049,0.2129
down-stairs,2,5356,-1.0918,10.1394,3.1699,0.2875,-0.1071,-0.1884
down-stairs,2,5409,-0.0024,7.0509,2.6408,0.122,0.3126,-0.041
down-stairs,2,5462,0.1269,9.5816,2.5881,-0.0578,-0.5169,0.0461
down-stairs,2,5515,0.5914,8.418,2.1763,0.1303,-0.2843,-0.0608
down-stairs,2,5568,0.17,6.177,2.3032,0.2017,-0.2771,-0.1236
down-stairs,2,5621,0.6919,6.7564,2.3415,0.0703,-0.0538,-0.0442
down-stairs,2,5674,0.0,6.6295,2.3583,0.0674,-0.3813,-0.097
down-stairs,2,5727,0.2274,7.4436,1.822,0.0277,-0.2809,-0.0893
down-stairs,2,5780,0.2346,8.0565,2.2913,0.0477,-0.0997,-0.0983
down-stairs,2,5833,-1.0439,12.1817,1.5945,-0.4226,0.0088,-0.2609
down-stairs,2,5886,-2.2936,13.374,2.0853,-0.1132,0.1559,0.0389
down-stairs,2,5939,-1.0319,13.0316,4.1061,-0.1961,0.1745,-0.049
down-stairs,2,5992,-2.885,13.951,2.4493,-0.1354,0.1039,-0.0088
down-stairs,2,6045,-0.3855,10.1107,3.462,0.2084,-0.3861,0.121
down-stairs,2,6098,0.4717,8.6814,2.4038,-0.1058,0.206,0.3091
down-stairs,2,6151,-0.9625,7.2784,1.8124,0.0775,-0.0181,0.1937
down-stairs,2,6204,0.0718,6.2991,1.5323,0.0464,0.3922,0.2358
down-stairs,2,6257,-0.2705,6.4763,1.3455,-0.1194,0.3024,0.1503
down-stairs,2,6310,-0.9577,8.4611,1.6975,-0.1146,0.3706,0.0069
down-stairs,2,6363,-0.2466,9.651,2.4062,-0.1127,0.5985,-0.0264
down-stairs,2,6416,-0.0431,9.7707,2.9832,-0.3928,0.9739,0.1188
down-stairs,2,6469,-0.6105,11.6502,2.399,-0.76,1.1477,0.0965
down-stairs,2,6522,-0.2873,13.2447,2.9592,-0.3627,-0.1007,-0.0274
down-stairs,2,6575,0.3998,11.3246,3.2178,0.1434,0.0264,-0.1007
down-stairs,2,6628,0.103,9.6343,3.1029,0.2526,0.348,0.1063
down-stairs,2,6681,0.1604,10.5848,2.3583,0.2321,0.1466,0.1252
down-stairs,2,6734,0.0862,9.2775,2.1763,0.2515,-0.2209,-0.1386
down-stairs,2,6787,0.0838,9.9168,2.1787,0.0949,-0.0557,-0.0581
down-stairs,2,6840,0.5986,9.7588,2.8826,-0.1146,-0.0632,0.0261
down-stairs,2,6893,0.1772,9.6654,2.6767,-0.2521,0.0237,-0.0485
down-stairs,2,6946,-0.067,9.3757,2.7629,-0.2278,-0.1311,-0.0754
down-stairs,2,6999,0.0024,9.6917,2.399,-0.1977,-0.2057,-0.1045
down-stairs,2,7052,-0.1341,9.5481,2.2362,-0.0653,-0.1911,-0.0911
down-stairs,2,7105,0.1772,9.2488,2.3367,0.0679,-0.0682,-0.0485
down-stairs,2,7158,0.0503,9.0525,2.2841,0.053,0.0517,-0.0464
down-stairs,2,7211,-0.2753,9.6007,2.4565,-0.1308,0.0216,-0.0762
down-stairs,2,7264,-0.5219,9.924,2.4229,-0.0677,-0.0927,-0.0962
down-stairs,2,7317,-0.4453,9.3518,2.4253,0.1212,0.0354,-0.0218
down-stairs,2,7370,-0.3879,9.0932,2.4445,0.0362,0.13,-0.0107
down-stairs,2,7423,-0.4286,9.5217,2.2817,0.0216,-0.0218,-0.0437
down-stairs,2,7476,-0.3184,9.5648,2.4612,-0.0016,-0.0115,-0.0573
down-stairs,2,7529,-0.4477,9.4332,2.6408,-0.0245,0.0794,-0.0211
down-stairs,2,7582,-0.5028,9.4451,2.6552,-0.0568,0.1362,-0.0293
down-stairs,2,7635,-0.4884,9.4906,2.5259,-0.0568,0.0911,-0.0224
down-stairs,2,7688,-0.5195,9.4332,2.5043,-0.0344,0.0994,-0.0064
down-stairs,2,7741,-0.4429,9.4164,2.5091,-0.0402,0.0538,0.0035
down-stairs,3,2,0.2035,10.0916,2.7102,-0.2233,-0.0642,-0.0208
down-stairs,3,56,-0.5291,9.7133,2.8419,-0.037,-0.0109,-0.1143
down-stairs,3,109,-0.237,8.904,2.7318,0.1308,0.1346,-0.1266
down-stairs,3,162,0.3783,9.244,2.6552,-0.056,-0.004,-0.0357
down-stairs,3,215,-0.091,9.7755,2.5977,-0.1071,-0.0663,0.0157
down-stairs,3,268,-0.2514,9.5696,2.4876,0.04,0.0421,-0.0085
down-stairs,3,321,-0.182,9.244,2.7031,0.0083,0.1559,-0.0093
down-stairs,3,374,-0.2011,9.4715,2.5618,-0.0533,0.1037,0.0003
down-stairs,3,427,-0.1724,9.4786,2.4972,-0.0474,0.0413,0.0027
down-stairs,3,480,-0.1101,9.3709,2.5881,0.0232,0.0781,0.0642
down-stairs,3,533,0.1939,9.0908,3.0622,0.0509,0.1705,0.1135
down-stairs,3,586,0.261,9.335,3.1627,0.0448,0.2182,0.1535
down-stairs,3,639,0.146,9.4882,3.4046,0.0677,0.2302,0.1346
down-stairs,3,692,0.0551,9.2703,3.3471,0.1234,0.2481,0.0863
down-stairs,3,745,0.3615,8.8274,3.3758,0.0805,0.129,0.0469
down-stairs,3,798,0.3663,8.9711,3.1987,0.0568,0.138,-0.0008
down-stairs,3,851,0.3711,9.2751,3.225,-0.0037,0.166,-0.0514
down-stairs,3,904,0.6177,9.2392,2.8611,-0.1356,0.1292,-0.1037
down-stairs,3,957,-0.4022,9.8881,2.3774,-0.2771,-0.0552,-0.2196
down-stairs,3,1010,-0.7398,10.6781,2.4229,-0.2046,-0.1143,-0.2505
down-stairs,3,1063,-0.0718,9.6319,2.2075,0.2934,-0.3488,-0.0831
down-stairs,3,1116,-0.2083,8.2839,2.0494,0.2068,-0.2364,0.0677
down-stairs,3,1169,-0.4645,9.7899,2.6073,-0.1402,0.1974,0.0965
down-stairs,3,1222,-0.5722,9.7564,2.2122,0.1657,-0.1306,-0.0679
down-stairs,3,1275,-0.6345,7.5848,2.0016,0.2454,-0.0893,-0.1468
down-stairs,3,1328,-0.8595,7.5657,1.7909,-0.0352,-0.0786,0.0187
down-stairs,3,1381,-0.2418,7.5657,1.8196,0.1394,-0.0477,0.0946
down-stairs,3,1434,-0.3926,7.1395,2.0925,-0.0733,0.1061,0.0392
down-stairs,3,1487,-0.8332,7.841,2.0806,-0.3493,0.1823,0.0546
down-stairs,3,1540,-1.1756,10.1035,2.8874,-0.2348,0.0384,0.0855
down-stairs,3,1593,-0.51,11.078,2.6504,-0.303,0.1415,0.1276
down-stairs,3,1646,0.3567,10.6159,2.2386,-0.0735,0.3802,0.0602
down-stairs,3,1699,0.407,10.7811,1.9944,0.1463,0.3523,-0.0735
down-stairs,3,1752,0.8356,9.2895,1.6807,0.3448,0.1282,-0.0584
down-stairs,3,1805,0.7302,16.0172,2.5929,-0.0341,0.1655,0.0408
down-stairs,3,1858,-0.1939,11.0468,2.9329,0.2483,0.0679,-0.4722
down-stairs,3,1911,-0.1772,6.7062,2.3391,0.3675,0.9395,-0.0171
down-stairs,3,1964,0.668,8.5736,2.1476,-0.2089,0.1708,-0.029
down-stairs,3,2017,0.7877,9.3374,1.64,-0.1074,-0.2864,-0.1298
down-stairs,3,2070,0.3543,7.1132,1.9225,-0.141,-0.2609,-0.2308
down-stairs,3,2123,0.1508,7.5154,2.3463,-0.0536,0.1607,-0.1244
down-stairs,3,2176,0.1413,7.8578,2.6528,-0.2888,-0.1007,-0.133
down-stairs,3,2229,0.0168,8.1642,1.8866,-0.073,0.0962,-0.1474
down-stairs,3,2282,0.0144,8.9639,2.9856,-0.1607,0.1844,-0.1804
down-stairs,3,2335,-1.0367,11.3749,1.3647,-0.4186,0.1553,-0.1242
down-stairs,3,2388,-1.3791,12.0764,2.0782,0.0458,-0.0682,0.0501
down-stairs,3,2441,-0.656,11.1594,2.1907,0.1673,0.1367,0.0592
down-stairs,3,2494,-2.0997,13.0628,1.8627,0.0274,0.1836,0.024
down-stairs,3,2547,-0.8978,9.7181,2.569,0.4541,0.0573,0.1338
down-stairs,3,2600,-0.2897,7.9631,1.8651,0.2787,0.0069,0.271
down-stairs,3,2653,-0.9266,6.9456,1.4653,-0.0735,0.0067,0.0821
down-stairs,3,2706,-0.51,7.0868,1.5921,-0.0935,0.0232,0.1186
down-stairs,3,2759,-0.5842,7.3622,1.4772,-0.1673,0.0831,-0.0464
down-stairs,3,2812,-0.8906,8.6933,1.6472,-0.1641,0.0725,-0.1058
down-stairs,3,2865,-0.1437,11.1402,2.1045,-0.489,0.1609,-0.1362
down-stairs,3,2918,-0.2203,12.9766,1.901,-0.4455,0.1306,-0.0261
down-stairs,3,2971,-0.0383,11.4132,2.5091,0.0266,-0.1127,-0.166
down-stairs,3,3024,-0.1891,11.1474,2.9066,-0.118,0.3917,-0.1316
down-stairs,3,3077,0.0096,13.3094,2.545,-0.0882,0.0152,-0.0895
down-stairs,3,3130,-0.589,9.3087,2.1045,0.2603,-0.2934,-0.2872
down-stairs,3,3183,-0.0048,7.9559,2.1069,0.1442,0.0754,-0.0016
down-stairs,3,3236,0.5507,8.1977,1.81,0.1665,-0.2201,0.0288
down-stairs,3,3289,0.5363,7.5226,2.1165,-0.0981,-0.1711,-0.0618
down-stairs,3,3342,0.2227,6.9145,2.1715,0.0349,-0.1474,-0.0386
down-stairs,3,3395,0.2705,7.6447,1.7885,-0.0011,-0.1663,0.0029
down-stairs,3,3448,0.7302,8.6072,2.7988,-0.2201,-0.2515,-0.0773
down-stairs,3,3501,-0.2203,11.1402,2.2841,-0.5303,-0.1966,-0.194
down-stairs,3,3554,-2.6528,10.173,0.8404,0.1423,-0.2092,-0.1743
down-stairs,3,3607,-1.7789,11.3916,3.0167,0.016,0.2817,-0.1092
down-stairs,3,3660,-1.1827,15.9717,2.6815,-0.3512,-0.2896,-0.1652
down-stairs,3,3713,-2.3583,10.5201,2.4852,0.23,0.093,-0.0509
down-stairs,3,3766,-0.4884,7.6255,2.1404,0.304,0.0075,0.2763
down-stairs,3,3819,-0.4693,6.1675,1.0175,-0.0179,0.2281,0.2065
down-stairs,3,3872,-1.3599,7.9416,1.7071,-0.2595,-0.1426,0.1295
down-stairs,3,3925,-0.6321,7.9631,1.8842,-0.0461,0.3099,0.1119
down-stairs,3,3978,-0.5938,7.2616,1.5706,0.024,0.4242,0.158
down-stairs,3,4031,-0.8954,8.2648,1.8962,-0.0679,0.3952,0.2348
down-stairs,3,4084,-0.6584,9.3446,2.1332,-0.3264,0.5002,0.0693
down-stairs,3,4137,-0.4214,12.4858,2.1931,-0.4085,0.4506,0.0306
down-stairs,3,4190,0.012,12.4714,2.8802,-0.0949,0.113,-0.024
down-stairs,3,4243,0.3711,10.5225,3.0861,-0.0586,0.2523,-0.0616
down-stairs,3,4296,-0.3328,12.3613,3.0789,-0.3107,0.6704,-0.0725
down-stairs,3,4349,-0.1676,10.8194,3.1915,0.0663,-0.0336,-0.2417
down-stairs,3,4402,-0.1269,8.1163,2.5929,0.0733,0.0938,-0.1367
down-stairs,3,4455,-0.1125,7.6399,2.3559,0.0632,0.0973,-0.053
down-stairs,3,4508,0.4118,8.351,2.5019,-0.02,-0.129,-0.1988
down-stairs,3,4561,-0.1604,7.2018,2.6647,-0.1324,-0.2422,-0.2326
down-stairs,3,4614,-0.3328,7.3215,2.2721,0.174,-0.04,-0.1116
down-stairs,3,4667,-0.4381,7.4651,2.49,-0.0605,-0.292,-0.19
down-stairs,3,4720,-0.2921,9.6462,2.7605,-0.2643,-0.049,-0.1508
down-stairs,3,4773,-1.142,11.5616,2.557,-0.4847,-0.105,-0.1807
down-stairs,3,4826,-1.8603,12.1218,2.1883,-0.077,-0.0861,0.0011
down-stairs,3,4879,-0.8882,9.8641,3.1867,0.0727,0.053,0.113
down-stairs,3,4932,-1.9249,11.6478,3.0981,-0.2633,-0.3533,-0.0232
down-stairs,3,4985,-2.6528,10.5776,2.9688,0.0906,-0.4101,-0.1929
down-stairs,3,5038,-0.5387,8.6335,2.6719,0.3179,-0.2174,0.0048
down-stairs,3,5091,0.0215,5.5641,1.3982,0.3363,-0.0711,0.3435
down-stairs,3,5144,-1.0774,5.6527,1.9082,-0.1271,0.1087,0.2382
down-stairs,3,5197,-1.4533,7.75,1.9417,-0.0069,0.247,-0.0112
down-stairs,3,5250,-0.8236,8.1163,2.3511,-0.024,0.117,-0.2233
down-stairs,3,5303,-0.498,7.9152,2.4038,-0.0096,0.2774,0.0421
down-stairs,3,5356,-0.4932,11.3102,2.9305,-0.6861,0.2292,0.1484
down-stairs,3,5409,-1.0032,13.7786,1.336,0.0133,-0.0735,-0.0248
down-stairs,3,5462,0.6488,11.1881,3.9169,0.4375,-0.3016,-0.1559
down-stairs,3,5515,-0.5674,11.3653,2.9353,-0.1655,0.3243,0.037
down-stairs,3,5568,-0.5363,13.781,2.6264,0.2478,-0.3736,0.1218
down-stairs,3,5621,-0.4812,10.4004,3.1819,0.3493,-0.1831,-0.3477
down-stairs,3,5674,0.1939,7.0773,2.5211,0.2388,0.0789,0.194
down-stairs,3,5727,0.1413,7.4795,1.7502,0.146,-0.0581,0.1266
down-stairs,3,5780,0.395,6.9671,1.5347,0.11,-0.384,-0.1322
down-stairs,3,5833,0.3112,6.6535,1.7957,0.1561,-0.3797,-0.211
down-stairs,3,5886,0.3089,7.4675,2.3296,-0.0258,-0.1727,-0.1324
down-stairs,3,5939,0.6297,8.6431,1.3455,0.0421,-0.2856,0.0461
down-stairs,3,5992,0.2658,9.2129,2.1644,-0.2249,-0.0573,-0.1114
down-stairs,3,6045,-1.3958,10.1945,0.1221,-0.0091,0.1116,-0.1061
down-stairs,3,6098,-1.6975,13.3908,1.9704,-0.1647,0.1434,0.1276
down-stairs,3,6151,-0.7159,14.8393,2.2936,-0.3136,-0.2414,-0.121
down-stairs,3,6204,-1.7837,11.2863,1.9513,0.3003,0.3978,-0.0994
down-stairs,3,6257,0.0431,9.8043,2.5977,0.1556,-0.2502,0.2579
down-stairs,3,6310,-0.4334,7.5226,0.8045,-0.2102,0.2356,0.1705
down-stairs,3,6363,-1.1253,7.4986,1.3982,-0.1162,-0.1519,0.0216
down-stairs,3,6416,-0.2035,7.3622,1.7262,-0.3107,0.1825,-0.0061
down-stairs,3,6469,-0.9912,7.9392,1.6592,-0.1255,-0.0152,0.0298
down-stairs,3,6522,-0.9218,8.8418,1.8962,-0.0437,0.4391,-0.0253
down-stairs,3,6575,0.3041,9.4236,2.8108,-0.3051,0.3336,0.0101
down-stairs,3,6628,-0.7278,11.224,2.0638,-0.7623,0.6611,0.0826
down-stairs,3,6681,-0.6129,12.4546,2.2146,-0.4495,0.3219,0.0842
down-stairs,3,6734,0.1341,11.5137,2.4086,-0.0973,0.3243,-0.1705
down-stairs,3,6787,0.4022,10.8769,2.7342,0.0325,0.2955,0.004
down-stairs,3,6840,-0.0192,10.0987,2.6528,-0.0304,0.3435,0.0725
down-stairs,3,6893,0.0814,8.9974,2.2122,-0.0642,0.1567,0.0799
down-stairs,3,6946,0.2993,10.2472,2.1332,-0.0549,-0.1876,0.0554
down-stairs,3,6999,0.3065,9.7971,2.5163,0.0133,0.0818,0.0338
down-stairs,3,7052,0.2801,9.3805,2.5139,-0.0051,0.3024,0.0453
down-stairs,3,7105,-0.2705,9.4978,2.4876,-0.1207,0.4181,0.02
down-stairs,3,7158,-0.395,9.6414,2.3583,-0.0434,0.182,-0.0242
down-stairs,3,7211,-0.1796,9.5217,2.4014,-0.0112,0.1247,-0.0139
down-stairs,3,7264,-0.1293,9.4332,2.4062,-0.0117,0.2249,0.0416
down-stairs,3,7317,-0.3256,9.4715,2.4804,-0.024,0.1913,0.0107
down-stairs,3,7370,-0.3639,9.4451,2.4253,-0.0005,0.1748,-0.0232
down-stairs,4,2,-0.6033,9.4547,2.5259,0.0509,0.0826,0.0218
down-stairs,4,56,-0.407,9.5074,2.715,0.025,0.1783,-0.0016
down-stairs,4,109,-0.5698,9.1913,2.8922,0.0424,0.2603,0.0266
down-stairs,4,162,-0.656,9.232,3.1196,-0.029,0.1561,0.0003
down-stairs,4,215,-0.6249,9.2273,3.122,-0.0562,-0.0296,-0.065
down-stairs,4,268,-0.2418,8.8585,3.1053,0.0296,-0.0517,-0.0107
down-stairs,4,321,-0.1437,8.6526,2.8012,-0.0277,-0.0211,0.0035
down-stairs,4,374,-0.3017,7.865,2.1979,0.0946,-0.1143,-0.0882
down-stairs,4,427,-0.2035,7.4747,2.4493,0.0794,-0.2542,-0.2004
down-stairs,4,480,0.2418,8.0038,2.5642,0.0629,-0.2563,-0.118
down-stairs,4,533,0.1772,8.6,3.1532,-0.2571,-0.199,-0.1218
down-stairs,4,586,0.079,9.5505,2.8108,-0.0909,-0.1242,-0.1196
down-stairs,4,639,0.0622,9.1339,3.1436,-0.0573,-0.1362,-0.23
down-stairs,4,692,0.2658,8.9256,2.7198,-0.2153,0.0858,-0.0442
down-stairs,4,745,-1.4964,9.9407,0.9816,-0.3019,-0.2422,-0.0568
down-stairs,4,798,-2.1859,10.8002,1.9417,0.2713,-0.0727,0.0253
down-stairs,4,851,0.0982,10.9343,2.6552,0.1082,0.0176,0.0125
down-stairs,4,904,-1.1325,11.2144,2.3511,0.0861,-0.0149,0.0346
down-stairs,4,957,-1.2282,10.2807,2.0853,-0.0309,-0.13,0.0895
down-stairs,4,1010,-1.3455,9.1051,1.7214,0.4828,0.0813,0.0994
down-stairs,4,1063,-0.5842,8.3917,1.8771,0.239,-0.1705,-0.1127
down-stairs,4,1116,-0.3112,7.3287,2.0303,0.1098,-0.0562,0.1071
down-stairs,4,1169,-0.8715,7.9009,1.5706,-0.1665,0.0282,0.1386
down-stairs,4,1222,-0.7566,7.7357,1.5874,0.101,0.0743,0.0064
down-stairs,4,1275,-0.8571,9.584,2.4157,-0.2494,0.1418,-0.1346
down-stairs,4,1328,-0.0024,10.8793,2.217,-0.3437,0.3419,0.0173
down-stairs,4,1381,-0.6776,10.8074,2.6863,-0.648,0.6875,-0.1287
down-stairs,4,1434,-0.6273,10.6686,1.8579,-0.2204,0.6102,-0.1583
down-stairs,4,1487,0.0168,12.232,1.9585,0.057,-0.0997,-0.0565
down-stairs,4,1540,-1.7047,10.7332,2.9664,0.1143,0.1396,-0.4359
down-stairs,4,1593,-0.5459,10.3477,2.2386,0.2473,0.0237,-0.1607
down-stairs,4,1646,-0.4262,10.1514,2.5522,0.101,0.1636,-0.1905
down-stairs,4,1699,0.2227,8.7676,1.9034,0.2022,0.0682,0.0565
down-stairs,4,1752,0.0263,8.4108,0.9649,0.0778,0.2547,0.1964
down-stairs,4,1805,-0.6129,8.6335,1.3934,0.2214,0.2705,-0.0181
down-stairs,4,1858,-0.6943,7.9535,1.8699,0.2222,0.0386,-0.2118
down-stairs,4,1911,0.2825,7.4579,2.1332,-0.1567,0.0602,-0.0464
down-stairs,4,1964,-0.565,8.3318,2.3942,-0.3925,-0.0109,0.1351
down-stairs,4,2017,-0.6153,8.3701,1.992,-0.15,-0.0051,0.1692
down-stairs,4,2070,-0.4812,8.3342,1.9178,-0.1231,-0.1234,0.0845
down-stairs,4,2123,-0.7039,11.3677,1.8459,-0.4975,-0.1543,-0.064
down-stairs,4,2176,-1.6735,12.4762,0.8092,-0.1527,-0.1535,0.1146
down-stairs,4,2229,-0.7877,11.4682,2.2003,-0.1492,0.1759,0.032
down-stairs,4,2282,-1.3072,12.7539,2.0279,-0.194,0.2619,-0.0085
down-stairs,4,2335,-0.8835,9.7348,1.8627,0.3126,0.0466,0.1474
down-stairs,4,2388,-0.2873,8.521,1.9537,0.0493,0.0056,0.1817
down-stairs,4,2441,-1.3982,9.1506,1.6209,-0.0426,-0.0701,0.0767
down-stairs,4,2494,-0.6632,8.0397,1.7621,0.1982,-0.0951,0.0781
down-stairs,4,2547,-0.395,6.8115,1.9968,-0.0525,0.223,0.0917
down-stairs,4,2600,-1.1157,7.6543,1.6855,-0.3866,0.2585,0.1031
down-stairs,4,2653,-0.6895,9.7516,2.4924,-0.2534,0.1804,0.0648
down-stairs,4,2706,-0.1125,9.2775,2.4756,-0.1226,0.2601,0.0789
down-stairs,4,2759,-0.589,8.8466,2.4325,-0.408,0.3714,-0.029
down-stairs,4,2812,-0.8475,11.2456,1.834,-0.3821,0.3006,-0.1271
down-stairs,4,2865,1.3001,12.7443,2.3942,0.1007,-0.1711,0.0069
down-stairs,4,2918,-0.1197,12.0548,3.3854,-0.1474,0.0682,-0.2774
down-stairs,4,2971,-0.9361,9.1961,2.5546,0.2955,0.1561,-0.1346
down-stairs,4,3024,-0.0862,11.1977,2.9042,-0.0703,0.4306,-0.024
down-stairs,4,3077,0.2777,9.0501,2.2984,0.4096,-0.5625,-0.1188
down-stairs,4,3130,0.6153,8.0804,1.9393,0.3405,-0.0661,-0.0437
down-stairs,4,3183,0.4932,7.6375,1.5371,0.0085,0.0184,-0.028
down-stairs,4,3236,0.0838,8.5545,2.2553,0.0512,-0.0117,-0.231
down-stairs,4,3289,-0.1389,7.5178,2.3774,0.0456,-0.2161,-0.2001
down-stairs,4,3342,-0.0239,7.4986,1.7909,0.0512,-0.1609,0.0101
down-stairs,4,3395,0.5004,8.7221,2.3296,-0.2084,-0.1063,-0.0592
down-stairs,4,3448,-0.7781,10.92,1.4126,-0.5569,-0.0035,-0.1828
down-stairs,4,3501,-2.9257,11.9878,0.8978,-0.1895,0.0354,0.0091
down-stairs,4,3554,-0.9625,11.3461,3.1101,0.0965,0.1263,0.0011
down-stairs,4,3607,-0.7709,11.746,2.0135,-0.389,-0.1223,-0.0951
down-stairs,4,3660,-2.6815,10.8002,1.9441,0.0933,0.2337,0.1314
down-stairs,4,3713,-0.9457,9.4715,2.964,0.1537,-0.3224,0.1069
down-stairs,4,3766,-0.7446,6.9791,1.9178,0.2454,0.0424,0.1732
down-stairs,4,3819,-0.6967,7.616,2.1476,-0.2579,-0.3301,0.2212
down-stairs,4,3872,-0.2777,7.4675,2.059,0.0104,0.0389,0.2036
down-stairs,4,3925,-1.0582,7.9416,1.6041,-0.0919,0.1162,0.044
down-stairs,4,3978,-0.7518,8.5353,2.3128,-0.0421,0.0967,0.0195
down-stairs,4,4031,-0.1532,10.5704,2.727,-0.2998,0.3344,0.0384
down-stairs,4,4084,-0.9768,9.9264,2.6312,-0.4908,0.4994,-0.1053
down-stairs,4,4137,-1.0391,9.8043,1.8244,0.0525,0.6883,-0.1442
down-stairs,4,4190,0.5938,10.671,2.2577,-0.2025,0.1404,-0.1612
down-stairs,4,4243,-0.1365,14.2838,3.7421,-0.1719,-0.0746,-0.3179
down-stairs,4,4296,0.5052,10.2496,3.2058,0.222,-0.19,-0.137
down-stairs,4,4349,0.4788,8.3582,2.9832,-0.1218,0.3523,0.0898
down-stairs,4,4402,0.2251,9.6391,2.6145,-0.0746,-0.1879,0.0775
down-stairs,4,4455,0.2801,8.5401,2.3152,0.1772,-0.1506,-0.0195
down-stairs,4,4508,0.091,7.3598,2.4277,0.0362,0.0741,-0.1628
down-stairs,4,4561,0.2035,7.9224,2.9018,-0.0147,0.1719,-0.146
down-stairs,4,4614,0.249,7.7596,2.5211,-0.0248,-0.0501,0.0029
down-stairs,4,4667,-0.0982,6.9145,1.9393,0.2142,-0.1188,0.0189
down-stairs,4,4720,0.2083,7.3622,1.324,-0.0123,-0.1684,-0.1458
down-stairs,4,4773,-1.087,13.4817,1.2474,-0.4231,0.0,-0.1404
down-stairs,4,4826,-0.7446,10.8242,2.1955,0.1458,0.2286,0.1487
down-stairs,4,4879,-1.2402,11.1187,2.7222,-0.016,0.0925,0.0043
down-stairs,4,4932,-3.3279,14.1545,1.8747,0.0634,0.0592,-0.0909
down-stairs,4,4985,-0.6345,11.5257,3.8427,0.4215,-0.2918,-0.0951
down-stairs,4,5038,-0.8787,8.7843,2.2697,-0.0008,0.2121,0.1399
down-stairs,4,5091,-1.4748,9.3805,2.2003,-0.1218,-0.2555,0.1892
down-stairs,4,5144,-0.5124,7.865,2.0638,0.1375,0.0338,0.1106
down-stairs,4,5197,-0.7278,5.8969,1.7885,0.0565,0.0434,0.1143
down-stairs,4,5250,-0.9529,6.6391,1.3001,0.0072,-0.0024,0.1998
down-stairs,4,5303,-0.3783,9.6606,1.8268,-0.0821,-0.0203,0.1458
down-stairs,4,5356,-0.1101,10.5082,2.138,-0.0264,0.2593,0.0554
down-stairs,4,5409,-0.249,9.1913,2.9544,-0.2699,0.5724,0.0277
down-stairs,4,5462,-0.8045,10.0652,1.9824,-0.5542,0.8431,0.0107
down-stairs,4,5515,0.9601,12.6677,1.5706,0.0658,0.0895,0.0949
down-stairs,4,5568,-0.0694,10.5129,2.0303,0.2507,-0.3264,-0.2862
down-stairs,4,5621,0.2682,12.0835,2.2434,0.2049,0.2462,0.0397
down-stairs,4,5674,0.3759,11.066,2.5139,0.0679,-0.1079,-0.028
down-stairs,4,5727,0.4908,9.2296,2.7821,0.1015,0.1556,-0.1186
down-stairs,4,5780,0.2514,8.406,1.7813,-0.11,-0.2081,0.0389
down-stairs,4,5833,0.4142,8.4922,2.0997,-0.0592,-0.0456,-0.13
down-stairs,4,5886,0.2897,7.4412,1.6879,0.0973,-0.222,-0.2473
down-stairs,4,5939,0.2538,8.1618,1.6376,-0.0999,-0.2673,-0.2057
down-stairs,4,5992,0.1748,9.2871,2.2625,0.0885,-0.2417,-0.1809
down-stairs,4,6045,0.3065,9.335,2.0423,0.1319,-0.2774,-0.3376
down-stairs,4,6098,0.5578,9.2464,2.5929,-0.0674,0.0586,-0.2803
down-stairs,4,6151,0.067,10.2185,1.336,-0.562,-0.2601,-0.1657
down-stairs,4,6204,-1.8651,11.5065,0.2514,-0.1641,-0.125,0.0109
down-stairs,4,6257,-1.9656,11.4826,1.1444,0.0797,-0.1751,0.0171
down-stairs,4,6310,-0.5363,11.1761,1.8531,0.1162,-0.1583,-0.1223
down-stairs,4,6363,-1.5371,10.6159,1.6448,0.0021,0.0021,-0.1394
down-stairs,4,6416,-1.4653,10.6111,1.5323,-0.3166,-0.0941,-0.033
down-stairs,4,6469,-1.4461,9.4044,1.3455,-0.016,0.0282,0.0296
down-stairs,4,6522,-0.6871,8.8466,1.7358,-0.1327,0.0512,-0.0823
down-stairs,4,6575,-1.4317,9.4379,2.0423,-0.3909,0.0581,-0.069
down-stairs,4,6628,-1.1827,10.0078,2.0423,-0.2883,0.0735,-0.0413
down-stairs,4,6681,-0.9457,9.4116,2.2458,-0.1929,0.0629,-0.0322
down-stairs,4,6734,-0.6584,9.493,2.1691,-0.1727,0.0397,0.0461
down-stairs,4,6787,-0.6823,9.7827,2.071,-0.0946,0.044,0.033
down-stairs,4,6840,-0.8212,9.2703,2.1787,0.0274,0.0901,-0.0003
down-stairs,4,6893,-0.8404,9.2464,2.3008,-0.0392,0.162,0.0029
down-stairs,4,6946,-0.7183,9.6558,2.3679,-0.0858,0.0917,-0.0128
down-stairs,4,6999,-0.6584,9.6438,2.4948,-0.0602,0.0293,-0.0493
down-stairs,4,7052,-0.6776,9.3541,2.4134,-0.0442,0.0621,-0.0562
down-stairs,4,7105,-0.735,9.3087,2.5857,-0.052,0.0802,-0.029
down-stairs,4,7158,-0.656,9.2967,2.4445,-0.0687,0.0962,-0.0392
down-stairs,5,2,-0.2777,9.3374,2.2338,0.0003,-0.2092,-0.1103
down-stairs,5,56,-0.431,9.6558,2.1213,-0.0549,-0.3072,-0.1138
down-stairs,5,109,-0.9673,9.2895,2.2003,0.2137,-0.3896,-0.0589
down-stairs,5,162,-1.3815,8.6239,2.2003,0.3706,-0.3717,-0.0328
down-stairs,5,215,-0.7254,9.8067,2.885,-0.0354,0.3075,0.0384
down-stairs,5,268,-0.8284,9.7612,2.4253,-0.073,0.0352,0.1082
down-stairs,5,321,-1.3431,8.0589,2.0016,0.1082,0.0965,0.109
down-stairs,5,374,-0.5291,6.8546,1.5682,0.1665,0.0067,0.1506
down-stairs,5,427,-0.2801,7.4747,1.5706,-0.0677,0.3528,0.1306
down-stairs,5,480,-1.087,8.9687,1.98,-0.3168,0.5223,0.1551
down-stairs,5,533,-1.2019,9.5002,1.81,-0.2497,0.4836,0.1399
down-stairs,5,586,-0.7805,9.1363,2.1141,-0.1005,0.385,0.0661
down-stairs,5,639,-1.3982,9.7492,2.3248,-0.433,0.5127,-0.0224
down-stairs,5,692,-0.8212,11.4467,2.1117,-0.2422,0.3746,0.0173
down-stairs,5,745,0.8236,11.4754,3.0789,-0.0368,0.1386,0.0024
down-stairs,5,798,0.0527,10.0197,2.3846,0.0778,0.1506,-0.0879
down-stairs,5,851,0.1508,11.7819,2.5115,-0.0282,0.0754,-0.0698
down-stairs,5,904,0.826,11.5951,2.3008,0.3179,-0.2662,-0.0925
down-stairs,5,957,0.0766,8.6886,2.4038,0.3802,0.0911,-0.085
down-stairs,5,1010,0.407,7.6471,1.7621,0.0959,0.1998,0.0842
down-stairs,5,1063,0.2921,9.754,1.5203,-0.0061,-0.1458,-0.0749
down-stairs,5,1116,0.1987,8.588,1.6544,0.0679,-0.3195,-0.2294
down-stairs,5,1169,0.395,7.2089,2.0207,0.02,-0.3467,-0.1436
down-stairs,5,1222,0.4741,8.3749,1.8483,-0.0722,-0.1274,-0.0813
down-stairs,5,1275,-0.067,8.248,2.375,-0.0682,-0.23,-0.1263
down-stairs,5,1328,0.0503,8.442,2.3846,-0.1375,-0.1412,-0.1522
down-stairs,5,1381,-0.1125,8.8514,2.8276,-0.3262,-0.1244,-0.2425
down-stairs,5,1434,-0.2418,8.6359,2.2386,-0.3786,0.0253,-0.2118
down-stairs,5,1487,-0.996,10.8912,2.5881,-0.8748,0.0458,-0.1604
down-stairs,5,1540,-2.1524,13.0221,1.9273,-0.5372,-0.0954,0.0253
down-stairs,5,1593,-0.668,10.975,3.8738,-0.1735,0.1905,-0.0714
down-stairs,5,1646,-1.7406,12.5169,2.9497,-0.3424,0.1545,-0.1644
down-stairs,5,1699,-1.3431,11.4419,3.4261,-0.1029,0.0061,0.0437
down-stairs,5,1752,-0.9146,9.3015,3.1867,0.15,-0.0037,0.0709
down-stairs,5,1805,-1.2594,8.0254,2.6336,0.255,0.0845,0.0394
down-stairs,5,1858,-0.4956,7.7524,2.2865,0.2617,-0.1988,0.1292
down-stairs,5,1911,0.3926,6.9671,2.0853,0.0618,0.1268,0.1244
down-stairs,5,1964,-0.2059,6.45,2.1955,0.0762,0.3981,0.1527
down-stairs,5,2017,-0.6632,7.2903,2.2434,-0.1322,0.5473,0.1729
down-stairs,5,2070,-1.142,7.7452,2.3463,-0.1564,0.494,0.0978
down-stairs,5,2123,-1.3096,9.7324,2.6504,-0.1671,0.4128,0.0173
down-stairs,5,2176,-1.7358,11.6286,2.8922,-0.1463,0.4189,0.0099
down-stairs,5,2229,-1.1875,11.5137,2.9928,-0.1737,0.2534,-0.065
down-stairs,5,2282,0.1796,10.5129,2.3487,0.2292,0.2801,-0.1839
down-stairs,5,2335,0.5938,11.382,3.4117,-0.049,0.2401,-0.1047
down-stairs,5,2388,-0.6321,13.7188,2.9018,-0.1769,0.4072,-0.0906
down-stairs,5,2441,-0.5363,9.4236,2.1548,0.316,-0.0893,-0.1777
down-stairs,5,2494,-0.2274,7.4747,2.1117,0.4274,-0.1077,-0.0743
down-stairs,5,2547,0.7398,7.4292,1.8962,0.1338,0.0357,0.114
down-stairs,5,2600,0.3926,7.6064,1.8627,-0.0642,-0.1306,0.008
down-stairs,5,2653,-0.5411,8.2289,2.2673,-0.1079,-0.138,-0.1069
down-stairs,5,2706,-0.4956,8.6024,2.15,0.0703,-0.4943,-0.0842
down-stairs,5,2759,0.4334,8.0756,2.6959,0.1921,-0.4525,-0.1061
down-stairs,5,2812,-0.1915,8.0325,2.5786,-0.0879,-0.1314,-0.114
down-stairs,5,2865,-0.3783,10.0868,2.9592,-0.2814,-0.1037,-0.1644
down-stairs,5,2918,-1.233,11.9207,2.9449,-0.7133,-0.1423,-0.3024
down-stairs,5,2971,-1.901,11.1977,1.9465,-0.0234,-0.0493,-0.1537
down-stairs,5,3024,-1.3862,9.8282,2.7869,0.2891,-0.1641,-0.0008
down-stairs,5,3077,-0.6177,10.149,2.885,-0.037,0.2803,-0.0224
down-stairs,5,3130,-1.2498,11.6262,1.9992,-0.4074,-0.2529,0.0645
down-stairs,5,3183,-2.4541,10.0221,2.1572,0.2153,0.3307,0.2494
down-stairs,5,3236,-0.6464,8.0924,2.4852,0.4343,-0.0083,0.1303
down-stairs,5,3289,-0.1101,6.687,1.3144,0.2225,0.2542,0.2305
down-stairs,5,3342,-0.8284,6.8714,1.652,0.0242,0.1106,0.2811
down-stairs,5,3395,-0.8212,7.4867,1.3024,0.0717,0.3944,0.2161
down-stairs,5,3448,-0.9816,7.9751,1.7023,0.1159,0.385,0.0325
down-stairs,5,3501,-0.8236,9.8713,2.2003,-0.0453,0.3355,0.0466
down-stairs,5,3554,-0.9816,11.0852,2.3176,-0.2238,0.3704,0.0378
down-stairs,5,3607,-1.1349,11.9495,2.4229,-0.4016,0.5638,0.0075
down-stairs,5,3660,-1.1325,11.2671,2.5379,-0.2356,0.1316,-0.154
down-stairs,5,3713,0.0239,10.0604,1.9417,0.154,0.0493,-0.0887
down-stairs,5,3766,0.7207,11.2264,2.3272,-0.2486,0.2737,-0.0197
down-stairs,5,3819,0.0,13.4027,2.0542,-0.1098,0.4029,0.0613
down-stairs,5,3872,-0.8092,8.4132,2.047,0.3142,-0.0706,-0.2214
down-stairs,5,3925,-0.1269,6.6104,1.585,0.1897,0.5097,0.0645
down-stairs,5,3978,0.4932,9.0644,2.0973,-0.1767,-0.0136,0.0448
down-stairs,5,4031,-0.2227,8.5665,1.992,-0.1863,-0.2377,-0.1748
down-stairs,5,4084,-0.2729,7.0318,2.0973,0.0232,-0.3176,-0.1138
down-stairs,5,4137,-0.2203,7.0342,2.0183,0.1322,-0.3246,-0.0464
down-stairs,5,4190,-0.0383,8.5712,2.9736,-0.206,-0.2148,-0.1079
down-stairs,5,4243,-0.2466,9.6438,2.478,-0.1034,-0.255,-0.1852
down-stairs,5,4296,-0.2059,9.2823,2.7773,-0.2364,-0.2089,-0.1652
down-stairs,5,4349,-1.5155,10.9607,0.9744,-0.3269,-0.2606,-0.0245
down-stairs,5,4402,-1.4772,12.9,1.7071,-0.316,-0.0994,0.1053
down-stairs,5,4455,-0.146,11.6406,3.4979,0.0714,-0.114,0.0914
down-stairs,5,4508,-1.8268,11.3246,2.7964,-0.2771,0.0088,-0.1186
down-stairs,5,4561,-2.3559,10.2041,2.5474,0.1077,-0.3954,0.0472
down-stairs,5,4614,-0.589,9.2488,2.8323,0.2966,-0.2982,0.0083
down-stairs,5,4667,-0.5195,7.5346,2.1428,0.154,-0.0621,0.0258
down-stairs,5,4720,-1.1157,7.6519,2.1356,0.0909,-0.2814,0.1695
down-stairs,5,4773,-0.0958,6.608,1.0798,0.2806,-0.0123,0.0677
down-stairs,5,4826,-0.4884,6.0645,1.0942,0.142,0.1047,-0.0648
down-stairs,5,4879,-0.7254,8.6957,2.5043,-0.0384,-0.0187,-0.0562
down-stairs,5,4932,-0.3855,10.1778,2.7845,-0.0722,0.2718,-0.0711
down-stairs,5,4985,-0.5555,10.8218,2.5953,-0.4466,0.3898,-0.1351
down-stairs,5,5038,-1.4461,11.4491,2.4469,-0.1463,0.0703,-0.2539
down-stairs,5,5091,-0.3208,11.5353,1.968,0.291,-0.121,-0.2817
down-stairs,5,5144,-0.1676,10.1634,2.2146,0.1553,0.0597,-0.2545
down-stairs,5,5197,-0.5291,13.9486,2.6863,-0.4415,0.5497,-0.0911
down-stairs,5,5250,-0.8978,9.9647,1.8723,0.3997,-0.2419,-0.1018
down-stairs,5,5303,-1.2498,7.7788,1.8818,0.4679,-0.0104,-0.1849
down-stairs,5,5356,0.4645,6.869,1.257,0.0381,0.3957,0.1783
down-stairs,5,5409,-0.1844,9.8952,1.5323,-0.2513,-0.0935,-0.1122
down-stairs,5,5462,-0.6201,8.4324,1.9082,0.1439,-0.3357,-0.3262
down-stairs,5,5515,-0.316,6.9887,1.8818,0.0823,-0.296,-0.0437
down-stairs,5,5568,-0.1676,7.6447,2.0662,-0.0759,-0.1468,0.0618
down-stairs,5,5621,-0.2825,8.7412,2.2051,-0.1194,-0.1434,-0.0298
down-stairs,5,5674,-0.4549,8.758,2.0016,-0.218,-0.2366,-0.1223
down-stairs,5,5727,-0.8164,9.2727,1.4868,-0.51,-0.0099,-0.113
down-stairs,5,5780,-1.9537,11.3749,0.6536,0.0679,0.0381,0.1735
down-stairs,5,5833,-1.2594,11.3437,2.1691,-0.2321,-0.1218,0.081
down-stairs,5,5886,-2.3367,16.192,2.7701,-0.0978,-0.0147,-0.0456
down-stairs,5,5939,-1.0223,10.6877,3.3184,0.4098,0.0258,-0.0416
down-stairs,5,5992,0.4501,8.5018,2.6145,0.1063,0.0621,0.4189
down-stairs,5,6045,-1.9728,9.402,1.3264,-0.1665,0.0863,0.1724
down-stairs,5,6098,-0.8523,8.7843,1.5371,0.2848,0.0498,0.0123
down-stairs,5,6151,0.0599,6.9216,1.7119,0.0679,0.3541,0.0648
down-stairs,5,6204,-1.1277,7.2472,0.9074,-0.2012,0.2625,0.1951
down-stairs,5,6257,-0.8188,8.0493,1.2378,-0.1503,0.2619,0.1729
down-stairs,5,6310,-0.2538,9.0333,1.3575,-0.0514,0.1284,0.1116
down-stairs,5,6363,-0.6225,9.845,2.3774,-0.3277,0.4533,0.1042
down-stairs,5,6416,-1.2306,10.2113,2.1165,-0.3507,0.6443,0.0693
down-stairs,5,6469,-1.0534,12.4044,2.3008,-0.5316,0.4341,-0.0424
down-stairs,5,6522,0.0024,12.7683,1.7478,-0.044,-0.2041,-0.1372
down-stairs,5,6575,0.1006,8.4372,2.2553,0.4274,-0.4026,-0.1596
down-stairs,5,6628,0.5435,14.8608,3.5841,-0.591,0.7133,0.056
down-stairs,5,6681,-0.6081,12.0069,3.0287,0.0815,-0.3126,-0.1348
down-stairs,5,6734,-0.6704,7.6016,2.49,0.47,0.024,-0.0751
down-stairs,5,6787,0.1772,6.9384,1.3695,0.0613,0.0282,0.1897
down-stairs,5,6840,0.182,11.1259,1.6688,-0.061,-0.2542,0.0144
down-stairs,5,6893,0.103,9.4978,1.5969,-0.069,-0.3773,-0.2638
down-stairs,5,6946,0.3591,9.2225,2.1237,-0.045,-0.1599,-0.2241
down-stairs,5,6999,0.2179,9.7252,2.4038,-0.4535,-0.041,-0.1359
down-stairs,5,7052,-0.4956,10.4339,2.399,-0.3238,-0.105,-0.13
down-stairs,5,7105,-1.2043,9.3853,1.8651,-0.0458,-0.1378,-0.1751
down-stairs,5,7158,-0.6704,9.2871,2.0446,0.1687,-0.0682,-0.085
down-stairs,5,7211,-0.1125,9.2105,1.9968,0.0941,-0.0847,-0.012
down-stairs,5,7264,-0.4764,9.5696,1.8172,-0.0871,-0.1916,-0.0171
down-stairs,5,7317,-0.6249,9.6678,2.1524,-0.053,-0.1514,0.0069
down-stairs,5,7370,0.0287,9.651,2.4612,-0.0962,-0.065,0.0496
down-stairs,5,7423,-0.2538,9.5984,2.6432,-0.1604,0.0557,0.0426
down-stairs,5,7476,-0.5818,9.4403,2.3559,-0.0682,0.0991,0.0176
down-stairs,5,7529,-0.4094,9.3685,2.5139,-0.0914,0.0512,0.0027
down-stairs,5,7582,-0.3256,9.5265,2.7318,-0.1098,0.0344,0.0128
up-stairs,1,2,-0.6728,9.1435,2.9209,-0.0357,0.0136,0.0021
up-stairs,1,56,-0.6871,9.1554,2.8467,0.0224,0.0469,0.0019
up-stairs,1,109,-0.6345,9.2416,2.8874,0.0685,0.0402,0.0016
up-stairs,1,162,-0.6273,9.3398,2.8467,0.0999,0.0421,-0.0168
up-stairs,1,215,-0.6919,9.5529,2.9736,0.0877,0.0714,-0.0506
up-stairs,1,268,-0.328,9.2512,2.7222,0.2193,0.0794,-0.0237
up-stairs,1,321,0.1173,9.232,3.3375,0.0626,0.0994,0.0229
up-stairs,1,374,-0.3663,9.9264,3.3639,-0.0922,0.0133,-0.012
up-stairs,1,427,-0.7853,9.4164,3.5865,-0.0338,-0.0378,-0.044
up-stairs,1,480,-0.4429,8.8609,3.3902,0.0085,-0.0133,-0.0424
up-stairs,1,533,-0.4573,9.1267,3.2944,0.0711,-0.2316,-0.0131
up-stairs,1,586,-0.3926,9.165,3.1723,0.1322,-0.1623,0.0125
up-stairs,1,639,-0.2274,9.1794,3.0885,0.1996,-0.0946,0.0173
up-stairs,1,692,-0.3041,9.0573,3.0311,0.1705,-0.0434,-0.0104
up-stairs,1,745,-0.1508,9.1506,2.9425,0.1767,0.0437,0.0163
up-stairs,1,798,-0.1006,9.5481,3.4189,0.004,0.1239,-0.0072
up-stairs,1,851,0.4357,9.912,3.1316,-0.304,0.1809,0.0203
up-stairs,1,904,0.0551,10.4794,3.2992,-0.3802,0.0434,-0.0762
up-stairs,1,957,-0.3807,12.9454,3.7038,-0.4104,-0.0738,-0.1284
up-stairs,1,1010,-0.8571,13.2184,4.063,-0.2822,-0.2038,-0.2497
up-stairs,1,1063,-0.4764,11.0301,3.3998,-0.0693,-0.4114,-0.2782
up-stairs,1,1116,-1.1588,7.8434,1.2857,0.4367,-0.5708,-0.1695
up-stairs,1,1169,-1.0846,9.0477,1.3312,-0.0011,-0.336,-0.0426
up-stairs,1,1222,-1.4365,9.6079,2.0542,0.2086,-0.3778,-0.1657
up-stairs,1,1275,-1.0463,9.0166,2.332,0.1018,-0.1828,-0.2734
up-stairs,1,1328,-0.7278,7.3478,2.3152,0.1119,-0.0061,-0.0999
up-stairs,1,1381,-0.5986,7.7476,1.9944,0.0088,-0.0218,0.0653
up-stairs,1,1434,-0.7015,7.5944,2.047,0.1431,0.0027,-0.0016
up-stairs,1,1487,-0.7685,7.6662,2.3966,0.0895,-0.0211,-0.0536
up-stairs,1,1540,-1.0295,8.2001,2.4684,-0.0168,0.1868,-0.11
up-stairs,1,1593,-1.3455,9.7133,3.0526,0.0248,0.1474,-0.0989
up-stairs,1,1646,-1.8172,10.4962,3.3232,-0.0456,0.3349,-0.1212
up-stairs,1,1699,-1.98,11.327,3.6679,-0.1913,0.6424,-0.1418
up-stairs,1,1752,-2.3463,14.0492,2.4014,-0.3981,0.0192,-0.2667
up-stairs,1,1805,-0.5698,10.7332,1.9273,0.5092,-0.0368,-0.3024
up-stairs,1,1858,1.4557,7.8314,0.7111,0.2209,0.6198,0.0192
up-stairs,1,1911,-0.2562,8.2169,1.2833,-0.3272,0.6475,0.1815
up-stairs,1,1964,-0.4573,10.5321,1.7358,-0.1284,0.6957,0.061
up-stairs,1,2017,0.1341,9.0405,2.5498,-0.3421,-0.0658,0.1895
up-stairs,1,2070,-0.6943,8.4324,2.217,-0.1132,0.4549,0.2574
up-stairs,1,2123,-0.3232,8.5305,2.3391,-0.1069,0.1268,0.3501
up-stairs,1,2176,-0.1221,7.5082,2.3511,0.0695,0.1559,0.2164
up-stairs,1,2229,-0.1867,7.6806,2.9784,0.0176,0.2292,0.0911
up-stairs,1,2282,-0.5267,9.1866,3.474,0.1172,0.1561,0.0914
up-stairs,1,2335,0.6823,11.1019,3.5099,-0.1378,0.2001,0.3507
up-stairs,1,2388,0.5459,12.5504,3.1963,-0.4927,0.0757,0.1455
up-stairs,1,2441,-0.723,13.2064,1.6017,-0.3309,-0.3544,-0.0514
up-stairs,1,2494,-1.0894,9.5624,0.2777,0.3283,-0.5209,-0.0056
up-stairs,1,2547,-1.7573,8.5281,0.9768,0.0703,0.0741,-0.0935
up-stairs,1,2600,-1.0056,10.3693,1.3096,0.0091,-0.1061,-0.2254
up-stairs,1,2653,-0.6345,9.244,1.6903,-0.0288,-0.1021,-0.2201
up-stairs,1,2706,-1.3001,7.6902,1.5538,-0.0248,0.1151,-0.0336
up-stairs,1,2759,-1.0487,7.9751,1.5514,0.1777,-0.0344,-0.0203
up-stairs,1,2812,-0.8739,7.8961,1.9106,0.105,-0.1191,-0.1585
up-stairs,1,2865,-0.929,8.0278,1.9656,0.0541,0.0211,-0.0962
up-stairs,1,2918,-0.9337,8.3677,2.1021,0.0954,0.0837,-0.0586
up-stairs,1,2971,-1.4078,8.8825,2.3918,-0.0011,0.2851,-0.1447
up-stairs,1,3024,-1.7286,10.4579,2.6432,-0.2046,0.174,-0.061
up-stairs,1,3077,-1.7693,13.6972,1.6712,-0.4362,-0.3126,-0.0104
up-stairs,1,3130,-0.2993,11.1953,0.8906,0.3557,-0.0584,-0.0989
up-stairs,1,3183,1.2498,9.1028,0.7518,0.1207,0.3611,0.0536
up-stairs,1,3236,-0.0072,9.8306,1.1827,-0.3597,0.4924,0.2705
up-stairs,1,3289,-0.1652,11.5568,1.5514,-0.2611,0.0879,0.1268
up-stairs,1,3342,0.1748,8.9136,2.0614,-0.0314,0.3067,-0.1636
up-stairs,1,3395,-0.4405,8.5665,2.138,-0.1351,0.2435,0.033
up-stairs,1,3448,0.1389,8.1211,1.9273,-0.0067,0.0282,0.1743
up-stairs,1,3501,0.1796,7.2209,1.834,-0.0075,0.016,0.1282
up-stairs,1,3554,0.079,6.9647,2.0351,0.0381,0.1135,-0.0147
up-stairs,1,3607,-0.0215,7.7572,2.3559,0.0621,0.0394,-0.0674
up-stairs,1,3660,0.395,9.0621,2.6193,0.0256,0.0258,-0.0195
up-stairs,1,3713,-0.0646,11.4634,3.5482,-0.1788,-0.0077,-0.0394
up-stairs,1,3766,-0.1987,12.979,3.8164,-0.2782,-0.0304,-0.0949
up-stairs,1,3819,-1.245,14.054,2.6839,-0.2108,-0.0029,-0.2361
up-stairs,1,3872,-1.0295,11.904,1.7645,-0.0581,-0.7386,-0.1154
up-stairs,1,3925,-1.7837,8.2361,-0.1101,0.2302,-0.6749,-0.0133
up-stairs,1,3978,-1.6448,8.2744,1.1372,0.0067,-0.393,-0.1266
up-stairs,1,4031,-0.7733,10.2472,1.0918,-0.0874,-0.5598,-0.1839
up-stairs,1,4084,-1.0104,8.6383,1.9513,-0.0448,-0.2094,-0.2094
up-stairs,1,4137,-1.3599,7.8985,1.7933,0.0234,-0.0429,-0.0874
up-stairs,1,4190,-1.1899,8.2791,1.6903,0.1482,-0.0733,-0.1548
up-stairs,1,4243,-1.0295,8.2768,1.8603,0.1026,-0.126,-0.1479
up-stairs,1,4296,-0.996,8.5832,2.5283,0.0893,-0.1172,-0.0421
up-stairs,1,4349,-1.1803,8.7125,2.0925,0.137,0.1026,-0.0573
up-stairs,1,4402,-1.1947,8.7005,2.3655,-0.0613,0.3296,-0.1148
up-stairs,1,4455,-1.5754,9.6941,2.3296,-0.2329,0.5223,-0.0578
up-stairs,1,4508,-2.3774,12.3996,1.901,-0.4572,0.243,0.0171
up-stairs,1,4561,-1.1995,11.8321,1.1636,0.0003,0.2212,-0.0842
up-stairs,1,4614,0.5459,9.5146,1.2953,0.1087,0.4287,-0.0067
up-stairs,1,4667,0.3136,9.3685,1.1372,-0.2697,0.4823,0.259
up-stairs,1,4720,-0.0599,11.1953,1.6185,-0.1839,0.2995,0.32
up-stairs,1,4773,-0.012,9.1291,1.7071,-0.0125,0.2723,0.0738
up-stairs,1,4826,-0.1532,8.1786,1.9585,0.0288,0.21,0.1865
up-stairs,1,4879,0.0096,7.8243,1.8771,-0.0725,0.0757,0.2619
up-stairs,1,4932,0.1987,7.9679,2.0183,-0.0405,0.0991,0.2465
up-stairs,1,4985,-0.0096,8.0325,2.1189,-0.0035,0.0261,0.0845
up-stairs,1,5038,0.2203,8.3294,2.3966,0.0663,-0.0133,0.0338
up-stairs,1,5091,0.4405,8.7915,2.6288,0.1338,0.0882,0.057
up-stairs,1,5144,0.3687,9.8785,2.8659,0.0703,0.1047,0.0685
up-stairs,1,5197,0.1149,10.8481,3.45,-0.1071,0.0147,-0.1476
up-stairs,1,5250,-0.3328,12.9,3.1723,-0.2086,0.0229,-0.178
up-stairs,1,5303,-0.9385,14.4083,2.0925,0.0096,-0.3448,-0.2497
up-stairs,1,5356,-0.2466,10.6183,0.7183,0.4847,-0.5918,-0.1268
up-stairs,1,5409,-1.5634,7.8913,-0.2705,0.2737,-0.4088,-0.0197
up-stairs,1,5462,-1.573,9.0836,0.2586,0.0165,-0.5153,-0.065
up-stairs,1,5515,-0.2825,10.7548,0.6704,-0.0109,-0.5103,-0.1756
up-stairs,1,5568,-0.5243,8.6119,1.4174,-0.0597,-0.1612,-0.2302
up-stairs,1,5621,-1.4485,8.1068,1.2139,-0.0096,0.0629,-0.0171
up-stairs,1,5674,-0.9218,7.6926,1.1468,0.0472,-0.1002,-0.1023
up-stairs,1,5727,-0.6464,7.8386,1.415,0.1127,-0.3291,-0.1082
up-stairs,1,5780,-0.9984,8.5473,1.8531,0.0059,-0.121,-0.029
up-stairs,1,5833,-1.2474,9.1339,1.8866,0.0373,0.0685,-0.0701
up-stairs,1,5886,-1.3072,9.8881,1.9968,0.0016,0.2244,-0.126
up-stairs,1,5939,-2.0566,11.8513,2.4995,-0.2438,0.3789,-0.041
up-stairs,1,5992,-2.2577,14.0468,0.7901,-0.1439,0.2633,0.0536
up-stairs,1,6045,0.7518,10.1418,1.0199,0.6587,0.2854,-0.0133
up-stairs,1,6098,1.9058,8.6718,-0.012,-0.1631,0.6931,0.0922
up-stairs,1,6151,-0.4501,10.2376,0.2346,-0.4639,0.3683,0.2523
up-stairs,1,6204,0.2658,10.5728,1.0989,-0.1095,0.3016,0.0933
up-stairs,1,6257,0.5698,8.7125,1.3982,-0.1039,0.5692,-0.0469
up-stairs,1,6310,-0.0718,8.521,1.4916,-0.1276,0.4572,0.2723
up-stairs,1,6363,0.261,7.7955,1.2665,-0.1007,0.2766,0.3349
up-stairs,1,6416,-0.0862,7.2544,1.2665,-0.0469,0.2718,0.1087
up-stairs,1,6469,-0.0215,7.6399,2.1691,-0.0418,0.3123,-0.0258
up-stairs,1,6522,-0.182,8.6287,2.0758,-0.0141,0.1876,0.0384
up-stairs,1,6575,0.182,9.5457,2.8347,-0.1244,0.332,0.1082
up-stairs,1,6628,0.4453,11.4706,3.2633,-0.3413,0.1809,-0.0461
up-stairs,1,6681,-0.1101,11.7436,2.6049,-0.2092,0.4343,-0.2939
up-stairs,1,6734,-0.6369,12.6127,1.9297,-0.3072,0.2619,-0.4495
up-stairs,1,6787,-0.8475,10.1323,0.0215,-0.2505,-0.3672,-0.0336
up-stairs,1,6840,-0.1796,10.0628,-0.498,-0.1396,-0.4029,0.1652
up-stairs,1,6893,-0.146,9.3757,-0.5962,-0.0277,-0.4317,-0.0266
up-stairs,1,6946,-0.0144,10.0748,0.2203,-0.0991,-0.203,-0.0842
up-stairs,1,6999,-0.5004,9.3541,1.0558,-0.118,-0.0477,-0.0338
up-stairs,1,7052,-0.3879,9.4643,1.2115,-0.1924,0.1021,-0.1013
up-stairs,1,7105,-0.8739,8.6766,1.2019,-0.0069,-0.0176,-0.1053
up-stairs,1,7158,-0.8667,8.4898,1.7334,-0.1199,-0.4088,-0.0338
up-stairs,1,7211,-0.3567,8.4874,1.506,-0.1079,-0.3285,-0.0536
up-stairs,1,7264,-0.2873,9.2201,1.4485,-0.1537,-0.2489,-0.0314
up-stairs,1,7317,-0.1652,8.8897,1.5586,-0.2731,0.1849,0.0043
up-stairs,1,7370,-0.4477,9.347,1.7478,-0.3853,0.5505,0.0445
up-stairs,1,7423,-0.1053,9.8737,2.0255,-0.1804,0.417,0.0208
up-stairs,1,7476,-0.146,9.6462,1.9489,-0.1074,0.2766,-0.0442
up-stairs,2,2,-0.4453,9.335,2.7964,-0.0877,0.0029,0.036
up-stairs,2,56,-0.5698,9.3111,2.7916,-0.0608,-0.0125,0.0546
up-stairs,2,109,-0.4884,9.2344,2.6935,-0.0208,0.0211,0.0338
up-stairs,2,162,-0.4788,9.2296,2.4277,0.0418,0.0306,0.0011
up-stairs,2,215,-0.4286,9.2991,2.3846,0.0661,0.1364,-0.0032
up-stairs,2,268,-0.6129,9.7683,2.5762,0.1226,0.1188,0.0179
up-stairs,2,321,-0.1317,9.6199,2.4612,0.2787,0.1993,0.0616
up-stairs,2,374,0.395,9.1554,2.9353,0.3262,0.5335,-0.0141
up-stairs,2,427,-0.4573,9.8067,3.0478,0.1524,0.2758,-0.0149
up-stairs,2,480,-0.6512,9.5744,3.134,0.0719,-0.0653,0.0941
up-stairs,2,533,-0.4046,8.9016,2.9209,0.0232,-0.2646,0.1058
up-stairs,2,586,-0.3519,9.0764,2.375,0.1335,-0.2625,0.04
up-stairs,2,639,-0.2753,10.2903,2.4684,0.3403,-0.1748,0.0991
up-stairs,2,692,-0.0886,9.572,2.5043,0.2598,0.037,-0.0149
up-stairs,2,745,0.0838,9.2177,2.5139,0.2414,0.2222,-0.0661
up-stairs,2,798,0.1724,9.3996,2.6456,0.1676,0.1103,-0.0586
up-stairs,2,851,0.3208,9.9982,2.5833,-0.0104,0.1383,-0.1085
up-stairs,2,904,0.1317,10.6063,2.0255,-0.1132,-0.1138,-0.1799
up-stairs,2,957,0.0958,12.0404,2.059,-0.1132,-0.0693,-0.2241
up-stairs,2,1010,-0.498,13.216,2.1548,0.04,0.0429,-0.2721
up-stairs,2,1063,-0.8308,12.5289,2.0758,0.0429,-0.5151,-0.2467
up-stairs,2,1116,-0.7925,9.3063,-0.012,0.2499,-1.1229,0.032
up-stairs,2,1169,-1.0247,8.9543,-0.5363,0.1487,-0.4303,-0.1156
up-stairs,2,1222,-0.735,10.3789,0.5052,-0.0616,-0.5276,-0.1823
up-stairs,2,1275,-0.8667,9.8474,0.8308,-0.1364,-0.1953,-0.2153
up-stairs,2,1328,-1.1253,8.2001,1.6161,-0.0586,0.2395,-0.1367
up-stairs,2,1381,-0.9266,8.0876,1.1612,-0.0088,0.2494,-0.0226
up-stairs,2,1434,-1.0822,7.5872,1.1396,0.1282,-0.0352,-0.0632
up-stairs,2,1487,-0.7685,7.7405,1.5012,0.0898,-0.0378,0.0093
up-stairs,2,1540,-0.5435,8.9016,1.9513,0.1474,0.0738,0.04
up-stairs,2,1593,-0.8523,10.2017,2.0183,-0.057,0.4218,-0.0288
up-stairs,2,1646,-1.0151,9.9096,1.6616,-0.0682,0.6989,-0.064
up-stairs,2,1699,-2.6911,11.4419,1.3024,-0.2342,0.5313,0.0053
up-stairs,2,1752,-2.2242,13.2112,0.735,-0.3328,-0.1239,-0.0424
up-stairs,2,1805,0.3089,9.7396,0.6512,0.5686,-0.0405,-0.0269
up-stairs,2,1858,1.6113,8.8346,-0.4357,-0.0922,0.5923,0.1772
up-stairs,2,1911,-0.1939,10.8314,0.0215,-0.4743,0.2862,0.1801
up-stairs,2,1964,-0.3926,10.3286,0.3903,-0.4274,0.2763,0.0157
up-stairs,2,2017,0.0982,8.509,1.2953,-0.1543,0.4074,-0.101
up-stairs,2,2070,-0.577,9.1171,1.3743,-0.235,0.3816,0.1564
up-stairs,2,2123,-0.1173,8.2504,1.3168,-0.1148,0.275,0.1993
up-stairs,2,2176,0.0455,7.4891,1.3719,0.0176,0.1428,0.0925
up-stairs,2,2229,-0.4836,7.1371,1.5443,0.065,0.2809,0.0157
up-stairs,2,2282,-0.498,8.2145,1.9656,0.0791,-0.0845,0.1367
up-stairs,2,2335,-0.0024,10.343,2.1524,0.0418,-0.1087,0.1207
up-stairs,2,2388,0.4094,11.6622,3.0239,-0.109,0.0203,0.0304
up-stairs,2,2441,-0.34,12.8976,1.9872,0.0829,0.7642,-0.2132
up-stairs,2,2494,-0.146,12.8018,0.8188,-0.0826,0.0469,-0.4
up-stairs,2,2547,-1.2689,11.3365,-0.7063,0.0821,-0.725,-0.2022
up-stairs,2,2600,-0.9816,8.8394,-0.2322,-0.0104,-0.4383,-0.0115
up-stairs,2,2653,-0.6776,9.2392,0.1963,-0.1974,-0.3408,-0.2393
up-stairs,2,2706,-0.7733,9.7612,0.5578,-0.194,-0.4471,-0.2366
up-stairs,2,2759,-1.2091,8.679,1.1085,-0.0477,-0.3744,-0.1404
up-stairs,2,2812,-1.0271,7.9344,1.0487,-0.0163,-0.5135,-0.1042
up-stairs,2,2865,-0.7685,8.0182,1.3503,0.0765,-0.4522,-0.1236
up-stairs,2,2918,-0.3352,8.4252,1.561,0.0573,-0.3496,0.0213
up-stairs,2,2971,-0.5794,8.4898,1.5227,0.065,-0.1103,-0.0016
up-stairs,2,3024,-1.0726,8.9687,1.6328,0.1415,0.1428,-0.0445
up-stairs,2,3077,-1.0511,9.584,1.913,0.1687,0.6715,-0.1447
up-stairs,2,3130,-1.6017,10.2975,2.2242,-0.1508,0.1823,0.069
up-stairs,2,3183,-2.0614,12.7922,1.1875,-0.4493,-0.2057,0.137
up-stairs,2,3236,-0.3855,12.0716,0.5938,0.2457,-0.2161,-0.0314
up-stairs,2,3289,1.3719,9.3302,0.5459,0.1335,0.3421,0.0155
up-stairs,2,3342,0.4094,9.1411,0.5315,-0.4088,0.6598,0.1354
up-stairs,2,3395,-0.1963,11.0277,0.2801,-0.2926,0.3698,0.1271
up-stairs,2,3448,0.1796,9.1411,1.1851,-0.1687,0.4935,0.0027
up-stairs,2,3501,0.2514,8.3821,1.5921,-0.2102,0.5963,0.1047
up-stairs,2,3554,0.0,8.8155,1.6855,-0.2705,0.3792,0.2401
up-stairs,2,3607,-0.0982,8.1499,1.6879,-0.11,0.3072,0.207
up-stairs,2,3660,-0.3352,7.999,1.8148,0.0282,0.3307,0.0874
up-stairs,2,3713,-0.1389,8.4156,2.1763,0.1178,0.1564,0.0546
up-stairs,2,3766,0.0862,9.1913,2.0877,0.202,0.0733,0.0775
up-stairs,2,3819,0.3232,9.7276,2.3535,0.0797,0.2427,0.1236
up-stairs,2,3872,0.4573,10.5369,2.7438,-0.0629,0.255,0.0791
up-stairs,2,3925,0.1437,11.3078,1.9441,-0.2753,0.1809,-0.0128
up-stairs,2,3978,0.0718,13.1729,1.1516,-0.5345,0.2009,-0.1138
up-stairs,2,4031,-1.1492,11.2887,0.8332,0.0421,-0.0458,-0.3653
up-stairs,2,4084,-1.2881,9.1147,0.1484,0.4636,-0.2854,-0.23
up-stairs,2,4137,-0.8787,8.4731,0.316,-0.0541,-0.3946,-0.1122
up-stairs,2,4190,-0.8212,10.884,0.8667,-0.2377,-0.5774,-0.1615
up-stairs,2,4243,-0.9385,9.7252,1.3575,-0.1127,-0.3192,-0.2563
up-stairs,2,4296,-1.0151,8.6048,1.4222,-0.0722,-0.21,-0.1836
up-stairs,2,4349,-0.6153,8.5617,1.4653,-0.0274,-0.2313,-0.0714
up-stairs,2,4402,-0.8619,8.5138,1.7454,0.0655,-0.1881,-0.0277
up-stairs,2,4455,-0.8428,7.8578,1.8004,0.114,-0.0024,-0.0266
up-stairs,2,4508,-0.893,8.3318,1.9297,0.1508,-0.0368,-0.0485
up-stairs,2,4561,-1.142,9.323,1.9058,0.1514,0.0189,-0.0624
up-stairs,2,4614,-1.4126,10.252,2.4972,-0.1252,0.3056,-0.0456
up-stairs,2,4667,-2.0518,10.9798,1.6305,0.0501,0.2643,0.0067
up-stairs,2,4720,-0.838,11.2527,0.0239,0.0226,-0.1247,0.0117
up-stairs,2,4773,1.1468,11.2863,0.3376,0.2102,-0.0629,0.0125
up-stairs,2,4826,0.7254,10.7476,0.3807,-0.1266,0.4077,0.1665
up-stairs,2,4879,0.0503,11.0852,0.6177,-0.1617,0.3096,0.2459
up-stairs,2,4932,0.0407,9.7588,1.0534,-0.1103,0.4069,0.0754
up-stairs,2,4985,-0.1197,8.5617,1.2115,0.1655,0.3613,0.0541
up-stairs,2,5038,0.2227,7.9703,1.1372,0.1865,0.0378,0.2438
up-stairs,2,5091,0.2682,7.2161,0.9625,0.1807,0.1394,0.2742
up-stairs,2,5144,-0.0742,7.8673,1.2019,0.1604,0.2907,0.1982
up-stairs,2,5197,0.0239,8.9232,1.494,0.2257,0.0767,0.1386
up-stairs,2,5250,0.2801,9.7755,1.7549,0.1596,0.0368,0.1074
up-stairs,2,5303,0.7254,10.2711,1.6113,-0.0328,0.0935,0.1564
up-stairs,2,5356,0.4334,11.9088,0.7398,-0.2057,0.0043,-0.0344
up-stairs,2,5409,-0.17,14.552,-0.6608,-0.17,-0.38,-0.1876
up-stairs,2,5462,-0.4764,10.7835,-1.3144,0.372,-0.3222,-0.3533
up-stairs,2,5515,0.316,9.4882,-0.759,0.0266,-0.2742,-0.2084
up-stairs,2,5568,0.079,10.2113,-0.6823,-0.1604,-0.4037,-0.1743
up-stairs,2,5621,-0.2011,10.1035,0.3639,-0.2046,-0.1609,-0.126
up-stairs,2,5674,-0.2538,8.5234,0.5076,-0.1186,-0.0181,-0.0882
up-stairs,2,5727,-0.2011,7.9607,0.7135,-0.0925,0.0386,-0.1103
up-stairs,2,5780,-0.2897,7.5944,0.6584,-0.1439,-0.0586,-0.101
up-stairs,2,5833,-0.6369,8.4084,0.9529,-0.0871,0.0525,-0.0576
up-stairs,2,5886,-0.759,9.6654,1.3958,-0.1404,0.1945,-0.1314
up-stairs,2,5939,-0.9409,10.1275,1.5658,-0.2886,0.3677,-0.1561
up-stairs,2,5992,-1.5634,11.6646,1.3767,-0.607,0.5804,-0.0951
up-stairs,2,6045,-0.9864,12.7826,-0.0192,-0.3373,0.2675,-0.0208
up-stairs,2,6098,1.1325,10.4052,-0.1437,0.2145,0.0392,-0.0378
up-stairs,2,6151,1.0223,9.1171,0.3112,-0.2515,0.4487,0.1268
up-stairs,2,6204,0.2274,9.9719,0.656,-0.3094,0.5649,0.2521
up-stairs,2,6257,0.328,8.9304,1.2929,-0.3051,0.5955,0.1316
up-stairs,2,6310,-0.2179,8.3151,1.5562,-0.1378,0.4269,0.0085
up-stairs,2,6363,-0.2514,8.2815,1.6424,-0.0035,0.2593,0.2348
up-stairs,2,6416,0.4142,7.8314,1.5395,0.0314,0.1737,0.295
up-stairs,2,6469,0.1125,8.0158,1.5993,0.0517,0.1223,0.1122
up-stairs,2,6522,0.5028,8.7891,1.9513,0.1484,0.0557,0.0504
up-stairs,2,6575,0.5387,10.1418,2.308,-0.2086,0.1871,0.0456
up-stairs,2,6628,0.6105,10.8769,3.1005,-0.3472,0.3976,0.061
up-stairs,2,6681,-0.3065,11.3246,1.9201,-0.211,0.1956,-0.0725
up-stairs,2,6734,-0.419,11.8609,1.2282,-0.2633,-0.1199,-0.2017
up-stairs,2,6787,-0.0551,10.3789,-0.2801,0.287,-0.1769,-0.2126
up-stairs,2,6840,0.4477,9.1267,-0.4908,0.1212,-0.1511,-0.0759
up-stairs,2,6893,-0.1844,9.3589,-0.4286,-0.1985,-0.2923,-0.0943
up-stairs,2,6946,-0.2993,10.6063,0.4669,-0.2241,-0.041,-0.13
up-stairs,2,6999,-0.3304,9.7995,0.9313,-0.1162,-0.0738,-0.1958
up-stairs,2,7052,-0.5363,9.3398,1.1349,-0.121,-0.0997,-0.178
up-stairs,2,7105,-0.2777,8.7005,1.1684,-0.1212,-0.2702,-0.1343
up-stairs,2,7158,-0.3639,8.7604,1.4174,-0.1202,-0.2872,-0.0725
up-stairs,3,2,-1.0151,9.268,2.8539,-0.0871,0.065,0.0349
up-stairs,3,56,-0.9385,9.2871,2.8204,-0.0538,0.0624,0.0285
up-stairs,3,109,-0.735,9.3015,2.648,-0.0392,0.069,0.0141
up-stairs,3,162,-0.6297,9.1913,2.5594,0.0466,0.0778,0.0125
up-stairs,3,215,-0.4884,9.3326,2.7078,0.1236,0.0525,0.0112
up-stairs,3,268,-0.0814,9.1482,2.7797,0.1958,0.0362,-0.0088
up-stairs,3,321,0.0479,9.9024,3.146,0.0621,-0.0429,0.0155
up-stairs,3,374,-0.249,9.8761,3.2896,-0.0264,-0.0123,0.0807
up-stairs,3,427,-0.4166,9.0549,3.3327,-0.0365,-0.056,0.0845
up-stairs,3,480,-0.3663,8.7197,2.9592,0.1383,-0.17,0.0168
up-stairs,3,533,-0.5363,9.0309,2.8347,0.2206,-0.3675,-0.025
up-stairs,3,586,-0.3065,9.3781,2.806,0.2523,-0.2801,0.0061
up-stairs,3,639,-0.3543,9.7995,3.0694,0.2507,-0.3019,-0.0408
up-stairs,3,692,-0.0575,9.7444,3.1556,0.2142,-0.1529,-0.0799
up-stairs,3,745,0.1269,11.1019,3.2801,0.0549,-0.199,-0.0549
up-stairs,3,798,0.1915,12.2942,3.735,0.1047,-0.226,-0.0325
up-stairs,3,851,0.0958,11.4371,2.2673,0.0584,-0.3667,-0.0703
up-stairs,3,904,-0.2586,12.3661,1.9824,0.032,-0.2862,-0.2848
up-stairs,3,957,0.0694,10.5656,1.2091,0.3645,-0.3611,-0.3267
up-stairs,3,1010,-0.4908,8.1307,-0.0287,0.1591,-0.51,-0.1788
up-stairs,3,1063,-0.9936,8.576,-0.3472,0.2118,-0.4557,0.0296
up-stairs,3,1116,-0.814,10.0676,0.3759,0.1069,-0.4666,-0.251
up-stairs,3,1169,-0.2394,9.7827,1.5299,0.0642,-0.1042,-0.3131
up-stairs,3,1222,-0.4477,9.0597,1.324,-0.0394,-0.0101,-0.02
up-stairs,3,1275,-0.565,7.7764,1.2833,0.0978,0.2044,0.1439
up-stairs,3,1328,-0.9218,7.5298,1.1756,0.1322,0.0794,0.0213
up-stairs,3,1381,-0.9146,8.2432,1.3838,0.1945,-0.0021,-0.0954
up-stairs,3,1434,-0.589,9.6438,1.9776,0.3312,0.2102,-0.1196
up-stairs,3,1487,-0.6369,10.5297,1.3958,0.0426,0.3571,-0.012
up-stairs,3,1540,-1.0391,10.6255,1.8507,-0.2244,0.5284,-0.0211
up-stairs,3,1593,-2.0758,12.9981,0.5746,-0.3952,0.5446,-0.0466
up-stairs,3,1646,-0.6656,10.5273,-0.8188,0.0853,-0.1783,-0.2806
up-stairs,3,1699,1.6544,9.675,-0.158,0.0978,-0.032,-0.1953
up-stairs,3,1752,0.4501,9.7157,-0.4453,-0.3933,0.6427,0.0091
up-stairs,3,1805,-0.9122,10.3765,-0.0215,-0.4346,0.8916,0.1823
up-stairs,3,1858,-0.328,9.165,0.929,-0.223,0.7885,0.0695
up-stairs,3,1911,-0.3136,8.7771,0.8715,-0.1364,0.5574,0.0426
up-stairs,3,1964,-0.3903,8.5234,1.3623,-0.0938,0.5151,0.2068
up-stairs,3,2017,-0.2394,8.0924,1.1947,-0.0408,0.4847,0.2062
up-stairs,3,2070,-0.1293,8.1882,1.6424,0.0266,0.4794,0.121
up-stairs,3,2123,-0.3711,9.3374,1.4653,0.0592,0.2129,0.1636
up-stairs,3,2176,-0.1867,9.7444,1.901,0.1676,0.1881,0.1263
up-stairs,3,2229,0.5028,10.8481,2.375,0.0866,0.4599,0.1026
up-stairs,3,2282,-0.1652,12.6174,0.7542,-0.1292,0.239,-0.0341
up-stairs,3,2335,-1.0822,12.5696,-0.7278,-0.1868,-0.2598,-0.2156
up-stairs,3,2388,-1.3455,10.3118,-1.3958,0.2766,-0.2017,-0.2587
up-stairs,3,2441,-0.644,9.3733,-0.6177,-0.0338,-0.1647,-0.2569
up-stairs,3,2494,-0.6273,9.5098,0.17,-0.2928,-0.0973,-0.1889
up-stairs,3,2547,-0.8595,8.7676,0.3112,-0.3112,-0.1553,-0.2089
up-stairs,3,2600,-1.2043,7.9655,0.5555,-0.1276,-0.0885,-0.1148
up-stairs,3,2653,-1.312,7.6614,0.9146,-0.0663,-0.1007,-0.1103
up-stairs,3,2706,-0.8332,8.0038,1.0367,0.0999,-0.2012,-0.0959
up-stairs,3,2759,-0.8643,8.8394,1.2761,0.0626,0.0075,-0.0192
up-stairs,3,2812,-1.5586,9.9455,1.4126,0.1476,0.2603,-0.008
up-stairs,3,2865,-1.6472,10.3765,1.233,0.0671,0.2809,-0.0325
up-stairs,3,2918,-1.7406,10.4076,1.4676,0.033,0.2955,0.0413
up-stairs,3,2971,-1.6807,12.5265,0.3041,-0.4636,0.0373,0.0866
up-stairs,3,3024,-0.6033,12.5743,-0.4669,0.1026,-0.3459,0.1394
up-stairs,3,3077,1.6209,8.8681,0.2873,0.364,0.2273,0.1005
up-stairs,3,3130,1.5036,7.5633,-0.1437,-0.4301,0.6166,0.3365
up-stairs,3,3183,-0.1125,9.6654,-0.1604,-0.5167,0.4327,0.2542
up-stairs,3,3236,0.2035,9.6798,0.8164,-0.3158,0.3776,-0.0333
up-stairs,3,3289,0.3017,9.0357,1.6185,-0.2558,0.4458,-0.154
up-stairs,3,3342,0.249,8.7077,1.7669,-0.222,0.4125,0.1775
up-stairs,3,3395,0.1197,7.8961,1.7142,-0.0528,0.4588,0.1935
up-stairs,3,3448,0.0192,7.2664,1.4006,0.2174,0.3448,-0.0298
up-stairs,3,3501,0.0862,7.8338,1.8435,0.2254,0.2126,-0.1447
up-stairs,3,3554,0.996,10.8505,2.1548,-0.0221,0.2403,0.0645
up-stairs,3,3607,1.1085,11.4443,2.0303,-0.1522,0.2417,0.2659
up-stairs,3,3660,0.182,11.4706,2.648,-0.231,0.4327,0.0991
up-stairs,3,3713,-0.5028,13.5823,1.652,-0.4218,-0.1191,-0.1164
up-stairs,3,3766,-0.8978,13.8529,1.2857,-0.0714,-0.2854,-0.1655
up-stairs,3,3819,-0.6776,9.2871,0.0479,0.3267,-0.4064,-0.0546
up-stairs,3,3872,-2.1476,7.841,-0.4836,0.0322,-0.2561,-0.0632
up-stairs,3,3925,-1.4748,10.6877,0.17,-0.1146,-0.1889,-0.146
up-stairs,3,3978,-0.7661,9.9359,0.407,-0.1218,-0.0975,-0.319
up-stairs,3,4031,-1.7549,8.2935,1.2163,0.0024,0.1593,-0.319
up-stairs,3,4084,-1.8004,8.0445,0.9888,0.0136,-0.0242,0.0189
up-stairs,3,4137,-0.6823,7.2329,1.0104,0.234,-0.1964,-0.1298
up-stairs,3,4190,-0.5674,7.6255,1.3216,0.1737,-0.2713,-0.0557
up-stairs,3,4243,-1.0798,8.4372,1.4629,0.114,-0.0735,0.0661
up-stairs,3,4296,-1.1396,10.0916,1.3192,0.0834,0.1935,0.0589
up-stairs,3,4349,-1.9992,10.8721,1.7071,-0.0938,0.3301,-0.0059
up-stairs,3,4402,-2.1572,13.7236,-0.1772,-0.0813,0.1258,-0.0056
up-stairs,3,4455,0.4238,10.7859,-0.8595,0.3635,-0.2022,0.0064
up-stairs,3,4508,1.3982,9.4068,-0.3448,-0.1396,0.1372,-0.0594
up-stairs,3,4561,-0.2969,10.0509,-0.146,-0.3459,0.5129,0.0514
up-stairs,3,4614,-0.1915,10.4866,0.4453,-0.36,0.5327,0.0266
up-stairs,3,4667,-0.8284,8.8609,0.9266,-0.1743,0.4343,-0.0738
up-stairs,3,4720,-0.5531,8.078,1.0582,-0.1098,0.125,0.0914
up-stairs,3,4773,-0.17,7.3215,1.2163,-0.1122,0.0277,0.1063
up-stairs,3,4826,-0.158,7.4412,1.4269,0.0147,0.0661,0.0775
up-stairs,3,4879,-0.4525,8.7364,1.889,-0.0488,0.0589,0.0517
up-stairs,3,4932,-0.4812,10.5967,1.8292,0.117,0.0274,0.0253
up-stairs,3,4985,0.0479,11.5305,2.2482,0.0461,-0.0053,0.1023
up-stairs,3,5038,-0.8906,13.7858,0.5818,-0.0304,0.141,-0.0871
up-stairs,3,5091,-1.0127,11.2863,-0.7446,0.1037,-1.2124,-0.1077
up-stairs,3,5144,-1.7334,8.3869,-1.1253,0.3659,-0.7194,-0.0909
up-stairs,3,5197,-1.6233,10.1945,-0.0503,0.1647,-0.591,-0.2582
up-stairs,3,5250,-0.5291,10.6255,0.0455,0.0179,-0.8351,-0.1338
up-stairs,3,5303,-0.7757,8.7484,0.6201,0.0879,-0.5532,-0.0586
up-stairs,3,5356,-1.2737,7.8075,0.4645,0.1607,-0.4855,0.0719
up-stairs,3,5409,-0.6249,7.7405,0.6919,0.3123,-0.4517,-0.1007
up-stairs,3,5462,-0.7566,9.2296,1.0032,0.1164,-0.2769,-0.121
up-stairs,3,5515,-1.2594,10.058,1.087,0.0096,-0.0408,0.0059
up-stairs,3,5568,-1.2833,10.4627,1.1492,-0.2811,0.312,0.0101
up-stairs,3,5621,-1.494,12.481,-0.589,-0.1908,0.2409,0.065
up-stairs,3,5674,0.2035,10.5321,-0.8571,0.3792,0.2603,0.0674
up-stairs,3,5727,1.9513,9.6582,-0.4717,0.085,0.4748,-0.1721
up-stairs,3,5780,0.3615,10.0317,-0.972,-0.097,0.9526,0.1713
up-stairs,3,5833,0.0335,10.2831,-0.0718,-0.0839,0.72,0.2342
up-stairs,3,5886,-0.1556,8.9807,0.2083,-0.0504,0.639,0.0282
up-stairs,3,5939,-0.4693,8.5066,0.1317,-0.0128,0.4186,0.0821
up-stairs,3,5992,-0.0263,8.0876,0.5962,0.1002,0.2129,0.2494
up-stairs,3,6045,-0.0862,7.4053,0.4094,0.1863,0.2313,0.2084
up-stairs,3,6098,-0.249,8.3294,0.814,0.0719,-0.0077,0.1561
up-stairs,3,6151,0.1748,11.4275,0.8906,0.0232,0.0003,0.0139
up-stairs,3,6204,0.9792,14.0588,0.7111,-0.3283,-0.1388,-0.3112
up-stairs,3,6257,-0.4286,12.2894,-1.8387,0.0179,-0.1793,-0.473
up-stairs,3,6310,-1.1875,9.7133,-2.7461,0.0994,-0.7005,-0.3989
up-stairs,3,6363,-0.3974,9.4786,-1.6759,0.0669,-0.4088,-0.2699
up-stairs,3,6416,-0.0862,10.2663,-0.5363,-0.2188,-0.2702,-0.3776
up-stairs,3,6469,-0.7638,9.2967,-0.0527,-0.3728,-0.1204,-0.3659
up-stairs,3,6522,-1.4006,8.6191,-0.0048,-0.2926,0.0989,-0.0805
up-stairs,3,6575,-0.6967,8.3917,0.0958,-0.0906,0.0997,-0.0005
up-stairs,3,6628,-1.0798,8.102,0.3974,-0.0703,-0.0258,-0.1103
up-stairs,3,6681,-1.4629,8.9567,0.7901,-0.1066,0.097,-0.1077
up-stairs,3,6734,-1.3431,9.6151,0.7638,-0.0552,0.3155,-0.0189
up-stairs,3,6787,-1.3479,10.5177,1.3695,-0.4064,0.64,0.0525
up-stairs,3,6840,-1.5562,11.7675,-0.6991,-0.4213,0.6883,0.23
up-stairs,3,6893,0.3208,10.3453,-0.3184,-0.2934,0.4578,0.239
up-stairs,3,6946,0.735,9.1985,-1.1325,-0.2478,0.0874,0.1348
up-stairs,3,6999,-0.4334,8.4515,-1.3168,-0.1817,0.4391,0.1689
up-stairs,3,7052,0.2346,9.6127,0.1772,-0.1279,0.2649,0.1745
up-stairs,3,7105,0.6009,9.0692,0.5028,-0.2513,0.5137,-0.0365
up-stairs,3,7158,-0.2562,8.9902,0.4693,-0.3256,0.2622,0.1029
up-stairs,3,7211,-0.1987,9.007,0.5794,-0.372,0.3123,0.226
up-stairs,3,7264,-0.1149,8.9447,0.7302,-0.2806,0.1559,0.0456
up-stairs,3,7317,-0.0742,9.3829,1.2378,-0.2659,0.1418,-0.0304
up-stairs,3,7370,0.4022,9.2344,1.506,-0.238,0.1617,0.0514
up-stairs,3,7423,0.1915,9.5481,1.6017,-0.2166,0.2372,0.0141
up-stairs,3,7476,0.2203,9.5433,1.6903,-0.146,0.2036,0.0253
up-stairs,3,7529,0.2442,9.3326,1.8675,-0.1383,0.1988,0.0067
up-stairs,3,7582,0.0958,9.3709,1.98,-0.1442,0.2126,-0.0493
up-stairs,3,7635,0.0263,9.4763,1.8723,-0.0685,0.1319,-0.0722
up-stairs,3,7688,0.2107,9.4164,2.0973,-0.2009,0.0687,-0.1175
up-stairs,3,7741,-0.0024,9.9431,2.3727,-0.3344,0.0562,-0.117
up-stairs,3,7794,-0.1317,10.173,2.2793,-0.3741,0.0837,-0.0877
up-stairs,3,7847,-0.4214,9.4643,1.9896,-0.1577,0.1607,-0.0671
up-stairs,3,7900,-0.3065,9.1889,1.7885,-0.1295,0.2465,-0.0525
up-stairs,3,7953,-0.1532,9.6151,1.7095,-0.1242,0.1069,-0.0107
up-stairs,3,8006,-0.4573,9.414,1.6041,-0.0831,0.0682,0.0285
up-stairs,3,8059,-0.747,9.5553,1.7621,0.0115,0.1633,-0.0029
up-stairs,3,8112,-0.9026,9.4643,1.7933,-0.028,0.0951,-0.0573
up-stairs,3,8165,-0.9122,9.5193,1.5347,0.0067,0.1537,0.0075
up-stairs,3,8218,-0.8643,9.505,1.5514,-0.008,0.1436,0.0472
up-stairs,3,8271,-1.0343,9.6175,1.7933,-0.0594,0.215,0.0133
up-stairs,3,8324,-1.0151,9.9072,2.047,-0.1532,0.2952,0.024
up-stairs,3,8377,-0.9553,9.3996,1.8818,-0.1042,0.2603,0.0171
up-stairs,3,8430,-1.0558,9.3326,1.8028,-0.064,0.2992,0.0477
up-stairs,3,8483,-0.9529,9.6606,1.8818,-0.0957,0.2766,0.0354
up-stairs,3,8536,-0.8523,9.651,2.0901,-0.0837,0.3288,0.0125
up-stairs,3,8589,-0.8739,9.4379,2.2266,-0.1335,0.4349,0.0282
up-stairs,3,8642,-1.2091,9.2584,2.1763,-0.2297,0.5191,0.0751
up-stairs,3,8695,-1.2139,9.4164,2.1763,-0.2017,0.4788,0.1018
up-stairs,3,8748,-0.9218,9.6989,2.3296,-0.1889,0.4631,0.0751
up-stairs,3,8801,-0.6105,9.6271,2.4732,-0.1801,0.4514,0.0853
up-stairs,3,8854,-0.6895,9.426,2.4397,-0.219,0.4876,0.1063
up-stairs,3,8907,-0.8332,9.481,2.2673,-0.1825,0.4199,0.0959
up-stairs,3,8960,-0.7925,9.4403,2.3008,-0.0834,0.38,0.0528
up-stairs,3,9013,-0.6105,9.268,2.32,-0.0711,0.3786,0.0258
up-stairs,3,9066,-0.6105,9.4691,2.4181,-0.1585,0.372,0.0624
up-stairs,4,2,-1.4341,9.0932,3.304,0.1935,-0.052,-0.126
up-stairs,4,56,-1.075,9.1363,3.5961,0.2409,-0.0381,-0.1556
up-stairs,4,109,-1.0487,9.1842,3.5602,0.2729,-0.0522,-0.0525
up-stairs,4,162,-1.1157,8.9926,3.2346,0.2678,-0.008,-0.0021
up-stairs,4,215,-1.0654,9.0405,2.976,0.2883,-0.0869,-0.0408
up-stairs,4,268,-0.9242,9.3805,2.8706,0.2862,-0.1724,-0.0677
up-stairs,4,321,-0.996,9.3805,2.6576,0.3008,-0.166,-0.0642
up-stairs,4,374,-1.4222,9.5577,2.6695,0.2427,-0.0954,-0.0981
up-stairs,4,427,-1.8627,10.0126,2.6767,0.1108,-0.0541,-0.1524
up-stairs,4,480,-1.8435,10.0245,2.5379,0.1799,-0.0101,-0.1303
up-stairs,4,533,-1.5897,9.4834,2.2098,0.1391,0.1175,-0.0469
up-stairs,4,586,-1.6903,9.991,1.9632,-0.0906,0.0378,-0.0863
up-stairs,4,639,-2.1021,12.2296,2.4636,-0.3011,0.0549,-0.1537
up-stairs,4,692,-2.1835,13.137,1.8507,-0.3006,0.2454,-0.1319
up-stairs,4,745,-0.9266,9.5002,0.9385,0.4048,0.0903,-0.0338
up-stairs,4,798,0.9553,8.4946,0.1867,0.1178,0.0847,0.1306
up-stairs,4,851,-0.4453,9.8569,1.0271,0.0634,0.3347,0.101
up-stairs,4,904,-0.0359,10.4459,1.3767,0.0749,0.1553,0.1466
up-stairs,4,957,-0.1484,8.3821,1.4868,0.1085,0.2217,0.1212
up-stairs,4,1010,-0.5124,7.999,1.0894,0.0584,0.1836,0.2633
up-stairs,4,1063,-0.4621,7.9942,1.2426,0.1876,-0.0019,0.2395
up-stairs,4,1116,-0.2801,7.9847,1.585,0.1998,-0.1268,0.0128
up-stairs,4,1169,0.3112,8.0732,1.8747,0.126,-0.032,-0.0325
up-stairs,4,1222,0.4381,9.0477,1.8387,-0.1522,0.0621,0.0949
up-stairs,4,1275,-0.1748,10.8769,1.6544,-0.2832,0.1751,0.1063
up-stairs,4,1328,-0.6249,12.548,3.2154,-0.2467,0.0075,-0.1266
up-stairs,4,1381,-0.5028,14.2168,1.8699,-0.3762,-0.3333,-0.2622
up-stairs,4,1434,-1.5155,12.481,1.1109,-0.0576,-0.4383,-0.129
up-stairs,4,1487,-1.1444,8.8466,-0.1748,0.3709,-0.3104,0.0261
up-stairs,4,1540,-1.0104,8.5425,0.3304,0.1343,-0.2734,-0.1479
up-stairs,4,1593,-1.0463,10.568,0.5124,0.1772,-0.1903,-0.2984
up-stairs,4,1646,-0.6584,8.4348,1.2402,-0.0922,-0.2358,-0.1873
up-stairs,4,1699,-1.7669,7.4531,1.1875,-0.1585,0.211,0.0506
up-stairs,4,1752,-1.3719,7.0629,1.0127,0.1087,0.0807,0.0013
up-stairs,4,1805,-0.8284,7.5274,1.2474,0.2292,-0.1103,-0.138
up-stairs,4,1858,-0.9577,8.5473,1.2929,0.1466,-0.1471,-0.0999
up-stairs,4,1911,-1.2929,9.2392,1.3767,0.0634,0.1268,-0.1244
up-stairs,4,1964,-1.3336,9.177,2.0063,-0.1873,0.3595,-0.0786
up-stairs,4,2017,-1.7047,10.1299,1.7789,-0.4788,0.3381,0.0773
up-stairs,4,2070,-2.1668,13.1657,1.0798,-0.5718,0.2129,0.0989
up-stairs,4,2123,-0.9074,11.6047,0.4717,-0.0101,0.0392,-0.0866
up-stairs,4,2176,0.9697,10.173,0.3472,-0.1628,0.4679,0.0685
up-stairs,4,2229,-0.0263,10.7164,-0.4741,-0.372,0.4775,0.1945
up-stairs,4,2282,-0.7422,11.4778,0.589,-0.2164,0.3387,0.0853
up-stairs,4,2335,-0.4717,9.7612,1.1468,0.1895,0.4588,0.036
up-stairs,4,2388,-0.1101,8.8202,1.506,0.0605,0.5081,0.2134
up-stairs,4,2441,-0.3017,7.446,1.0942,0.0306,0.4631,0.3794
up-stairs,4,2494,-0.1484,6.6535,0.8619,0.1167,0.2758,0.255
up-stairs,4,2547,-0.4022,6.7181,1.0558,0.1207,0.1439,0.1087
up-stairs,4,2600,-0.5052,8.6072,1.4078,0.0368,-0.1138,0.0754
up-stairs,4,2653,-0.0455,11.0397,2.0877,0.0131,-0.1346,0.1151
up-stairs,4,2706,0.5243,12.0716,2.6695,-0.2843,0.1343,0.0975
up-stairs,4,2759,0.091,13.5033,1.6783,-0.3885,-0.0221,-0.0115
up-stairs,4,2812,-1.1492,13.0245,1.1133,-0.3435,-0.3381,-0.0938
up-stairs,4,2865,-0.6369,9.9599,-0.1317,0.2086,-0.5979,-0.2382
up-stairs,4,2918,-0.6584,8.9711,-0.1221,0.0461,-0.5151,-0.1791
up-stairs,4,2971,-0.7374,10.5512,0.5962,-0.0272,-0.5116,-0.1988
up-stairs,4,3024,0.2035,9.4667,1.1684,0.0091,-0.3709,-0.1196
up-stairs,4,3077,-0.3879,7.9679,1.3767,0.0749,-0.199,-0.0573
up-stairs,4,3130,-0.7494,7.1922,1.3288,0.0067,0.1601,0.0013
up-stairs,4,3183,-0.2969,7.2185,0.7422,0.1045,-0.1951,0.033
up-stairs,4,3236,-0.3879,7.932,1.4533,0.1034,-0.0402,-0.0115
up-stairs,4,3289,-0.5459,8.8825,1.3838,-0.008,0.2276,0.0067
up-stairs,4,3342,-0.2753,9.3685,2.2434,-0.117,0.3944,0.0786
up-stairs,4,3395,-0.6991,10.1275,1.8699,-0.3584,0.6078,0.1431
up-stairs,4,3448,-2.1644,13.8409,0.4764,-0.3347,0.2673,0.2443
up-stairs,4,3501,-0.2298,12.6414,0.8404,0.4186,-0.0576,0.0341
up-stairs,4,3554,3.2154,9.3398,0.7566,0.3051,0.4434,0.1263
up-stairs,4,3607,1.0894,9.5816,0.0934,-0.5838,0.8855,0.2622
up-stairs,4,3660,-0.4214,12.287,0.7183,-0.4514,0.469,0.121
up-stairs,4,3713,0.7518,8.8969,1.1205,-0.081,0.6451,-0.1985
up-stairs,4,3766,0.1748,8.6574,1.7262,-0.1116,0.5801,-0.0759
up-stairs,4,3819,0.2179,8.1642,1.5802,-0.137,0.3722,0.1148
up-stairs,4,3872,0.3304,7.2544,1.4844,-0.0117,0.1865,0.0429
up-stairs,4,3925,0.0287,6.8115,1.4533,0.049,0.1713,0.0029
up-stairs,4,3978,-0.1676,7.5944,1.8818,0.1463,-0.0847,-0.0328
up-stairs,4,4031,0.316,10.0604,2.3511,0.0693,-0.04,-0.053
up-stairs,4,4084,0.6105,12.4594,3.0191,-0.2158,-0.0703,-0.0059
up-stairs,4,4137,0.2011,14.3485,2.0135,-0.3248,-0.0989,-0.154
up-stairs,4,4190,-0.9122,12.5504,0.3352,-0.0541,-0.5076,-0.3997
up-stairs,4,4243,-1.5299,9.4906,-0.5028,0.4125,-0.7192,-0.466
up-stairs,4,4296,-0.3424,9.4475,0.3974,0.0679,-0.4623,-0.3317
up-stairs,4,4349,-0.4549,9.845,0.5722,-0.1359,-0.6355,-0.3667
up-stairs,4,4402,-0.9984,8.6718,1.154,-0.0834,-0.3008,-0.3104
up-stairs,4,4455,-1.1157,8.0134,0.9888,0.0879,-0.3451,-0.1047
up-stairs,4,4508,-0.9385,7.9296,1.0894,0.1138,-0.3206,-0.1468
up-stairs,4,4561,-0.5531,7.8362,1.3767,0.1482,-0.3605,-0.1223
up-stairs,4,4614,-0.7494,8.2791,1.5921,-0.0434,-0.0759,-0.0536
up-stairs,4,4667,-0.9984,9.1171,1.8148,-0.0536,0.1743,-0.0783
up-stairs,4,4720,-1.1803,9.5433,1.98,-0.2795,0.2353,-0.0794
up-stairs,4,4773,-1.6233,10.0413,2.4756,-0.2699,0.3277,0.0312
up-stairs,4,4826,-2.5283,13.0819,2.1835,-0.5329,0.2257,0.1159
up-stairs,4,4879,-1.5658,13.137,0.4908,-0.0248,-0.1713,-0.1074
up-stairs,4,4932,1.1947,9.6534,0.7829,0.458,0.1412,-0.0762
up-stairs,4,4985,0.7566,9.1698,0.4717,-0.1879,0.5526,0.3477
up-stairs,4,5038,-0.6584,9.8474,0.8619,-0.1974,0.5351,0.3467
up-stairs,4,5091,0.1293,8.2768,1.2737,0.0674,0.4727,-0.0184
up-stairs,4,5144,0.0814,7.829,1.324,-0.0821,0.3323,-0.0088
up-stairs,4,5197,-0.0718,9.5122,1.4533,-0.1511,0.0517,0.1092
up-stairs,4,5250,-0.3615,8.8035,1.5897,0.0997,0.3203,-0.0277
up-stairs,4,5303,0.2251,7.4771,1.8483,0.2521,0.4226,0.0019
up-stairs,4,5356,0.0072,6.4811,1.2785,0.142,0.3277,0.1647
up-stairs,4,5409,-0.0718,8.193,1.6975,-0.0536,0.1559,0.1143
up-stairs,4,5462,-0.2011,11.3605,2.2913,-0.2174,-0.0248,-0.1196
up-stairs,4,5515,-0.1508,12.5863,3.5985,-0.34,-0.0258,-0.3134
up-stairs,4,5568,0.0982,14.0588,2.5977,-0.4986,0.0546,-0.0682
up-stairs,4,5621,-2.2482,12.9502,0.9744,-0.2843,0.0983,-0.1124
up-stairs,4,5674,-2.6264,8.5401,0.0814,0.6648,-0.3866,-0.226
up-stairs,4,5727,-1.0056,8.7508,0.4741,0.0016,-0.4234,-0.2654
up-stairs,4,5780,-1.415,11.0708,0.7087,-0.0594,-0.3762,-0.1087
up-stairs,4,5833,-1.4892,9.5936,1.3767,-0.1402,-0.0498,-0.118
up-stairs,4,5886,-1.6592,7.6638,1.4198,-0.0922,0.0773,-0.0917
up-stairs,4,5939,-1.3001,7.4484,1.154,0.1119,0.1881,-0.0261
up-stairs,4,5992,-0.9266,6.9767,1.1971,0.2273,-0.118,-0.0099
up-stairs,4,6045,-1.3384,7.2808,1.5107,0.2169,-0.2182,-0.0544
up-stairs,4,6098,-1.6903,9.1267,1.8531,0.1079,-0.0661,-0.2465
up-stairs,4,6151,-1.8028,10.6877,2.1141,0.0597,0.2406,-0.2689
up-stairs,4,6204,-2.1021,11.4299,2.3535,-0.4231,0.6574,-0.037
up-stairs,4,6257,-2.3631,13.1154,1.1875,-0.5798,0.7826,0.2385
up-stairs,4,6310,-0.3687,10.8218,0.5794,-0.2401,0.0895,0.0472
up-stairs,4,6363,-0.2035,9.0668,-0.5578,-0.2515,0.1322,0.0498
up-stairs,4,6416,-0.2753,8.5066,0.1149,-0.2467,0.3933,0.3059
up-stairs,4,6469,-0.091,10.0413,0.656,-0.3128,0.0698,0.1535
up-stairs,4,6522,-0.2251,8.2432,0.9625,-0.1879,0.3435,0.0389
up-stairs,4,6575,-0.4238,8.0661,1.3647,-0.2907,0.3134,0.2318
up-stairs,4,6628,-0.2969,8.3701,1.403,-0.3675,0.1039,0.296
up-stairs,4,6681,-0.2969,8.8035,1.743,-0.0975,0.0504,0.0797
up-stairs,4,6734,-0.2705,8.9639,1.9154,-0.0344,0.048,0.0821
up-stairs,4,6787,0.328,8.8538,1.6855,-0.1021,-0.0165,0.1316
up-stairs,4,6840,0.2825,9.1722,1.4078,-0.2593,-0.0717,-0.0152
up-stairs,4,6893,-0.1197,9.8162,1.9752,-0.2342,-0.2633,-0.1319
up-stairs,4,6946,-0.5674,10.3908,2.5426,-0.3163,-0.2547,-0.2252
up-stairs,4,6999,-0.6656,9.3158,2.4876,-0.1428,-0.0312,-0.2164
up-stairs,4,7052,-0.5578,8.8538,2.2577,-0.1018,-0.0165,-0.1164
up-stairs,4,7105,-0.4429,9.4786,2.2697,-0.0797,-0.1972,-0.0735
up-stairs,4,7158,-0.6871,9.517,2.3798,-0.0424,-0.1007,-0.0994
up-stairs,4,7211,-0.6153,9.3733,2.6073,0.0037,0.0272,-0.1037
up-stairs,4,7264,-0.3639,9.3925,2.727,-0.0586,0.0368,-0.0592
up-stairs,4,7317,-0.5555,9.5122,2.6025,-0.0799,0.1252,-0.0147
up-stairs,5,2,-1.1157,9.2751,2.9257,-0.0288,0.1013,0.004
up-stairs,5,56,-1.2019,9.1099,3.0622,-0.0109,0.1903,0.0048
up-stairs,5,109,-1.2186,9.2536,3.0382,-0.0155,0.2033,0.0256
up-stairs,5,162,-0.9649,9.098,2.7581,-0.0248,0.2406,0.0573
up-stairs,5,215,-1.0726,9.3948,2.7294,-0.0208,0.3288,0.0424
up-stairs,5,268,-0.7661,9.4691,2.6408,-0.0554,0.3768,0.0546
up-stairs,5,321,-0.8835,9.4643,2.5211,0.0048,0.3216,0.0621
up-stairs,5,374,-0.6033,9.335,2.2529,0.0847,0.3032,0.1116
up-stairs,5,427,-0.5148,9.1195,2.2673,0.1919,0.3003,0.1231
up-stairs,5,480,0.0718,9.3996,2.2314,0.1719,0.4567,0.1516
up-stairs,5,533,-0.1748,9.663,2.5953,0.1511,0.3381,0.1695
up-stairs,5,586,-0.4621,10.2089,2.818,0.1852,0.36,0.1865
up-stairs,5,639,-0.3926,9.4403,3.0358,0.1929,0.356,0.1998
up-stairs,5,692,-0.3567,9.1004,2.6384,0.1228,0.2108,0.1633
up-stairs,5,745,-0.4525,8.9519,2.3727,0.154,0.0568,0.1343
up-stairs,5,798,-0.17,9.4403,2.3152,0.2675,-0.0085,0.1503
up-stairs,5,851,-0.0407,9.5936,2.5714,0.186,0.1279,0.1596
up-stairs,5,904,0.4022,9.6079,2.4924,0.1455,0.2984,0.1282
up-stairs,5,957,0.2442,9.8761,2.964,-0.0975,0.4016,-0.0053
up-stairs,5,1010,0.3232,10.5058,2.399,-0.3131,0.4255,-0.1188
up-stairs,5,1063,0.0335,11.3437,1.4748,-0.3062,0.0568,-0.1964
up-stairs,5,1116,-0.1365,14.765,3.0454,-0.5465,-0.0349,-0.2864
up-stairs,5,1169,-0.6081,13.5009,2.229,-0.0115,-0.4565,-0.3683
up-stairs,5,1222,-0.759,9.7133,1.6185,0.5436,-0.3938,-0.2252
up-stairs,5,1275,-1.4796,6.4715,-0.1508,0.3293,-0.2689,-0.0077
up-stairs,5,1328,-1.2641,10.5058,0.5243,0.1002,-0.2872,-0.0083
up-stairs,5,1381,-0.5195,10.5417,0.565,0.0693,-0.3323,-0.376
up-stairs,5,1434,-0.8667,8.521,1.5083,0.0112,0.0637,-0.299
up-stairs,5,1487,-1.5443,7.774,1.2785,-0.0322,0.1183,-0.1039
up-stairs,5,1540,-0.8667,7.5609,1.0989,0.2156,-0.029,-0.2233
up-stairs,5,1593,-0.9481,7.6614,1.7047,0.199,-0.0349,-0.1836
up-stairs,5,1646,-1.0271,8.4539,1.7142,0.0837,0.1418,-0.0965
up-stairs,5,1699,-1.4341,9.0716,1.506,0.0168,0.5169,-0.0903
up-stairs,5,1752,-1.9034,9.7013,1.98,-0.158,0.5084,-0.0077
up-stairs,5,1805,-2.1165,11.4227,1.3096,-0.2947,0.7738,0.1378
up-stairs,5,1858,-2.1093,14.0204,0.8308,-0.5103,0.3962,0.0346
up-stairs,5,1911,-0.237,10.5345,0.5842,0.2489,0.2904,0.0663
up-stairs,5,1964,1.1779,8.6933,-0.1221,-0.0613,0.7498,0.1255
up-stairs,5,2017,-0.589,8.4946,0.1939,-0.3203,0.9462,-0.0187
up-stairs,5,2070,-0.1963,11.3054,1.1229,-0.5945,0.0738,0.1855
up-stairs,5,2123,-0.6943,9.2009,1.2474,-0.0799,0.3856,0.0658
up-stairs,5,2176,-0.4573,8.758,1.6712,-0.1047,0.3608,0.15
up-stairs,5,2229,-0.0479,8.4635,1.142,-0.1351,0.2619,0.1042
up-stairs,5,2282,-0.1987,7.7452,1.4509,0.0946,0.1202,0.0003
up-stairs,5,2335,-0.3879,8.0924,1.7813,0.2334,0.2028,0.0282
up-stairs,5,2388,0.0048,8.5258,1.7813,0.0605,0.1055,0.1476
up-stairs,5,2441,-0.261,9.8258,1.7669,-0.1596,0.2958,0.1351
up-stairs,5,2494,-0.2155,11.4994,2.2745,-0.1236,0.0493,-0.0176
up-stairs,5,2547,-0.6536,13.1849,1.4222,-0.3262,-0.2185,-0.2188
up-stairs,5,2600,-1.0678,12.0931,0.1149,0.0338,-0.2553,-0.1911
up-stairs,5,2653,-0.8188,9.1243,0.0168,0.1577,0.1359,-0.1002
up-stairs,5,2706,-1.798,8.0685,-0.0742,-0.0578,-0.1018,-0.1244
up-stairs,5,2759,-1.6544,10.1682,0.4932,-0.2646,-0.1876,-0.1463
up-stairs,5,2812,-1.1971,9.4355,1.2306,-0.1268,-0.2563,-0.1961
up-stairs,5,2865,-1.6376,8.4491,1.403,-0.0954,-0.0386,-0.1215
up-stairs,5,2918,-1.3312,8.1977,1.3886,-0.0498,-0.0786,-0.1202
up-stairs,5,2971,-1.3288,8.6598,1.2594,0.0413,-0.0773,-0.0781
up-stairs,5,3024,-1.0726,8.8729,1.6855,0.0797,0.0346,-0.041
up-stairs,5,3077,-1.4102,9.2081,1.6161,0.1108,0.2102,-0.0075
up-stairs,5,3130,-1.6999,9.505,1.5634,0.0632,0.2555,-0.0083
up-stairs,5,3183,-1.7286,9.8043,2.0734,-0.0759,0.3877,-0.0024
up-stairs,5,3236,-2.1284,10.9894,1.312,-0.3565,0.3549,0.056
up-stairs,5,3289,-1.98,12.8736,1.0702,-0.3301,0.0072,0.0285
up-stairs,5,3342,-0.2777,10.1347,1.0606,0.251,0.3312,-0.0184
up-stairs,5,3395,0.5028,8.6455,0.7398,-0.1569,0.5375,0.1444
up-stairs,5,3448,-0.6201,8.8346,1.1349,-0.1383,0.6696,0.1647
up-stairs,5,3501,-0.6225,10.8409,1.2498,-0.1412,-0.0693,0.1729
up-stairs,5,3554,-0.8021,9.0956,1.4796,0.162,0.0991,0.0509
up-stairs,5,3607,-0.2107,8.2911,1.6831,0.0847,0.0791,0.1964
up-stairs,5,3660,-0.1891,8.3486,1.1444,0.2062,0.2262,0.1567
up-stairs,5,3713,-0.1269,7.2209,1.4676,0.1993,0.2228,0.0605
up-stairs,5,3766,-0.4621,8.0637,1.5874,0.0909,0.2041,-0.0184
up-stairs,5,3819,-0.5698,9.7659,1.5251,0.0288,-0.0482,-0.0394
up-stairs,5,3872,0.2059,11.2695,1.8531,-0.0506,0.4247,-0.1897
up-stairs,5,3925,-0.9002,13.4913,1.6735,-0.0509,0.5351,-0.4586
up-stairs,5,3978,-1.1971,11.959,0.6919,-1.0256,-2.0062,0.1721
up-stairs,5,4031,-1.482,9.2967,-0.9457,0.1522,-0.5305,0.0408
up-stairs,5,4084,-0.9122,9.6869,-0.0982,0.1609,-0.0826,-0.1612
up-stairs,5,4137,-0.6512,10.6111,0.249,-0.1162,-0.3571,-0.1756
up-stairs,5,4190,-1.1588,9.5385,0.9505,-0.2273,0.012,-0.1796
up-stairs,5,4243,-1.7549,8.6359,0.9768,-0.0346,-0.0717,-0.0829
up-stairs,5,4296,-1.4198,8.1714,1.0223,0.0171,-0.0946,-0.2028
up-stairs,5,4349,-1.3288,8.3294,1.3862,-0.0586,-0.1988,-0.2148
up-stairs,5,4402,-1.1133,8.5688,1.3695,-0.0834,-0.0845,-0.1303
up-stairs,5,4455,-1.3264,8.4635,1.7142,0.0858,0.1455,-0.0536
up-stairs,5,4508,-1.3719,8.7005,1.4868,0.0698,0.2268,-0.033
up-stairs,5,4561,-1.798,9.268,1.81,-0.1172,0.3006,-0.04
up-stairs,5,4614,-2.0518,10.7021,1.98,-0.243,0.4322,0.0144
up-stairs,5,4667,-2.4828,12.8066,1.2091,-0.587,0.3166,0.0232
up-stairs,5,4720,-0.9864,10.6015,0.7135,0.0099,0.2233,0.0418
up-stairs,5,4773,1.0702,8.8705,1.0463,-0.0922,0.4229,0.1524
up-stairs,5,4826,-0.5578,9.6367,0.9218,-0.5359,0.7077,0.2936
up-stairs,5,4879,-0.917,10.7595,1.4293,-0.2673,0.3389,0.2102
up-stairs,5,4932,-0.4286,8.8346,1.9417,-0.0568,0.1751,0.0655
up-stairs,5,4985,-0.7015,8.6095,1.8651,-0.02,0.1506,0.1514
up-stairs,5,5038,-0.3687,8.497,1.9321,0.0541,0.121,0.1617
up-stairs,5,5091,-0.1317,7.7381,1.7454,0.2435,0.2092,0.0837
up-stairs,5,5144,-0.2897,7.829,2.1332,0.1689,0.3032,0.0123
up-stairs,5,5197,-0.5124,8.3342,1.6568,0.2044,0.1439,0.0901
up-stairs,5,5250,-0.6728,10.1562,2.2936,0.129,0.1276,0.0986
up-stairs,5,5303,-0.644,11.5736,2.7126,0.052,-0.0408,0.1196
up-stairs,5,5356,-0.8068,12.6127,1.4557,-0.0504,-0.3437,0.0733
up-stairs,5,5409,-0.7183,12.3038,-0.067,-0.0032,-0.5468,0.0592
up-stairs,5,5462,-1.4509,9.6845,-0.8284,0.3477,-0.4959,0.1335
up-stairs,5,5515,-1.1301,9.675,-0.3543,0.0743,-0.6326,-0.0472
up-stairs,5,5568,-1.1516,10.8122,0.0,-0.1343,-0.4916,-0.218
up-stairs,5,5621,-0.9266,9.8306,0.8092,0.0322,-0.3094,-0.1577
up-stairs,5,5674,-1.1636,8.5281,0.9816,-0.1575,-0.3669,-0.0666
up-stairs,5,5727,-0.9242,7.8721,1.0415,-0.0951,-0.2769,-0.1234
up-stairs,5,5780,-0.4525,7.9104,1.1229,0.0584,-0.2081,-0.129
up-stairs,5,5833,-0.3807,8.3055,1.3815,0.0115,0.0456,0.0197
up-stairs,5,5886,-1.221,8.8538,1.5443,-0.0059,0.2262,0.0669
up-stairs,5,5939,-1.5299,9.1363,1.4126,0.0218,0.2531,-0.0605
up-stairs,5,5992,-1.7669,9.6845,2.0255,-0.1647,0.3032,-0.2276
up-stairs,5,6045,-1.5897,12.8617,0.5076,-0.2622,0.404,-0.0735
up-stairs,5,6098,0.0168,11.71,-0.1508,-0.0045,0.2585,0.0091
up-stairs,5,6151,1.1923,10.4315,0.4022,0.0064,0.498,0.0117
up-stairs,5,6204,-0.4357,10.24,-0.1317,-0.3222,0.8759,0.0552
up-stairs,5,6257,-0.2562,11.3533,0.996,-0.1156,0.4128,0.1042
up-stairs,5,6310,0.1389,9.9096,1.2977,-0.1343,0.2862,0.0168
up-stairs,5,6363,-0.4741,8.8729,0.9577,0.0671,0.3224,0.158
up-stairs,5,6416,-0.1484,7.4364,1.0942,0.1364,0.3653,0.2356
up-stairs,5,6469,0.2969,5.9376,0.9457,0.0613,0.2108,0.1308
up-stairs,5,6522,-0.1101,6.7469,1.0391,0.0208,0.0115,0.114
up-stairs,5,6575,-0.6105,9.5337,1.1827,0.1767,-0.0208,0.141
up-stairs,5,6628,0.1987,11.0947,1.5347,0.0349,0.0911,0.0248
up-stairs,5,6681,0.1963,11.7675,2.2098,-0.1007,0.1474,-0.0597
up-stairs,5,6734,-0.4549,12.5408,1.0271,-0.1809,0.0829,-0.2252
up-stairs,5,6787,-1.0678,12.4738,-0.3089,-0.3102,-0.279,-0.3499
up-stairs,5,6840,-0.8619,10.2927,-0.5148,0.2451,-0.3008,-0.2822
up-stairs,5,6893,-0.0886,8.8897,-0.1413,-0.0035,-0.2811,-0.1841
up-stairs,5,6946,-0.8428,9.6989,0.1317,-0.1623,-0.2659,-0.2326
up-stairs,5,6999,-0.9864,9.8138,0.8284,-0.0978,-0.0091,-0.2659
up-stairs,5,7052,-1.0965,8.916,1.2043,-0.0501,-0.0027,-0.1463
up-stairs,5,7105,-1.2689,8.0709,1.1516,0.0621,-0.0474,-0.1276
up-stairs,5,7158,-0.8811,7.7955,1.1133,0.1071,-0.0211,-0.1268
up-stairs,5,7211,-0.7254,8.4563,1.2498,0.1937,0.008,-0.1132
up-stairs,5,7264,-1.4174,8.8921,1.312,0.2366,0.3152,-0.1138
up-stairs,5,7317,-1.2713,8.9998,1.5921,0.2222,0.4159,-0.0847
up-stairs,5,7370,-1.5514,10.0796,1.7813,-0.2316,0.5673,-0.0546
up-stairs,5,7423,-2.5139,11.9112,0.7901,-0.4242,0.6195,0.1583
up-stairs,5,7476,-2.0973,13.5296,0.4908,-0.4293,0.1732,0.0546
up-stairs,5,7529,-0.3424,9.8928,-0.6512,0.3283,0.0051,-0.1905
up-stairs,5,7582,0.5411,7.8147,-1.7382,-0.1935,0.4615,0.1809
up-stairs,5,7635,-0.7039,9.6438,-1.0223,-0.3461,0.4016,0.2513
up-stairs,5,7688,-0.4501,10.228,-0.6823,-0.2009,0.0525,0.0661
up-stairs,5,7741,-0.5722,8.0134,0.431,-0.1239,0.3701,-0.1423
up-stairs,5,7794,-0.395,8.8202,0.5914,-0.5036,0.3214,0.2185
up-stairs,5,7847,-0.1772,9.4355,0.2682,-0.4775,0.1657,0.2166
up-stairs,5,7900,-0.3807,8.9304,0.9577,-0.2947,0.291,0.0751
up-stairs,5,7953,-0.5698,9.232,1.0654,-0.3139,0.2467,0.0056
up-stairs,5,8006,-0.1101,9.0142,1.1684,-0.2084,0.1583,0.0722
up-stairs,5,8059,-0.0287,9.074,1.1995,-0.2217,-0.033,0.1063
up-stairs,5,8112,0.103,9.5122,1.4868,-0.315,-0.1479,0.0807
up-stairs,5,8165,-0.1891,10.0676,1.5969,-0.2968,-0.1825,0.0525
up-stairs,5,8218,-0.7757,9.9886,1.573,-0.1916,-0.064,-0.0083
up-stairs,5,8271,-0.4453,9.4427,1.8531,-0.0733,0.15,-0.0341
up-stairs,5,8324,-0.2873,9.4906,1.7286,-0.2089,0.0674,-0.025
up-stairs,5,8377,-0.7757,9.6965,1.5419,-0.1982,-0.0826,-0.0485
up-stairs,5,8430,-0.5818,9.4595,1.5969,-0.0221,-0.0909,-0.0927
up-stairs,5,8483,-0.3448,9.3039,1.7286,-0.0709,-0.0592,-0.0946
up-stairs,5,8536,-0.6033,9.6007,1.8938,-0.0871,0.0458,-0.0743
up-stairs,5,8589,-0.6129,9.7468,1.8914,-0.0192,0.0011,-0.0746
up-stairs,5,8642,-0.7326,9.4763,1.889,-0.0003,0.0509,-0.081
up-stairs,5,8695,-0.7518,9.6127,1.9992,-0.0354,0.0613,-0.0605
